48rwlqHwPFax0qpVTJ6ZnI,Circulate,Poppy,https://open.spotify.com/track/48rwlqHwPFax0qpVTJ6ZnI,spotify:track:48rwlqHwPFax0qpVTJ6ZnI
0t42g6sUBGhGCJFCs2DhPI,Centralize,Poppy,https://open.spotify.com/track/0t42g6sUBGhGCJFCs2DhPI,spotify:track:0t42g6sUBGhGCJFCs2DhPI
56Wm2j9Dm3MuwKcTWlHlMI,Astriction,Poppy,https://open.spotify.com/track/56Wm2j9Dm3MuwKcTWlHlMI,spotify:track:56Wm2j9Dm3MuwKcTWlHlMI
0d6zAUq73QdfVWtigHv1v9,Thermometer,Poppy,https://open.spotify.com/track/0d6zAUq73QdfVWtigHv1v9,spotify:track:0d6zAUq73QdfVWtigHv1v9
6zQm1XzFTowWyTQnkmPmFE,"The Factory",Poppy,https://open.spotify.com/track/6zQm1XzFTowWyTQnkmPmFE,spotify:track:6zQm1XzFTowWyTQnkmPmFE
7oxMW31l0Rs8upkMxkKhqQ,"Make It Happen",Poppy,https://open.spotify.com/track/7oxMW31l0Rs8upkMxkKhqQ,spotify:track:7oxMW31l0Rs8upkMxkKhqQ
19pfL9ejgcY9h3rcFrDm77,Vehement,Poppy,https://open.spotify.com/track/19pfL9ejgcY9h3rcFrDm77,spotify:track:19pfL9ejgcY9h3rcFrDm77
4Gm186DwWXF4UVyISEf1Ix,1.5_1-askingthe1mpossible.m4p,"Mac Quayle",https://open.spotify.com/track/4Gm186DwWXF4UVyISEf1Ix,spotify:track:4Gm186DwWXF4UVyISEf1Ix
2P5tpQ2k6tKe5byjIZySXM,1.5_2-hackthepolice.mp3,"Mac Quayle",https://open.spotify.com/track/2P5tpQ2k6tKe5byjIZySXM,spotify:track:2P5tpQ2k6tKe5byjIZySXM
2HhfzUWmnSFv9sGYOffSPR,1.5_3-trustyourself.bwf,"Mac Quayle",https://open.spotify.com/track/2HhfzUWmnSFv9sGYOffSPR,spotify:track:2HhfzUWmnSFv9sGYOffSPR
5RANqKMfh01unv00tlYurH,1.5_4-issacsbestmove.bwf,"Mac Quayle",https://open.spotify.com/track/5RANqKMfh01unv00tlYurH,spotify:track:5RANqKMfh01unv00tlYurH
5MWOYvJ2MbdErHR91XJXdI,1.5_5-mybestmove.ra,"Mac Quayle",https://open.spotify.com/track/5MWOYvJ2MbdErHR91XJXdI,spotify:track:5MWOYvJ2MbdErHR91XJXdI
5b8WRyS6VrVcrIK2PDubkD,1.5_6-veraliber4ted.aiff,"Mac Quayle",https://open.spotify.com/track/5b8WRyS6VrVcrIK2PDubkD,spotify:track:5b8WRyS6VrVcrIK2PDubkD
28D298PAUcEOLjzpb0NqfO,1.6_1-v1ew-s0urce.ogg,"Mac Quayle",https://open.spotify.com/track/28D298PAUcEOLjzpb0NqfO,spotify:track:28D298PAUcEOLjzpb0NqfO
5Bvhh1oojQoqkwzL4dLKX8,1.6_2-a-way-out.wav,"Mac Quayle",https://open.spotify.com/track/5Bvhh1oojQoqkwzL4dLKX8,spotify:track:5Bvhh1oojQoqkwzL4dLKX8
79HFMpdcHpLOq6Tpieag9k,1.7_1-consumatesurvivor.caf,"Mac Quayle",https://open.spotify.com/track/79HFMpdcHpLOq6Tpieag9k,spotify:track:79HFMpdcHpLOq6Tpieag9k
6Fu6iX2yakXQUsxcvHNIbV,1.7_2-darlenesgun.aac,"Mac Quayle",https://open.spotify.com/track/6Fu6iX2yakXQUsxcvHNIbV,spotify:track:6Fu6iX2yakXQUsxcvHNIbV
2PEwoUpfHDmcawefDxnSTC,1.7_3-in0urgrasps.ogg,"Mac Quayle",https://open.spotify.com/track/2PEwoUpfHDmcawefDxnSTC,spotify:track:2PEwoUpfHDmcawefDxnSTC
0L0tmtkcgUZL9FynEkyCxy,1.7_4-wh1ter0se.flac,"Mac Quayle",https://open.spotify.com/track/0L0tmtkcgUZL9FynEkyCxy,spotify:track:0L0tmtkcgUZL9FynEkyCxy
3Jw7oOOVKzakVuPZgnse1O,1.7_5-mrrobot&tyrell.wma,"Mac Quayle",https://open.spotify.com/track/3Jw7oOOVKzakVuPZgnse1O,spotify:track:3Jw7oOOVKzakVuPZgnse1O
6ck97LOwSjoVjqzIbwchUd,1.8_1-imcrazy.aiff,"Mac Quayle",https://open.spotify.com/track/6ck97LOwSjoVjqzIbwchUd,spotify:track:6ck97LOwSjoVjqzIbwchUd
6OUdjRmTjOlKfbbJJRe2TZ,1.8_2-mostdangerouscar.m4p,"Mac Quayle",https://open.spotify.com/track/6OUdjRmTjOlKfbbJJRe2TZ,spotify:track:6OUdjRmTjOlKfbbJJRe2TZ
5X2gTRnyVY3GVlRQDnyaLE,1.8_3-ch4ngefromwith1n.au,"Mac Quayle",https://open.spotify.com/track/5X2gTRnyVY3GVlRQDnyaLE,spotify:track:5X2gTRnyVY3GVlRQDnyaLE
18Yn51Ak3R5Av71W8uhaC8,1.8_4-oneconstant.caf,"Mac Quayle",https://open.spotify.com/track/18Yn51Ak3R5Av71W8uhaC8,spotify:track:18Yn51Ak3R5Av71W8uhaC8
4otMfe3cYRBoy8N5cWtR1R,1.9_2-wearefinallyaw4ke.ra,"Mac Quayle",https://open.spotify.com/track/4otMfe3cYRBoy8N5cWtR1R,spotify:track:4otMfe3cYRBoy8N5cWtR1R
2SdVMvoT9q5nUrkRiIriRq,1.9_3-johannaphishes.wav,"Mac Quayle",https://open.spotify.com/track/2SdVMvoT9q5nUrkRiIriRq,spotify:track:2SdVMvoT9q5nUrkRiIriRq
3wMLCW88p5aYZVCnl47DgN,1.9_4-forcerobotshand.sd2,"Mac Quayle",https://open.spotify.com/track/3wMLCW88p5aYZVCnl47DgN,spotify:track:3wMLCW88p5aYZVCnl47DgN
2uJVePj4DZPRxSnn4yanEj,1.9_5-urmygod.ogg,"Mac Quayle",https://open.spotify.com/track/2uJVePj4DZPRxSnn4yanEj,spotify:track:2uJVePj4DZPRxSnn4yanEj
0RaH9QDo38w1yULaXS6ZEK,1.9_6-nothingisreal.ra,"Mac Quayle",https://open.spotify.com/track/0RaH9QDo38w1yULaXS6ZEK,spotify:track:0RaH9QDo38w1yULaXS6ZEK
2fFlmlePz9hrVMv4LvdQxN,1.0_1-hellofriend.wav,"Mac Quayle",https://open.spotify.com/track/2fFlmlePz9hrVMv4LvdQxN,spotify:track:2fFlmlePz9hrVMv4LvdQxN
7a70wyEZ5XhS8MzTU9kIvn,1.0_2-oneincontrol.aiff,"Mac Quayle",https://open.spotify.com/track/7a70wyEZ5XhS8MzTU9kIvn,spotify:track:7a70wyEZ5XhS8MzTU9kIvn
3sdkizwy9pJJABWimxp6Hu,1.0_3-fucksociety.mp3,"Mac Quayle",https://open.spotify.com/track/3sdkizwy9pJJABWimxp6Hu,spotify:track:3sdkizwy9pJJABWimxp6Hu
0CwO1gFI2KnXhsk08BEsA3,1.0_4-m0rphine.aac,"Mac Quayle",https://open.spotify.com/track/0CwO1gFI2KnXhsk08BEsA3,spotify:track:0CwO1gFI2KnXhsk08BEsA3
6YqpmQ4jZjDleWaGJT6VqN,1.0_5-pierreloti.au,"Mac Quayle",https://open.spotify.com/track/6YqpmQ4jZjDleWaGJT6VqN,spotify:track:6YqpmQ4jZjDleWaGJT6VqN
2lJmvslf8xMCbAAEPYgOIM,1.0_6-leavem3here.flac,"Mac Quayle",https://open.spotify.com/track/2lJmvslf8xMCbAAEPYgOIM,spotify:track:2lJmvslf8xMCbAAEPYgOIM
40pngv2aF2b5KuOe35CRYL,1.0_7-waitfortheQ.ogg,"Mac Quayle",https://open.spotify.com/track/40pngv2aF2b5KuOe35CRYL,spotify:track:40pngv2aF2b5KuOe35CRYL
0QmIPFQ3h0yVPgHsfqpy05,1.0_8-whatsyourask.m4p,"Mac Quayle",https://open.spotify.com/track/0QmIPFQ3h0yVPgHsfqpy05,spotify:track:0QmIPFQ3h0yVPgHsfqpy05
2uAlXkY8b9zuIqqeZj1xvS,1.0_9-flipper.bwf,"Mac Quayle",https://open.spotify.com/track/2uAlXkY8b9zuIqqeZj1xvS,spotify:track:2uAlXkY8b9zuIqqeZj1xvS
2xwoIvf9DdRmvZ17tlFUZ4,1.1_1-one6away.caf,"Mac Quayle",https://open.spotify.com/track/2xwoIvf9DdRmvZ17tlFUZ4,spotify:track:2xwoIvf9DdRmvZ17tlFUZ4
6uaNhqAtOI0yGGwlPQuw1k,1.1_2-wearefsociety.sd2,"Mac Quayle",https://open.spotify.com/track/6uaNhqAtOI0yGGwlPQuw1k,spotify:track:6uaNhqAtOI0yGGwlPQuw1k
66LSGgGsvhqvnDP0inq4pw,1.1_3-oneor0.wma,"Mac Quayle",https://open.spotify.com/track/66LSGgGsvhqvnDP0inq4pw,spotify:track:66LSGgGsvhqvnDP0inq4pw
1x3qRbabygHxsZmWZeqPjn,1.1_4-hateurself.ra,"Mac Quayle",https://open.spotify.com/track/1x3qRbabygHxsZmWZeqPjn,spotify:track:1x3qRbabygHxsZmWZeqPjn
0cZrYOVbEF9k7T13PLBFQS,1.1_5-illusionofchoice.mp3,"Mac Quayle",https://open.spotify.com/track/0cZrYOVbEF9k7T13PLBFQS,spotify:track:0cZrYOVbEF9k7T13PLBFQS
2wkatysxDqgZnkceSEuExI,1.1_6-believe-in-erasing.au,"Mac Quayle",https://open.spotify.com/track/2wkatysxDqgZnkceSEuExI,spotify:track:2wkatysxDqgZnkceSEuExI
1Ew2YVSOiIEI7ieTsPhUgn,1.2_1-IwillbeCTO.m4p,"Mac Quayle",https://open.spotify.com/track/1Ew2YVSOiIEI7ieTsPhUgn,spotify:track:1Ew2YVSOiIEI7ieTsPhUgn
4XYn9OXrMQ4pgiNUicvYHb,1.2_2-humanpunchingbag.aiff,"Mac Quayle",https://open.spotify.com/track/4XYn9OXrMQ4pgiNUicvYHb,spotify:track:4XYn9OXrMQ4pgiNUicvYHb
5sZbWnmLV1OmZSOvkSDR7b,1.2_3-therealshayla.wav,"Mac Quayle",https://open.spotify.com/track/5sZbWnmLV1OmZSOvkSDR7b,spotify:track:5sZbWnmLV1OmZSOvkSDR7b
1NB0VSmFdo7Jos0qkJjhwP,1.3_1-Ichosethis.ogg,"Mac Quayle",https://open.spotify.com/track/1NB0VSmFdo7Jos0qkJjhwP,spotify:track:1NB0VSmFdo7Jos0qkJjhwP
3DUP07gEVVyEmcsALXsJfq,1.3_2-everyrev0lution.ra,"Mac Quayle",https://open.spotify.com/track/3DUP07gEVVyEmcsALXsJfq,spotify:track:3DUP07gEVVyEmcsALXsJfq
5IBWKPUeWMQJe6luS3u97K,1.3_3-betterthanm0rphine.aac,"Mac Quayle",https://open.spotify.com/track/5IBWKPUeWMQJe6luS3u97K,spotify:track:5IBWKPUeWMQJe6luS3u97K
6SgzHOsOxk8LIXh5mFWLcQ,1.3_4-allsafevirus.bwf,"Mac Quayle",https://open.spotify.com/track/6SgzHOsOxk8LIXh5mFWLcQ,spotify:track:6SgzHOsOxk8LIXh5mFWLcQ
7fVnqLU7KEFJAXedeKafsa,1.3_5-da3m0nsneverstop.caf,"Mac Quayle",https://open.spotify.com/track/7fVnqLU7KEFJAXedeKafsa,spotify:track:7fVnqLU7KEFJAXedeKafsa
2nZrrXOrzBz8mR8VGAxdUI,1.4_1-squ4rewiththeuniverse.wma,"Mac Quayle",https://open.spotify.com/track/2nZrrXOrzBz8mR8VGAxdUI,spotify:track:2nZrrXOrzBz8mR8VGAxdUI
2O0z8cMBuPnaHkicodw8K5,1.4_2-impenetrable.sd2,"Mac Quayle",https://open.spotify.com/track/2O0z8cMBuPnaHkicodw8K5,spotify:track:2O0z8cMBuPnaHkicodw8K5
56WWfGi9SpDG3My8kD2Gzz,1.4_3-billharper.mp3,"Mac Quayle",https://open.spotify.com/track/56WWfGi9SpDG3My8kD2Gzz,spotify:track:56WWfGi9SpDG3My8kD2Gzz
0GiMTKwdRWhEG4VzDydqPA,1.4_4-exploitingtyrell.wav,"Mac Quayle",https://open.spotify.com/track/0GiMTKwdRWhEG4VzDydqPA,spotify:track:0GiMTKwdRWhEG4VzDydqPA
28vetlZGLBPiKfCHywSMFD,1.4_5-revenge1syourweakn3ss.ra,"Mac Quayle",https://open.spotify.com/track/28vetlZGLBPiKfCHywSMFD,spotify:track:28vetlZGLBPiKfCHywSMFD
6Fjs75nMMBa7d6HDcuvuO8,1.4_6-n0execution.au,"Mac Quayle",https://open.spotify.com/track/6Fjs75nMMBa7d6HDcuvuO8,spotify:track:6Fjs75nMMBa7d6HDcuvuO8
03RoZm6owq47sizWIaNdR5,2.0_1-s4ve-the-w0rld.act,"Mac Quayle",https://open.spotify.com/track/03RoZm6owq47sizWIaNdR5,spotify:track:03RoZm6owq47sizWIaNdR5
1ZHGIIBUqg0aVM2v6hhkIB,2.0_2-FuxSocy.sln,"Mac Quayle",https://open.spotify.com/track/1ZHGIIBUqg0aVM2v6hhkIB,spotify:track:1ZHGIIBUqg0aVM2v6hhkIB
5YiFpoXzvgGE8N6HHmlqpn,2.0_3-j0urnaling.ivs,"Mac Quayle",https://open.spotify.com/track/5YiFpoXzvgGE8N6HHmlqpn,spotify:track:5YiFpoXzvgGE8N6HHmlqpn
3ii47h1BgPhKfydbbV4bqQ,2.0_4-control-1s-an-illusion.amr,"Mac Quayle",https://open.spotify.com/track/3ii47h1BgPhKfydbbV4bqQ,spotify:track:3ii47h1BgPhKfydbbV4bqQ
7rqp8BLUBcGiFuImXBnYmO,2.0_5-infiniteloop0finsanity.vox,"Mac Quayle",https://open.spotify.com/track/7rqp8BLUBcGiFuImXBnYmO,spotify:track:7rqp8BLUBcGiFuImXBnYmO
2gD0OPTqOwwygqH5uaJZt8,2.0_6-madame3xecutioner.oga,"Mac Quayle",https://open.spotify.com/track/2gD0OPTqOwwygqH5uaJZt8,spotify:track:2gD0OPTqOwwygqH5uaJZt8
4N7O2UGBAOpjug7jEtesF2,2.0_7-jester-actual.dss,"Mac Quayle",https://open.spotify.com/track/4N7O2UGBAOpjug7jEtesF2,spotify:track:4N7O2UGBAOpjug7jEtesF2
4gyzPaqXHjSg6XclRGC8pf,2.0_8-confid3nce.dct,"Mac Quayle",https://open.spotify.com/track/4gyzPaqXHjSg6XclRGC8pf,spotify:track:4gyzPaqXHjSg6XclRGC8pf
3F5MIRkVEHsNjCUkXkuZze,2.0_9-unexpectedpresents.m4b,"Mac Quayle",https://open.spotify.com/track/3F5MIRkVEHsNjCUkXkuZze,spotify:track:3F5MIRkVEHsNjCUkXkuZze
3Nz53YbREvJDtHZp8grCX8,2.0_10-masktakesover.sln,"Mac Quayle",https://open.spotify.com/track/3Nz53YbREvJDtHZp8grCX8,spotify:track:3Nz53YbREvJDtHZp8grCX8
0gL6QGqsCB0h98lRcqm0Nc,2.0_11-music-b0x.mmf,"Mac Quayle",https://open.spotify.com/track/0gL6QGqsCB0h98lRcqm0Nc,spotify:track:0gL6QGqsCB0h98lRcqm0Nc
3VUiofYrLhaPsXiDL5lcSl,2.1_1-prisoner-of-paranoia.ivs,"Mac Quayle",https://open.spotify.com/track/3VUiofYrLhaPsXiDL5lcSl,spotify:track:3VUiofYrLhaPsXiDL5lcSl
5JFBATwpD0AglOJEGpzsjI,2.2_1-hidinginplainsight.awb,"Mac Quayle",https://open.spotify.com/track/5JFBATwpD0AglOJEGpzsjI,spotify:track:5JFBATwpD0AglOJEGpzsjI
27j4wQQ34gfGmd8ek5Oe1T,2.2_2-annihil4tion.dct,"Mac Quayle",https://open.spotify.com/track/27j4wQQ34gfGmd8ek5Oe1T,spotify:track:27j4wQQ34gfGmd8ek5Oe1T
06gn3FsggFlyPHUEPPTrxY,2.2_3-existence.opus,"Mac Quayle",https://open.spotify.com/track/06gn3FsggFlyPHUEPPTrxY,spotify:track:06gn3FsggFlyPHUEPPTrxY
6gxRhYvOhp93XHUzMHZUj8,2.2_4-mightbe0wned.tta,"Mac Quayle",https://open.spotify.com/track/6gxRhYvOhp93XHUzMHZUj8,spotify:track:6gxRhYvOhp93XHUzMHZUj8
7c9dHQoJoY7R76MTz1gewi,2.2_5-divinity.iklax,"Mac Quayle",https://open.spotify.com/track/7c9dHQoJoY7R76MTz1gewi,spotify:track:7c9dHQoJoY7R76MTz1gewi
1dcRWH1rezOJCgitTYbnhI,2.3_1-steel-v4lley.webm,"Mac Quayle",https://open.spotify.com/track/1dcRWH1rezOJCgitTYbnhI,spotify:track:1dcRWH1rezOJCgitTYbnhI
3mdCRYcsIvliHjHgJyHUz6,2.3_2-di3with4nswers.dvf,"Mac Quayle",https://open.spotify.com/track/3mdCRYcsIvliHjHgJyHUz6,spotify:track:3mdCRYcsIvliHjHgJyHUz6
1dqR4K3rTFH3FBBqQDuc7m,2.3_3-fuckgutinstinct.act,"Mac Quayle",https://open.spotify.com/track/1dqR4K3rTFH3FBBqQDuc7m,spotify:track:1dqR4K3rTFH3FBBqQDuc7m
7C8eGvc7kKuINOxs42q57O,2.3_4-midland-city.oga,"Mac Quayle",https://open.spotify.com/track/7C8eGvc7kKuINOxs42q57O,spotify:track:7C8eGvc7kKuINOxs42q57O
0CVeIQFwbAmjiIuT0NZuRE,2.3_5-pun1shm3nt.ape,"Mac Quayle",https://open.spotify.com/track/0CVeIQFwbAmjiIuT0NZuRE,spotify:track:0CVeIQFwbAmjiIuT0NZuRE
21XWwB2pDQLnle3Y08ybxy,2.4_1-heartworm.3gp,"Mac Quayle",https://open.spotify.com/track/21XWwB2pDQLnle3Y08ybxy,spotify:track:21XWwB2pDQLnle3Y08ybxy
0TZo6uTvzIgKuU15flUAmd,2.4_2-m4ster-s1ave.msv,"Mac Quayle",https://open.spotify.com/track/0TZo6uTvzIgKuU15flUAmd,spotify:track:0TZo6uTvzIgKuU15flUAmd
3MrATd7EO6dzKBqP0HwWKl,2.5_1-h4ndshake.oga,"Mac Quayle",https://open.spotify.com/track/3MrATd7EO6dzKBqP0HwWKl,spotify:track:3MrATd7EO6dzKBqP0HwWKl
5v5iMxQvLkFkcdyYt6S3PK,2.5_2-being-gods.opus,"Mac Quayle",https://open.spotify.com/track/5v5iMxQvLkFkcdyYt6S3PK,spotify:track:5v5iMxQvLkFkcdyYt6S3PK
213p1RX7jMBSnt5EN3zsBh,2.5_3-nginx.ivs,"Mac Quayle",https://open.spotify.com/track/213p1RX7jMBSnt5EN3zsBh,spotify:track:213p1RX7jMBSnt5EN3zsBh
1mHCr1iUKTPqBSqis5edS2,2.5_4-youaremy4nswer.msv,"Mac Quayle",https://open.spotify.com/track/1mHCr1iUKTPqBSqis5edS2,spotify:track:1mHCr1iUKTPqBSqis5edS2
7MLA1bkIZ96GYzpk4Ar36I,2.5_5-rev0lution.act,"Mac Quayle",https://open.spotify.com/track/7MLA1bkIZ96GYzpk4Ar36I,spotify:track:7MLA1bkIZ96GYzpk4Ar36I
4YycQQUd2IjYvSdEA0MBq6,2.6_1-h1dden-pr0cess.dvf,"Mac Quayle",https://open.spotify.com/track/4YycQQUd2IjYvSdEA0MBq6,spotify:track:4YycQQUd2IjYvSdEA0MBq6
2WH4IW1nUBj2YmBk3nwVLB,2.7_1-init_5.fve,"Mac Quayle",https://open.spotify.com/track/2WH4IW1nUBj2YmBk3nwVLB,spotify:track:2WH4IW1nUBj2YmBk3nwVLB
78LouqyRhRFGGD1t9TR92O,2.7_2-this1sourstop.dss,"Mac Quayle",https://open.spotify.com/track/78LouqyRhRFGGD1t9TR92O,spotify:track:78LouqyRhRFGGD1t9TR92O
7nXFtpyg6buIKpQnH0CuvG,2.8_1-audit0ry-space.tta,"Mac Quayle",https://open.spotify.com/track/7nXFtpyg6buIKpQnH0CuvG,spotify:track:7nXFtpyg6buIKpQnH0CuvG
1Df7KFZte2Dt16qBG9U5o6,2.8_2-ph4se.vox,"Mac Quayle",https://open.spotify.com/track/1Df7KFZte2Dt16qBG9U5o6,spotify:track:1Df7KFZte2Dt16qBG9U5o6
0ivmAcTBBhszYNa2ffoqsE,2.9_1-hardcashfading.mmf,"Mac Quayle",https://open.spotify.com/track/0ivmAcTBBhszYNa2ffoqsE,spotify:track:0ivmAcTBBhszYNa2ffoqsE
0vYo8z5mO73Ffxtx6tgJsL,2.9_2-hang1nthere.dct,"Mac Quayle",https://open.spotify.com/track/0vYo8z5mO73Ffxtx6tgJsL,spotify:track:0vYo8z5mO73Ffxtx6tgJsL
4nXnh2MshiYI3piEUQZFKY,2.9_3-woman0ftime.m4b,"Mac Quayle",https://open.spotify.com/track/4nXnh2MshiYI3piEUQZFKY,spotify:track:4nXnh2MshiYI3piEUQZFKY
1QMtn8hLPZv7jJJxVD4aPS,2.9_4-silentobserver.webm,"Mac Quayle",https://open.spotify.com/track/1QMtn8hLPZv7jJJxVD4aPS,spotify:track:1QMtn8hLPZv7jJJxVD4aPS
4jomGP0lodRSkVUqOxtKQP,2.9_5-pyth0n.sln,"Mac Quayle",https://open.spotify.com/track/4jomGP0lodRSkVUqOxtKQP,spotify:track:4jomGP0lodRSkVUqOxtKQP
4YyCYo25fZXGipjd3uO8DZ,2.9_6-discr33tplace.amr,"Mac Quayle",https://open.spotify.com/track/4YyCYo25fZXGipjd3uO8DZ,spotify:track:4YyCYo25fZXGipjd3uO8DZ
690vLKhbi6gN58iGILC3jO,2.9_7-youPOS.ape,"Mac Quayle",https://open.spotify.com/track/690vLKhbi6gN58iGILC3jO,spotify:track:690vLKhbi6gN58iGILC3jO
44cR7ChJ6noblRXuKYamuS,2.9_8-blueprints.3gp,"Mac Quayle",https://open.spotify.com/track/44cR7ChJ6noblRXuKYamuS,spotify:track:44cR7ChJ6noblRXuKYamuS
2AHNPL1j1VBcOCX0gfgVTy,2.9_9-takeb4ckcontrol.act,"Mac Quayle",https://open.spotify.com/track/2AHNPL1j1VBcOCX0gfgVTy,spotify:track:2AHNPL1j1VBcOCX0gfgVTy
3nTG0Lz9LvUt7FyAJH3aZE,3.0_1-one2blame.orc,"Mac Quayle",https://open.spotify.com/track/3nTG0Lz9LvUt7FyAJH3aZE,spotify:track:3nTG0Lz9LvUt7FyAJH3aZE
0czdNcQrhkdZnlR5kVU5Jf,3.0_2-parallel-universe.psy,"Mac Quayle",https://open.spotify.com/track/0czdNcQrhkdZnlR5kVU5Jf,spotify:track:0czdNcQrhkdZnlR5kVU5Jf
5BlEF5MUf9CcoAVRgpmGsX,3.0_3-black0ut.dmf,"Mac Quayle",https://open.spotify.com/track/5BlEF5MUf9CcoAVRgpmGsX,spotify:track:5BlEF5MUf9CcoAVRgpmGsX
3yHTyGkKJhu8qa9w0gnLTh,3.0_4-initiat3slowd0wn.dts,"Mac Quayle",https://open.spotify.com/track/3yHTyGkKJhu8qa9w0gnLTh,spotify:track:3yHTyGkKJhu8qa9w0gnLTh
6vnzXM6WH4b78kul004qCs,3.0_5-eye0nme.mux,"Mac Quayle",https://open.spotify.com/track/6vnzXM6WH4b78kul004qCs,spotify:track:6vnzXM6WH4b78kul004qCs
5ESH38GzONu8lS8XoYNTSF,3.1_1-undo.gpx,"Mac Quayle",https://open.spotify.com/track/5ESH38GzONu8lS8XoYNTSF,spotify:track:5ESH38GzONu8lS8XoYNTSF
4oUHI3CiYtsZL5fFDX4Ri1,3.1_2-confidentialhumansource.m2,"Mac Quayle",https://open.spotify.com/track/4oUHI3CiYtsZL5fFDX4Ri1,spotify:track:4oUHI3CiYtsZL5fFDX4Ri1
1ww3wj4UvUlLFa0UclAIUt,3.1_3-nicetomeetyou.omg,"Mac Quayle",https://open.spotify.com/track/1ww3wj4UvUlLFa0UclAIUt,spotify:track:1ww3wj4UvUlLFa0UclAIUt
2JB9q7b52rgsRTvRg9lrI0,3.1_4-root@kali.0cc,"Mac Quayle",https://open.spotify.com/track/2JB9q7b52rgsRTvRg9lrI0,spotify:track:2JB9q7b52rgsRTvRg9lrI0
48hZXGEORwYQiwn7DwzZUB,3.1_5-sandbox.dts,"Mac Quayle",https://open.spotify.com/track/48hZXGEORwYQiwn7DwzZUB,spotify:track:48hZXGEORwYQiwn7DwzZUB
2V4F6PU3TluA44PQ2BdWXR,3.2_1-th3-cabin.usf,"Mac Quayle",https://open.spotify.com/track/2V4F6PU3TluA44PQ2BdWXR,spotify:track:2V4F6PU3TluA44PQ2BdWXR
65VcQnFTOCifwvLNVjpsJb,3.2_2-loyal2elli0t.ub,"Mac Quayle",https://open.spotify.com/track/65VcQnFTOCifwvLNVjpsJb,spotify:track:65VcQnFTOCifwvLNVjpsJb
0wqB63oYwj3JAcg6KhrOwv,3.2_3-getpacked.ktp,"Mac Quayle",https://open.spotify.com/track/0wqB63oYwj3JAcg6KhrOwv,spotify:track:0wqB63oYwj3JAcg6KhrOwv
2XtrBGnhh7DvUWX6TYtLRC,3.2_4-legacy.sou,"Mac Quayle",https://open.spotify.com/track/2XtrBGnhh7DvUWX6TYtLRC,spotify:track:2XtrBGnhh7DvUWX6TYtLRC
2fMrHvfyELmsd5ZKHwQuql,3.3_1-metadata.paf,"Mac Quayle",https://open.spotify.com/track/2fMrHvfyELmsd5ZKHwQuql,spotify:track:2fMrHvfyELmsd5ZKHwQuql
3wFCimdhVGe1HIYB5NUKQj,3.3_2-thisisme.trak,"Mac Quayle",https://open.spotify.com/track/3wFCimdhVGe1HIYB5NUKQj,spotify:track:3wFCimdhVGe1HIYB5NUKQj
21C6sAsKlxI0ZOqxxPfiMO,3.3_3-w4lk-aw4y.box,"Mac Quayle",https://open.spotify.com/track/21C6sAsKlxI0ZOqxxPfiMO,spotify:track:21C6sAsKlxI0ZOqxxPfiMO
5So95WYqTNzrZesuigyxoC,3.3_4-donotboreme.dmf,"Mac Quayle",https://open.spotify.com/track/5So95WYqTNzrZesuigyxoC,spotify:track:5So95WYqTNzrZesuigyxoC
6TZK0wWZZVhjcsr29fnsRg,3.3_5-vengeancep4ct.sib,"Mac Quayle",https://open.spotify.com/track/6TZK0wWZZVhjcsr29fnsRg,spotify:track:6TZK0wWZZVhjcsr29fnsRg
2psdPizh5aEtZdJz4qOqAy,3.3_6-foll0wingrob0t.trak,"Mac Quayle",https://open.spotify.com/track/2psdPizh5aEtZdJz4qOqAy,spotify:track:2psdPizh5aEtZdJz4qOqAy
6piGUGXCc26b6FbgtNXSTI,3.3_7-urthegod.mod,"Mac Quayle",https://open.spotify.com/track/6piGUGXCc26b6FbgtNXSTI,spotify:track:6piGUGXCc26b6FbgtNXSTI
5KkCXIS5vWLaQUufR3PCUr,3.4_1-runtime-error.rx2,"Mac Quayle",https://open.spotify.com/track/5KkCXIS5vWLaQUufR3PCUr,spotify:track:5KkCXIS5vWLaQUufR3PCUr
4bBgCp1OomWZnJuZ1CMwEc,3.4_2-updatefailure.rip,"Mac Quayle",https://open.spotify.com/track/4bBgCp1OomWZnJuZ1CMwEc,spotify:track:4bBgCp1OomWZnJuZ1CMwEc
4uS0lX0uRucbuAbKEQe2xg,3.4_3-microaggression.ang,"Mac Quayle",https://open.spotify.com/track/4uS0lX0uRucbuAbKEQe2xg,spotify:track:4uS0lX0uRucbuAbKEQe2xg
7m1gSbWCZiYOrpKE3kIF6c,3.4_4-ri0t.mogg,"Mac Quayle",https://open.spotify.com/track/7m1gSbWCZiYOrpKE3kIF6c,spotify:track:7m1gSbWCZiYOrpKE3kIF6c
1DQ29RF833YHKEqwUO7kKy,3.4_5-internal-4udit-team.usf,"Mac Quayle",https://open.spotify.com/track/1DQ29RF833YHKEqwUO7kKy,spotify:track:1DQ29RF833YHKEqwUO7kKy
4PwtcevPwL7XxeKqUBT98C,3.5_1-alittlepush.ktp,"Mac Quayle",https://open.spotify.com/track/4PwtcevPwL7XxeKqUBT98C,spotify:track:4PwtcevPwL7XxeKqUBT98C
0TYjBzmMUwCHUu663eiZ3o,3.5_2-wheelbarrow.red,"Mac Quayle",https://open.spotify.com/track/0TYjBzmMUwCHUu663eiZ3o,spotify:track:0TYjBzmMUwCHUu663eiZ3o
7tBVVbSsUFj7oy8NMsJ8fp,3.5_3-loc4tion-burnt.m2,"Mac Quayle",https://open.spotify.com/track/7tBVVbSsUFj7oy8NMsJ8fp,spotify:track:7tBVVbSsUFj7oy8NMsJ8fp
0LczocNV5BDHn6Um3Bfwf4,3.5_4-no-stalemate.gpx,"Mac Quayle",https://open.spotify.com/track/0LczocNV5BDHn6Um3Bfwf4,spotify:track:0LczocNV5BDHn6Um3Bfwf4
4uxuL3PK7pJ5Y9VnRJhLYQ,3.5_5-connectionrefused.ub,"Mac Quayle",https://open.spotify.com/track/4uxuL3PK7pJ5Y9VnRJhLYQ,spotify:track:4uxuL3PK7pJ5Y9VnRJhLYQ
0sAJ70kMaZ0gLyK4zWdLie,3.5_6-kill-process.rip,"Mac Quayle",https://open.spotify.com/track/0sAJ70kMaZ0gLyK4zWdLie,spotify:track:0sAJ70kMaZ0gLyK4zWdLie
4oq7aNZXqVSd9LVXWCRiZx,3.5_7-stopthe4ttack.box,"Mac Quayle",https://open.spotify.com/track/4oq7aNZXqVSd9LVXWCRiZx,spotify:track:4oq7aNZXqVSd9LVXWCRiZx
1yPmc4eUqWLVPHoAmppOHw,3.5_8-w3-did-it.sib,"Mac Quayle",https://open.spotify.com/track/1yPmc4eUqWLVPHoAmppOHw,spotify:track:1yPmc4eUqWLVPHoAmppOHw
5ADAZXCYm6V2BKCFtLVIGq,3.5_9-point-of-failure.ang,"Mac Quayle",https://open.spotify.com/track/5ADAZXCYm6V2BKCFtLVIGq,spotify:track:5ADAZXCYm6V2BKCFtLVIGq
4x2cNMacGwDA3WeCjtSl6w,3.6_1-n0-family.mux,"Mac Quayle",https://open.spotify.com/track/4x2cNMacGwDA3WeCjtSl6w,spotify:track:4x2cNMacGwDA3WeCjtSl6w
6IEB5N3kV7QweVcDloazFB,3.6_2-badpunchline.omg,"Mac Quayle",https://open.spotify.com/track/6IEB5N3kV7QweVcDloazFB,spotify:track:6IEB5N3kV7QweVcDloazFB
4WWIwXzOvuJcbiwUXRitNF,3.7_1-dont-delete-me.rx2,"Mac Quayle",https://open.spotify.com/track/4WWIwXzOvuJcbiwUXRitNF,spotify:track:4WWIwXzOvuJcbiwUXRitNF
19zAB0ViDy6A8rkLfQsqDH,3.7_2-october21.bak,"Mac Quayle",https://open.spotify.com/track/19zAB0ViDy6A8rkLfQsqDH,spotify:track:19zAB0ViDy6A8rkLfQsqDH
3WitjMJruug2UXV9E4LZAW,3.7_3-if1werepresident.usf,"Mac Quayle",https://open.spotify.com/track/3WitjMJruug2UXV9E4LZAW,spotify:track:3WitjMJruug2UXV9E4LZAW
600L5m2MQjL3Kq58tItSIL,3.7_4-lollipop.sou,"Mac Quayle",https://open.spotify.com/track/600L5m2MQjL3Kq58tItSIL,spotify:track:600L5m2MQjL3Kq58tItSIL
2YOqdsNse4seBaXSMErSha,3.7_5-eulogy-for-m0bley.rip,"Mac Quayle",https://open.spotify.com/track/2YOqdsNse4seBaXSMErSha,spotify:track:2YOqdsNse4seBaXSMErSha
4wafpk2G520eZuKY04rN8A,3.8_1-cybersecurity.mogg,"Mac Quayle",https://open.spotify.com/track/4wafpk2G520eZuKY04rN8A,spotify:track:4wafpk2G520eZuKY04rN8A
3Nkm8qNDlcVrAro10nyEQE,3.8_2-empty.box,"Mac Quayle",https://open.spotify.com/track/3Nkm8qNDlcVrAro10nyEQE,spotify:track:3Nkm8qNDlcVrAro10nyEQE
4MZyRvYJZI9R7qyolPZKk6,3.8_3-stage3.torrent,"Mac Quayle",https://open.spotify.com/track/4MZyRvYJZI9R7qyolPZKk6,spotify:track:4MZyRvYJZI9R7qyolPZKk6
2MJVzEejEe8bfhp57ooCaU,3.9_1-th3-barn.usf,"Mac Quayle",https://open.spotify.com/track/2MJVzEejEe8bfhp57ooCaU,spotify:track:2MJVzEejEe8bfhp57ooCaU
2vt4OnqUuZw3E9YCCfjKPF,3.9_2-1-was-you.dts,"Mac Quayle",https://open.spotify.com/track/2vt4OnqUuZw3E9YCCfjKPF,spotify:track:2vt4OnqUuZw3E9YCCfjKPF
3QYMI8fq8og5dbVzZlWeuH,3.9_3-wo-ai-ni.0cc,"Mac Quayle",https://open.spotify.com/track/3QYMI8fq8og5dbVzZlWeuH,spotify:track:3QYMI8fq8og5dbVzZlWeuH
6Nfm49fLTzSOTTdamktkIV,"shutdown -r","Mac Quayle",https://open.spotify.com/track/6Nfm49fLTzSOTTdamktkIV,spotify:track:6Nfm49fLTzSOTTdamktkIV
35NyjYJFaJxqbUF2y0jWl1,#1,"Aphex Twin",https://open.spotify.com/track/35NyjYJFaJxqbUF2y0jWl1,spotify:track:35NyjYJFaJxqbUF2y0jWl1
0o3pBoCxCCVF6ungXlgVyL,#2,"Aphex Twin",https://open.spotify.com/track/0o3pBoCxCCVF6ungXlgVyL,spotify:track:0o3pBoCxCCVF6ungXlgVyL
2Bc4llhjJBW77I552RgA3L,#3,"Aphex Twin",https://open.spotify.com/track/2Bc4llhjJBW77I552RgA3L,spotify:track:2Bc4llhjJBW77I552RgA3L
0FxUnU4EjDoDGRiFuVjyBH,#4,"Aphex Twin",https://open.spotify.com/track/0FxUnU4EjDoDGRiFuVjyBH,spotify:track:0FxUnU4EjDoDGRiFuVjyBH
4HBo946zIZAYhyzlZ7hfGo,#5,"Aphex Twin",https://open.spotify.com/track/4HBo946zIZAYhyzlZ7hfGo,spotify:track:4HBo946zIZAYhyzlZ7hfGo
6ucdKYdgqPpt5c7QqPAAN1,#6,"Aphex Twin",https://open.spotify.com/track/6ucdKYdgqPpt5c7QqPAAN1,spotify:track:6ucdKYdgqPpt5c7QqPAAN1
4Rjz6GjnEtG9upOBj6vGKK,#7,"Aphex Twin",https://open.spotify.com/track/4Rjz6GjnEtG9upOBj6vGKK,spotify:track:4Rjz6GjnEtG9upOBj6vGKK
4upOLM0SxXsQp1OW6GhZZK,#8,"Aphex Twin",https://open.spotify.com/track/4upOLM0SxXsQp1OW6GhZZK,spotify:track:4upOLM0SxXsQp1OW6GhZZK
6AiDG8KtDJX9ZZS8fSxWjT,#9,"Aphex Twin",https://open.spotify.com/track/6AiDG8KtDJX9ZZS8fSxWjT,spotify:track:6AiDG8KtDJX9ZZS8fSxWjT
70txB0RmsuMbo5Q1KOBGln,#10,"Aphex Twin",https://open.spotify.com/track/70txB0RmsuMbo5Q1KOBGln,spotify:track:70txB0RmsuMbo5Q1KOBGln
00rqHqrLS3ZZCqRLsMSPXs,#11,"Aphex Twin",https://open.spotify.com/track/00rqHqrLS3ZZCqRLsMSPXs,spotify:track:00rqHqrLS3ZZCqRLsMSPXs
2RAAqoqzKaZ8LvsA6Uxd7W,#12,"Aphex Twin",https://open.spotify.com/track/2RAAqoqzKaZ8LvsA6Uxd7W,spotify:track:2RAAqoqzKaZ8LvsA6Uxd7W
7c4lnS1bSj4fRJWAQ8D54R,#13,"Aphex Twin",https://open.spotify.com/track/7c4lnS1bSj4fRJWAQ8D54R,spotify:track:7c4lnS1bSj4fRJWAQ8D54R
2KhubLGvTQRSmsXLy10JU1,#14,"Aphex Twin",https://open.spotify.com/track/2KhubLGvTQRSmsXLy10JU1,spotify:track:2KhubLGvTQRSmsXLy10JU1
4orZ8nXNp9I3F3wB0mlSNH,#15,"Aphex Twin",https://open.spotify.com/track/4orZ8nXNp9I3F3wB0mlSNH,spotify:track:4orZ8nXNp9I3F3wB0mlSNH
12l5YvRBNHUdUWSIBkxItS,#16,"Aphex Twin",https://open.spotify.com/track/12l5YvRBNHUdUWSIBkxItS,spotify:track:12l5YvRBNHUdUWSIBkxItS
5Ae091FBx68ZZ6JrCue7XI,#17,"Aphex Twin",https://open.spotify.com/track/5Ae091FBx68ZZ6JrCue7XI,spotify:track:5Ae091FBx68ZZ6JrCue7XI
0EF2mNCpYwYZIdgJxAU31D,#18,"Aphex Twin",https://open.spotify.com/track/0EF2mNCpYwYZIdgJxAU31D,spotify:track:0EF2mNCpYwYZIdgJxAU31D
4rBDwVatn86sMwFiSv5a89,#19,"Aphex Twin",https://open.spotify.com/track/4rBDwVatn86sMwFiSv5a89,spotify:track:4rBDwVatn86sMwFiSv5a89
5IExVHUiRccCWyJ4imu9qD,#20,"Aphex Twin",https://open.spotify.com/track/5IExVHUiRccCWyJ4imu9qD,spotify:track:5IExVHUiRccCWyJ4imu9qD
4SdyKZ8aquHh9mrvZ6eWXj,#21,"Aphex Twin",https://open.spotify.com/track/4SdyKZ8aquHh9mrvZ6eWXj,spotify:track:4SdyKZ8aquHh9mrvZ6eWXj
0hkwNfHKMTy1q2upxgHENJ,#22,"Aphex Twin",https://open.spotify.com/track/0hkwNfHKMTy1q2upxgHENJ,spotify:track:0hkwNfHKMTy1q2upxgHENJ
43gZ3o30uy5c2joM7w5qO0,#23,"Aphex Twin",https://open.spotify.com/track/43gZ3o30uy5c2joM7w5qO0,spotify:track:43gZ3o30uy5c2joM7w5qO0
0gZzXPfSknP68aZ5sfyVUH,#24,"Aphex Twin",https://open.spotify.com/track/0gZzXPfSknP68aZ5sfyVUH,spotify:track:0gZzXPfSknP68aZ5sfyVUH
0vX44zL3PihuAXUN8NUMAP,Beyond,"Dr. Jeffrey Thompson",https://open.spotify.com/track/0vX44zL3PihuAXUN8NUMAP,spotify:track:0vX44zL3PihuAXUN8NUMAP
2oFMPYDluAVrtFhYq2jm28,"Before Beyond","Dr. Jeffrey Thompson",https://open.spotify.com/track/2oFMPYDluAVrtFhYq2jm28,spotify:track:2oFMPYDluAVrtFhYq2jm28
6zi4nGpIy4JvvoG5I65LSL,"401.1 Retribution","Mac Quayle",https://open.spotify.com/track/6zi4nGpIy4JvvoG5I65LSL,spotify:track:6zi4nGpIy4JvvoG5I65LSL
4ppk3vxs5O6Uicidz44htb,"401.2 Grand Central","Mac Quayle",https://open.spotify.com/track/4ppk3vxs5O6Uicidz44htb,spotify:track:4ppk3vxs5O6Uicidz44htb
76Bk8RxOYqPptHeoKP4AOn,"401.3 Contractor","Mac Quayle",https://open.spotify.com/track/76Bk8RxOYqPptHeoKP4AOn,spotify:track:76Bk8RxOYqPptHeoKP4AOn
0zJbIvoMlTptbs3hfbsu7J,"401.4 Goodbye, Friend","Mac Quayle",https://open.spotify.com/track/0zJbIvoMlTptbs3hfbsu7J,spotify:track:0zJbIvoMlTptbs3hfbsu7J
0GZITAdAM8RPe8iDrnUOQl,"402.1 Truth About Susan","Mac Quayle",https://open.spotify.com/track/0GZITAdAM8RPe8iDrnUOQl,spotify:track:0GZITAdAM8RPe8iDrnUOQl
1HrWPZJYNgLfWqjFDt5wCG,"402.2 The Other One","Mac Quayle",https://open.spotify.com/track/1HrWPZJYNgLfWqjFDt5wCG,spotify:track:1HrWPZJYNgLfWqjFDt5wCG
68DFUD7Io2jQPX94AI1rdE,"403.1 You're Beautiful","Mac Quayle",https://open.spotify.com/track/68DFUD7Io2jQPX94AI1rdE,spotify:track:68DFUD7Io2jQPX94AI1rdE
1tnLWEyRgqesgzy0xsh14U,"403.2 I'm Crazy Too","Mac Quayle",https://open.spotify.com/track/1tnLWEyRgqesgzy0xsh14U,spotify:track:1tnLWEyRgqesgzy0xsh14U
0nkzZrydRrnT7yhjtxRVvS,"404.1 Wipe Everything","Mac Quayle",https://open.spotify.com/track/0nkzZrydRrnT7yhjtxRVvS,spotify:track:0nkzZrydRrnT7yhjtxRVvS
7mKL6cBSxdXNsuuZ5FxqHq,"404.2 IRC Fantasy","Mac Quayle",https://open.spotify.com/track/7mKL6cBSxdXNsuuZ5FxqHq,spotify:track:7mKL6cBSxdXNsuuZ5FxqHq
3FgTY8XOnyDQ5YEAVFktEn,"404.3 My Sister","Mac Quayle",https://open.spotify.com/track/3FgTY8XOnyDQ5YEAVFktEn,spotify:track:3FgTY8XOnyDQ5YEAVFktEn
2P1BYEOupgqj0A1JHrLUr2,"404.4 Going For A Walk","Mac Quayle",https://open.spotify.com/track/2P1BYEOupgqj0A1JHrLUr2,spotify:track:2P1BYEOupgqj0A1JHrLUr2
4zqhOfIkxLbq0Hf1UVeqc5,"405.1 Distract & Enter","Mac Quayle",https://open.spotify.com/track/4zqhOfIkxLbq0Hf1UVeqc5,spotify:track:4zqhOfIkxLbq0Hf1UVeqc5
5lWs75F0f4fmcS4hSyp3oA,"405.2 Validating Delores","Mac Quayle",https://open.spotify.com/track/5lWs75F0f4fmcS4hSyp3oA,spotify:track:5lWs75F0f4fmcS4hSyp3oA
2eO9QzBF1PDYWckGPr4L7B,"405.3 Thumb CAD","Mac Quayle",https://open.spotify.com/track/2eO9QzBF1PDYWckGPr4L7B,spotify:track:2eO9QzBF1PDYWckGPr4L7B
22R22NBT1pPm6a67qr7flV,"405.4 Red Light Camera","Mac Quayle",https://open.spotify.com/track/22R22NBT1pPm6a67qr7flV,spotify:track:22R22NBT1pPm6a67qr7flV
0DJsxxbqtEhR80aNP7lBdY,"405.5 Server Room Access","Mac Quayle",https://open.spotify.com/track/0DJsxxbqtEhR80aNP7lBdY,spotify:track:0DJsxxbqtEhR80aNP7lBdY
4ofqvcyd6cXtTZbo2rm4fH,"405.6 Exception Schedule","Mac Quayle",https://open.spotify.com/track/4ofqvcyd6cXtTZbo2rm4fH,spotify:track:4ofqvcyd6cXtTZbo2rm4fH
6lEQfWndth0MOZooevjKgR,"405.7 Ziptie Door","Mac Quayle",https://open.spotify.com/track/6lEQfWndth0MOZooevjKgR,spotify:track:6lEQfWndth0MOZooevjKgR
0QcWFUAaqaOskNiPDXelvx,"405.8 Runtime","Mac Quayle",https://open.spotify.com/track/0QcWFUAaqaOskNiPDXelvx,spotify:track:0QcWFUAaqaOskNiPDXelvx
5fmwmvR7nhVW9tWm5gI7oU,"405.9 Jump Drive","Mac Quayle",https://open.spotify.com/track/5fmwmvR7nhVW9tWm5gI7oU,spotify:track:5fmwmvR7nhVW9tWm5gI7oU
5bZLbCktejrKVMRyjqTxGJ,"405.10 Deus Meeting Set","Mac Quayle",https://open.spotify.com/track/5bZLbCktejrKVMRyjqTxGJ,spotify:track:5bZLbCktejrKVMRyjqTxGJ
2aOLpKRERhwi70jR9tbSvY,"406.1 L'il Bitch","Mac Quayle",https://open.spotify.com/track/2aOLpKRERhwi70jR9tbSvY,spotify:track:2aOLpKRERhwi70jR9tbSvY
3rNbam2IDVGcIBdaL44QE3,"406.2 Play The Hero","Mac Quayle",https://open.spotify.com/track/3rNbam2IDVGcIBdaL44QE3,spotify:track:3rNbam2IDVGcIBdaL44QE3
6itJixbsjJKjA6kLQCEp9t,"The Cursed Clock","Nine Inch Nails",https://open.spotify.com/track/6itJixbsjJKjA6kLQCEp9t,spotify:track:6itJixbsjJKjA6kLQCEp9t
6ps4n8Yjza25RbVL2c56CK,"Around Every Corner","Nine Inch Nails",https://open.spotify.com/track/6ps4n8Yjza25RbVL2c56CK,spotify:track:6ps4n8Yjza25RbVL2c56CK
4jWDSwY7ksdUH1yznjQw89,"The Worriment Waltz","Nine Inch Nails",https://open.spotify.com/track/4jWDSwY7ksdUH1yznjQw89,spotify:track:4jWDSwY7ksdUH1yznjQw89
2B44wnYqA2kS240njbc5Wb,"Run Like Hell","Nine Inch Nails",https://open.spotify.com/track/2B44wnYqA2kS240njbc5Wb,spotify:track:2B44wnYqA2kS240njbc5Wb
3h6Aq83xPv9mPPYi6Q31d0,"When It Happens (Don't Mind Me)","Nine Inch Nails",https://open.spotify.com/track/3h6Aq83xPv9mPPYi6Q31d0,spotify:track:3h6Aq83xPv9mPPYi6Q31d0
53asXyK9epDCiB1nShivTt,"Another Crashed Car","Nine Inch Nails",https://open.spotify.com/track/53asXyK9epDCiB1nShivTt,spotify:track:53asXyK9epDCiB1nShivTt
0utwFXyhU59unWIRnZZiwZ,"Temp Fix","Nine Inch Nails",https://open.spotify.com/track/0utwFXyhU59unWIRnZZiwZ,spotify:track:0utwFXyhU59unWIRnZZiwZ
2v70eVes333Y7ABEKRGbU0,"Trust Fades","Nine Inch Nails",https://open.spotify.com/track/2v70eVes333Y7ABEKRGbU0,spotify:track:2v70eVes333Y7ABEKRGbU0
3Z3mLHAZQwWZEg2pfYB6DN,"A Really Bad Night","Nine Inch Nails",https://open.spotify.com/track/3Z3mLHAZQwWZEg2pfYB6DN,spotify:track:3Z3mLHAZQwWZEg2pfYB6DN
0OKqTXZbiF6bprdxpUqATB,"Your New Normal","Nine Inch Nails",https://open.spotify.com/track/0OKqTXZbiF6bprdxpUqATB,spotify:track:0OKqTXZbiF6bprdxpUqATB
4hqP2wxdZYvrC8md1tVq9d,"Just Breathe","Nine Inch Nails",https://open.spotify.com/track/4hqP2wxdZYvrC8md1tVq9d,spotify:track:4hqP2wxdZYvrC8md1tVq9d
3CUTdyN1Xvlq1LXakSjJzg,"Right Behind You","Nine Inch Nails",https://open.spotify.com/track/3CUTdyN1Xvlq1LXakSjJzg,spotify:track:3CUTdyN1Xvlq1LXakSjJzg
5Q5tiOfNfQipmj24rDgXHL,"Turn This Off Please","Nine Inch Nails",https://open.spotify.com/track/5Q5tiOfNfQipmj24rDgXHL,spotify:track:5Q5tiOfNfQipmj24rDgXHL
3iDNGp4NpmZ21VIZMauOqR,"So Tired","Nine Inch Nails",https://open.spotify.com/track/3iDNGp4NpmZ21VIZMauOqR,spotify:track:3iDNGp4NpmZ21VIZMauOqR
1ccQ4PPN2AKYT8ExXY4GVv,"Almost Dawn","Nine Inch Nails",https://open.spotify.com/track/1ccQ4PPN2AKYT8ExXY4GVv,spotify:track:1ccQ4PPN2AKYT8ExXY4GVv
3i7wFFCv5uIXq8la0jvjNi,"Letting Go While Holding On","Nine Inch Nails",https://open.spotify.com/track/3i7wFFCv5uIXq8la0jvjNi,spotify:track:3i7wFFCv5uIXq8la0jvjNi
7iiu6ce9zGfbvs0yBvsZeT,Together,"Nine Inch Nails",https://open.spotify.com/track/7iiu6ce9zGfbvs0yBvsZeT,spotify:track:7iiu6ce9zGfbvs0yBvsZeT
12c5EH0LBo7IM9PlsL305E,"Out In The Open","Nine Inch Nails",https://open.spotify.com/track/12c5EH0LBo7IM9PlsL305E,spotify:track:12c5EH0LBo7IM9PlsL305E
308QTKAITroZ0BCrd6vT2v,"With Faith","Nine Inch Nails",https://open.spotify.com/track/308QTKAITroZ0BCrd6vT2v,spotify:track:308QTKAITroZ0BCrd6vT2v
1ynahsJeZyOXsXv8ndSHbL,Apart,"Nine Inch Nails",https://open.spotify.com/track/1ynahsJeZyOXsXv8ndSHbL,spotify:track:1ynahsJeZyOXsXv8ndSHbL
7n0ZW3l9uDUdUKvnQPsyVV,"Your Touch","Nine Inch Nails",https://open.spotify.com/track/7n0ZW3l9uDUdUKvnQPsyVV,spotify:track:7n0ZW3l9uDUdUKvnQPsyVV
4qobOJfBSSVkUGM2pAJBiX,"Hope We Can Again","Nine Inch Nails",https://open.spotify.com/track/4qobOJfBSSVkUGM2pAJBiX,spotify:track:4qobOJfBSSVkUGM2pAJBiX
3klPNiQxeAqUZrCSQ7uvfS,"Still Right Here","Nine Inch Nails",https://open.spotify.com/track/3klPNiQxeAqUZrCSQ7uvfS,spotify:track:3klPNiQxeAqUZrCSQ7uvfS
5PQwbRGA9CvKh34axK7WwS,"Target Evaluation",Covox,https://open.spotify.com/track/5PQwbRGA9CvKh34axK7WwS,spotify:track:5PQwbRGA9CvKh34axK7WwS
7rCBBizW3n3BdgtK4wHzIq,"Setec Astronomy",Covox,https://open.spotify.com/track/7rCBBizW3n3BdgtK4wHzIq,spotify:track:7rCBBizW3n3BdgtK4wHzIq
1ub864PzMUyKZQYqA7ESpm,Departure,Haezer,https://open.spotify.com/track/1ub864PzMUyKZQYqA7ESpm,spotify:track:1ub864PzMUyKZQYqA7ESpm
3XDBSAlsRAiRbRQdzLbusx,Initiation,Haezer,https://open.spotify.com/track/3XDBSAlsRAiRbRQdzLbusx,spotify:track:3XDBSAlsRAiRbRQdzLbusx
495OVgpUDtI9wiqSiOy6eh,Return,Haezer,https://open.spotify.com/track/495OVgpUDtI9wiqSiOy6eh,spotify:track:495OVgpUDtI9wiqSiOy6eh
5Xu9TK79JJLACYR61OrMv2,"Earth to Barry","Ebenhaezer Smal,Haezer",https://open.spotify.com/track/5Xu9TK79JJLACYR61OrMv2,spotify:track:5Xu9TK79JJLACYR61OrMv2
17u5vGWa1MqaQRVxSjMyQU,"Fried Ambiance","Ebenhaezer Smal,Haezer",https://open.spotify.com/track/17u5vGWa1MqaQRVxSjMyQU,spotify:track:17u5vGWa1MqaQRVxSjMyQU
3AMxFpcNxjjqIx2fRZRJdj,"Abduction 2","Ebenhaezer Smal,Haezer",https://open.spotify.com/track/3AMxFpcNxjjqIx2fRZRJdj,spotify:track:3AMxFpcNxjjqIx2fRZRJdj
4xi6iE6ezhZHe2aATyMokk,"Hey Baby I","Ebenhaezer Smal,Haezer",https://open.spotify.com/track/4xi6iE6ezhZHe2aATyMokk,spotify:track:4xi6iE6ezhZHe2aATyMokk
3wmS3B4lHpEAZFIdqVVNFy,Fallen,"Ebenhaezer Smal,Haezer",https://open.spotify.com/track/3wmS3B4lHpEAZFIdqVVNFy,spotify:track:3wmS3B4lHpEAZFIdqVVNFy
65dQgTRiwmYqsjlP2J4ClK,"Hey Baby II","Ebenhaezer Smal,Haezer",https://open.spotify.com/track/65dQgTRiwmYqsjlP2J4ClK,spotify:track:65dQgTRiwmYqsjlP2J4ClK
2hzLMVlbfPi7yFo2MP7zMB,"Barry Saves Hotdogs","Ebenhaezer Smal,Haezer",https://open.spotify.com/track/2hzLMVlbfPi7yFo2MP7zMB,spotify:track:2hzLMVlbfPi7yFo2MP7zMB
0iMGsctwlYxW68PDwKjMno,"I'm Not Well","Ebenhaezer Smal,Haezer",https://open.spotify.com/track/0iMGsctwlYxW68PDwKjMno,spotify:track:0iMGsctwlYxW68PDwKjMno
0IU37MGazQqspbquZtlsqR,"About to Blow","Ebenhaezer Smal,Haezer",https://open.spotify.com/track/0IU37MGazQqspbquZtlsqR,spotify:track:0IU37MGazQqspbquZtlsqR
3BKNQZG2g5VrmXOx0uNZmk,"Barry Theme","Ebenhaezer Smal,Haezer",https://open.spotify.com/track/3BKNQZG2g5VrmXOx0uNZmk,spotify:track:3BKNQZG2g5VrmXOx0uNZmk
07ahrhIcjQgi1OCkXJZuwr,Torture,"Ebenhaezer Smal,Haezer",https://open.spotify.com/track/07ahrhIcjQgi1OCkXJZuwr,spotify:track:07ahrhIcjQgi1OCkXJZuwr
1sOyl6lImUlnG9VWgChOfM,"The Kids Are Not Alright","Ebenhaezer Smal,Haezer",https://open.spotify.com/track/1sOyl6lImUlnG9VWgChOfM,spotify:track:1sOyl6lImUlnG9VWgChOfM
5tfP6UUISK9rpXyfaGb39x,Trrrrrrrrt,"Ebenhaezer Smal,Haezer",https://open.spotify.com/track/5tfP6UUISK9rpXyfaGb39x,spotify:track:5tfP6UUISK9rpXyfaGb39x
0MlEZEph4ki6XmV7uVsSif,Jfckmn,"Ebenhaezer Smal,Haezer",https://open.spotify.com/track/0MlEZEph4ki6XmV7uVsSif,spotify:track:0MlEZEph4ki6XmV7uVsSif
5F0fAhkTFk39MrFtdtWiaz,"Enter the Box","Ebenhaezer Smal,Haezer",https://open.spotify.com/track/5F0fAhkTFk39MrFtdtWiaz,spotify:track:5F0fAhkTFk39MrFtdtWiaz
08dwi1mkGtcSKS1G2ilUgr,"The Box","Ebenhaezer Smal,Haezer",https://open.spotify.com/track/08dwi1mkGtcSKS1G2ilUgr,spotify:track:08dwi1mkGtcSKS1G2ilUgr
7Lc65WwBRZlpsAwR0R7RXA,"Confused Barry","Ebenhaezer Smal,Haezer",https://open.spotify.com/track/7Lc65WwBRZlpsAwR0R7RXA,spotify:track:7Lc65WwBRZlpsAwR0R7RXA
5udGL9b37AM4zr2X4oL3is,"Barry Dies","Ebenhaezer Smal,Haezer",https://open.spotify.com/track/5udGL9b37AM4zr2X4oL3is,spotify:track:5udGL9b37AM4zr2X4oL3is
0eX1g2TjDGG7L3CSWaqjqe,"Fried Homecoming, Pt. 1","Ebenhaezer Smal,Haezer",https://open.spotify.com/track/0eX1g2TjDGG7L3CSWaqjqe,spotify:track:0eX1g2TjDGG7L3CSWaqjqe
1OXQ86m9srvYWaXd5yp8Ic,"Fried Homecoming, Pt. 2","Ebenhaezer Smal,Haezer",https://open.spotify.com/track/1OXQ86m9srvYWaXd5yp8Ic,spotify:track:1OXQ86m9srvYWaXd5yp8Ic
55SCJqRHMrMcyMYGjuqj9d,Wilt,"Nero Bellum",https://open.spotify.com/track/55SCJqRHMrMcyMYGjuqj9d,spotify:track:55SCJqRHMrMcyMYGjuqj9d
04Gablh6MWTwtnh3jyxnIz,"Crimson Milk","Nero Bellum",https://open.spotify.com/track/04Gablh6MWTwtnh3jyxnIz,spotify:track:04Gablh6MWTwtnh3jyxnIz
2qP954LWtRxNgHgyDXPrFY,Gnarseecyst,"Nero Bellum",https://open.spotify.com/track/2qP954LWtRxNgHgyDXPrFY,spotify:track:2qP954LWtRxNgHgyDXPrFY
2tWVV8KjGEnAKE8ZH5pdRu,"A Disheartening Expression of Chemistry","Nero Bellum",https://open.spotify.com/track/2tWVV8KjGEnAKE8ZH5pdRu,spotify:track:2tWVV8KjGEnAKE8ZH5pdRu
0jpAeQiL2A29vNGEf7T2AH,"Seven and Two","Nero Bellum",https://open.spotify.com/track/0jpAeQiL2A29vNGEf7T2AH,spotify:track:0jpAeQiL2A29vNGEf7T2AH
3RNQ2g80qXFpFLhcMwhP1V,"From Stone to Chapel","Nero Bellum",https://open.spotify.com/track/3RNQ2g80qXFpFLhcMwhP1V,spotify:track:3RNQ2g80qXFpFLhcMwhP1V
2vOn2eNfG7tFsYk3Nljb0H,"Echo Location","Nero Bellum",https://open.spotify.com/track/2vOn2eNfG7tFsYk3Nljb0H,spotify:track:2vOn2eNfG7tFsYk3Nljb0H
11pPQOBKwttu1SS4V7ly01,"What Is In My Blood?","Nero Bellum",https://open.spotify.com/track/11pPQOBKwttu1SS4V7ly01,spotify:track:11pPQOBKwttu1SS4V7ly01
0vMCFNEQDR74ipPxPG2rbq,"Beyond Recognition","Nero Bellum",https://open.spotify.com/track/0vMCFNEQDR74ipPxPG2rbq,spotify:track:0vMCFNEQDR74ipPxPG2rbq
1aQLNNsW80uuWHseyFSYsJ,Chrysanthemum,"Nero Bellum",https://open.spotify.com/track/1aQLNNsW80uuWHseyFSYsJ,spotify:track:1aQLNNsW80uuWHseyFSYsJ
7dovxhhgsghdSrVfnf5k8j,"Another Prayer to Lucifer","Nero Bellum",https://open.spotify.com/track/7dovxhhgsghdSrVfnf5k8j,spotify:track:7dovxhhgsghdSrVfnf5k8j
31mdQY9g2HEQqrUvoWgbAP,"Romance and Warfare","Nero Bellum",https://open.spotify.com/track/31mdQY9g2HEQqrUvoWgbAP,spotify:track:31mdQY9g2HEQqrUvoWgbAP
73J7du867p21xZ9IGvSIkd,"Listless / Leaden","Nero Bellum",https://open.spotify.com/track/73J7du867p21xZ9IGvSIkd,spotify:track:73J7du867p21xZ9IGvSIkd
2ibb5gw7yshAnau7IKa3Zl,"All Feathers Ripped Out","Nero Bellum",https://open.spotify.com/track/2ibb5gw7yshAnau7IKa3Zl,spotify:track:2ibb5gw7yshAnau7IKa3Zl
7Iebh36aWxUojcQ6XkDxpe,Weapon,"Nero Bellum",https://open.spotify.com/track/7Iebh36aWxUojcQ6XkDxpe,spotify:track:7Iebh36aWxUojcQ6XkDxpe
3pRa2sDvJ0GdOePjwfrtqg,"Unsuspecting Disciple","Nero Bellum",https://open.spotify.com/track/3pRa2sDvJ0GdOePjwfrtqg,spotify:track:3pRa2sDvJ0GdOePjwfrtqg
59CJLaiThWq0jIzH4epf0l,"An Angel's Offering","Nero Bellum",https://open.spotify.com/track/59CJLaiThWq0jIzH4epf0l,spotify:track:59CJLaiThWq0jIzH4epf0l
3sBC6GK6iSgGtWPInrvKzS,"The Beauty in Something Broken","Nero Bellum",https://open.spotify.com/track/3sBC6GK6iSgGtWPInrvKzS,spotify:track:3sBC6GK6iSgGtWPInrvKzS
1TisJCOHlXvGDv87C1BlVu,Stranded,"Nero Bellum",https://open.spotify.com/track/1TisJCOHlXvGDv87C1BlVu,spotify:track:1TisJCOHlXvGDv87C1BlVu
1xHRxuvqoBIMWdIFXobJix,"A Candle Once Burned","Nero Bellum",https://open.spotify.com/track/1xHRxuvqoBIMWdIFXobJix,spotify:track:1xHRxuvqoBIMWdIFXobJix
12lp9JampO3xwbhrDVWcHU,"Never Good Enough","Nero Bellum",https://open.spotify.com/track/12lp9JampO3xwbhrDVWcHU,spotify:track:12lp9JampO3xwbhrDVWcHU
2POWH78GBl1QB6g08EGB40,Tula,Tritonal,https://open.spotify.com/track/2POWH78GBl1QB6g08EGB40,spotify:track:2POWH78GBl1QB6g08EGB40
0TqbLNnBQ1gQS2mI4XNXSq,"A Path",Tritonal,https://open.spotify.com/track/0TqbLNnBQ1gQS2mI4XNXSq,spotify:track:0TqbLNnBQ1gQS2mI4XNXSq
3DkBKwksMhHTxJdCZ8YFDT,Submerge,Tritonal,https://open.spotify.com/track/3DkBKwksMhHTxJdCZ8YFDT,spotify:track:3DkBKwksMhHTxJdCZ8YFDT
1Ws2mVOkAY4RfnCnJaPifc,Sadhana,Tritonal,https://open.spotify.com/track/1Ws2mVOkAY4RfnCnJaPifc,spotify:track:1Ws2mVOkAY4RfnCnJaPifc
7EpK40IDNwnATVbbYrPIAI,Nectar,Tritonal,https://open.spotify.com/track/7EpK40IDNwnATVbbYrPIAI,spotify:track:7EpK40IDNwnATVbbYrPIAI
39fffmPbIf3hbJ5Vjn6TvQ,Centered,Tritonal,https://open.spotify.com/track/39fffmPbIf3hbJ5Vjn6TvQ,spotify:track:39fffmPbIf3hbJ5Vjn6TvQ
3IBEuD5xF6OYyGX1adKWIi,"Om Shanti Shanti Shanti",Tritonal,https://open.spotify.com/track/3IBEuD5xF6OYyGX1adKWIi,spotify:track:3IBEuD5xF6OYyGX1adKWIi
02EkDaaNhAUBou7uwU2J4z,Illumined,Tritonal,https://open.spotify.com/track/02EkDaaNhAUBou7uwU2J4z,spotify:track:02EkDaaNhAUBou7uwU2J4z
12XW7s2F1ZMh71MjIkWNSA,Isvara,Tritonal,https://open.spotify.com/track/12XW7s2F1ZMh71MjIkWNSA,spotify:track:12XW7s2F1ZMh71MjIkWNSA
7iC7IcyunPpaBiWoU88J2w,Vessel,Tritonal,https://open.spotify.com/track/7iC7IcyunPpaBiWoU88J2w,spotify:track:7iC7IcyunPpaBiWoU88J2w
5QxRpPcBXywwGf9CL6jtWb,"Between The Gaps",Tritonal,https://open.spotify.com/track/5QxRpPcBXywwGf9CL6jtWb,spotify:track:5QxRpPcBXywwGf9CL6jtWb
0rEAiYxFbJasTUocXr05o8,Lucid,Tritonal,https://open.spotify.com/track/0rEAiYxFbJasTUocXr05o8,spotify:track:0rEAiYxFbJasTUocXr05o8
1J8ZWS9WDZTOYtPvHYo7jn,Gayatri,Tritonal,https://open.spotify.com/track/1J8ZWS9WDZTOYtPvHYo7jn,spotify:track:1J8ZWS9WDZTOYtPvHYo7jn
3X9OzCkGlrxSirZAM79Wgb,Reverence,Tritonal,https://open.spotify.com/track/3X9OzCkGlrxSirZAM79Wgb,spotify:track:3X9OzCkGlrxSirZAM79Wgb
1I2umklyWH4WLvChI2Z2Uv,"The Mourning Sun","Röyksopp,Susanne Sundfør",https://open.spotify.com/track/1I2umklyWH4WLvChI2Z2Uv,spotify:track:1I2umklyWH4WLvChI2Z2Uv
6uEZXa45PvtmXUtc3ByytJ,"There, Beyond The Trees",Röyksopp,https://open.spotify.com/track/6uEZXa45PvtmXUtc3ByytJ,spotify:track:6uEZXa45PvtmXUtc3ByytJ
