1kw5jRWPm8jQ9gAWEPDAKJ,"Baseline Test",1788-L,https://open.spotify.com/track/1kw5jRWPm8jQ9gAWEPDAKJ,spotify:track:1kw5jRWPm8jQ9gAWEPDAKJ
1s7oKuT7720tOM0JSshbMv,"A B Y S S","1788-L,TYNAN",https://open.spotify.com/track/1s7oKuT7720tOM0JSshbMv,spotify:track:1s7oKuT7720tOM0JSshbMv
5u1mRqeDEiNkLee97q458S,Cyberspace,1788-L,https://open.spotify.com/track/5u1mRqeDEiNkLee97q458S,spotify:track:5u1mRqeDEiNkLee97q458S
2sFbhFBeMUqz95SEXbmSOT,Destiny,"1788-L,Blanke",https://open.spotify.com/track/2sFbhFBeMUqz95SEXbmSOT,spotify:track:2sFbhFBeMUqz95SEXbmSOT
2KOCDRe8KFzyhqOIhCE8xZ,"M A L F U N K T","1788-L,Deathpact",https://open.spotify.com/track/2KOCDRe8KFzyhqOIhCE8xZ,spotify:track:2KOCDRe8KFzyhqOIhCE8xZ
1uv0c8dDLoSMDlGNU2psja,Multiverse,"1788-L,4AM",https://open.spotify.com/track/1uv0c8dDLoSMDlGNU2psja,spotify:track:1uv0c8dDLoSMDlGNU2psja
6rXoA0cB6iWGY8LvlY1e8B,Automaton,1788-L,https://open.spotify.com/track/6rXoA0cB6iWGY8LvlY1e8B,spotify:track:6rXoA0cB6iWGY8LvlY1e8B
6BzmrXjhY49eufhSBIRtb4,"Pulsar Beam",1788-L,https://open.spotify.com/track/6BzmrXjhY49eufhSBIRtb4,spotify:track:6BzmrXjhY49eufhSBIRtb4
6xpBvLjxIKYY35Mws966OW,Replica,1788-L,https://open.spotify.com/track/6xpBvLjxIKYY35Mws966OW,spotify:track:6xpBvLjxIKYY35Mws966OW
1vHsacexmDZi57QaCnJCHC,"F U L L / B U R S T","1788-L,totto",https://open.spotify.com/track/1vHsacexmDZi57QaCnJCHC,spotify:track:1vHsacexmDZi57QaCnJCHC
0b8NXKq2ch7XJPRgHboeuq,"F O R C E / I M P U L S E",1788-L,https://open.spotify.com/track/0b8NXKq2ch7XJPRgHboeuq,spotify:track:0b8NXKq2ch7XJPRgHboeuq
4yHoE8ZnPH0nvpLaJlFWMD,"A S T R A Y / R",1788-L,https://open.spotify.com/track/4yHoE8ZnPH0nvpLaJlFWMD,spotify:track:4yHoE8ZnPH0nvpLaJlFWMD
3vRLyfSVxaH6bvPfXFSNVV,"S Y N T H E T I K","1788-L,Slooze",https://open.spotify.com/track/3vRLyfSVxaH6bvPfXFSNVV,spotify:track:3vRLyfSVxaH6bvPfXFSNVV
1dqGtH8XPHI1ZeGHSmmin3,"M A L F U N K T","1788-L,Deathpact",https://open.spotify.com/track/1dqGtH8XPHI1ZeGHSmmin3,spotify:track:1dqGtH8XPHI1ZeGHSmmin3
389YftFp5agM9ve06KL4XO,"W I C K E D","1788-L,josh pan",https://open.spotify.com/track/389YftFp5agM9ve06KL4XO,spotify:track:389YftFp5agM9ve06KL4XO
4CgDKkCYNY7UVFCBp5KSok,"Total All Out Water","Add N To (X)",https://open.spotify.com/track/4CgDKkCYNY7UVFCBp5KSok,spotify:track:4CgDKkCYNY7UVFCBp5KSok
2O0cMevRg39hJg2SKviOTi,"Electric Village","Add N To (X)",https://open.spotify.com/track/2O0cMevRg39hJg2SKviOTi,spotify:track:2O0cMevRg39hJg2SKviOTi
41TxidrByfBk5JtRO2Aw82,"Sheez Mine","Add N To (X)",https://open.spotify.com/track/41TxidrByfBk5JtRO2Aw82,spotify:track:41TxidrByfBk5JtRO2Aw82
14rGTKZ1O1p9rqPbeNdmda,"Invasion Of The Polaroid People","Add N To (X)",https://open.spotify.com/track/14rGTKZ1O1p9rqPbeNdmda,spotify:track:14rGTKZ1O1p9rqPbeNdmda
0jIocrg7bY4nhVp2jpjOsw,"Party Bag","Add N To (X)",https://open.spotify.com/track/0jIocrg7bY4nhVp2jpjOsw,spotify:track:0jIocrg7bY4nhVp2jpjOsw
6tJU1oSJK5DiCtjYfCmHas,"Quantum Leap","Add N To (X)",https://open.spotify.com/track/6tJU1oSJK5DiCtjYfCmHas,spotify:track:6tJU1oSJK5DiCtjYfCmHas
3Y0IwHgOl8uK0rqktrbFNk,"Pink Light","Add N To (X)",https://open.spotify.com/track/3Y0IwHgOl8uK0rqktrbFNk,spotify:track:3Y0IwHgOl8uK0rqktrbFNk
3qEuqNY1ZStzLr2iJuaZFy,"Up The Punks","Add N To (X)",https://open.spotify.com/track/3qEuqNY1ZStzLr2iJuaZFy,spotify:track:3qEuqNY1ZStzLr2iJuaZFy
6M5pckCq5yzlJBClkfwqXk,"Take Me To Your Leader (Make Me Really Happy)","Add N To (X)",https://open.spotify.com/track/6M5pckCq5yzlJBClkfwqXk,spotify:track:6M5pckCq5yzlJBClkfwqXk
15ivP8Wj0Mvcou6ziFxasE,"Lick A Battery (Tongues Across The Terminals)","Add N To (X)",https://open.spotify.com/track/15ivP8Wj0Mvcou6ziFxasE,spotify:track:15ivP8Wj0Mvcou6ziFxasE
2h8lflkTSvCnwpnX9OP7Ic,"U Baby","Add N To (X)",https://open.spotify.com/track/2h8lflkTSvCnwpnX9OP7Ic,spotify:track:2h8lflkTSvCnwpnX9OP7Ic
5TsYNnZKNYFkXyE5hPyYBB,"Large Number","Add N To (X)",https://open.spotify.com/track/5TsYNnZKNYFkXyE5hPyYBB,spotify:track:5TsYNnZKNYFkXyE5hPyYBB
4Ozgc7CilFzYPx9waFgM6V,"All Night Lazy","Add N To (X)",https://open.spotify.com/track/4Ozgc7CilFzYPx9waFgM6V,spotify:track:4Ozgc7CilFzYPx9waFgM6V
4YoBw5jFrUKShSOIBrEuwP,TECHNIQUE,"Aero Chord",https://open.spotify.com/track/4YoBw5jFrUKShSOIBrEuwP,spotify:track:4YoBw5jFrUKShSOIBrEuwP
35F2tdWosmulYdcmsXpQ7x,"Party Never Ends","Alok,Quintino",https://open.spotify.com/track/35F2tdWosmulYdcmsXpQ7x,spotify:track:35F2tdWosmulYdcmsXpQ7x
4ZR5Tm2px0euuzBURqtdQ0,"Uebok Gotta Run - Bassnectar Remix","Apashe,INSTASAMKA,Bassnectar",https://open.spotify.com/track/4ZR5Tm2px0euuzBURqtdQ0,spotify:track:4ZR5Tm2px0euuzBURqtdQ0
5ghzQA5mr81fmImplImVG6,Contour,"Apster,Bassjackers",https://open.spotify.com/track/5ghzQA5mr81fmImplImVG6,spotify:track:5ghzQA5mr81fmImplImVG6
7G3jHyUe4ZKfdTZRvRU5X9,Frequencies,"ATLiens,Black Tiger Sex Machine",https://open.spotify.com/track/7G3jHyUe4ZKfdTZRvRU5X9,spotify:track:7G3jHyUe4ZKfdTZRvRU5X9
6Ey1FCA0Cup96LlHD5WcRz,Church,Baauer,https://open.spotify.com/track/6Ey1FCA0Cup96LlHD5WcRz,spotify:track:6Ey1FCA0Cup96LlHD5WcRz
5Rp0KQiHtqrWMt7GV45yJi,Body,Baauer,https://open.spotify.com/track/5Rp0KQiHtqrWMt7GV45yJi,spotify:track:5Rp0KQiHtqrWMt7GV45yJi
3jkkQnZ4Z69QCqcEl1dodC,Pinku,Baauer,https://open.spotify.com/track/3jkkQnZ4Z69QCqcEl1dodC,spotify:track:3jkkQnZ4Z69QCqcEl1dodC
0EshiQqeA4AZgrRJGO3G8z,Sow,Baauer,https://open.spotify.com/track/0EshiQqeA4AZgrRJGO3G8z,spotify:track:0EshiQqeA4AZgrRJGO3G8z
7FwfjOepTCnaCbc6VgqjPj,"Good & Bad",Baauer,https://open.spotify.com/track/7FwfjOepTCnaCbc6VgqjPj,spotify:track:7FwfjOepTCnaCbc6VgqjPj
0mfqFe3WdJfHDz9TKXUSUw,"Way From Me","Baauer,Tirzah",https://open.spotify.com/track/0mfqFe3WdJfHDz9TKXUSUw,spotify:track:0mfqFe3WdJfHDz9TKXUSUw
5kXhaZiDMBmGZFAfo7Jsc9,"Church Reprise","Baauer,Rustie",https://open.spotify.com/track/5kXhaZiDMBmGZFAfo7Jsc9,spotify:track:5kXhaZiDMBmGZFAfo7Jsc9
0jwK8pO62wUyuuct6sns1o,Aa,Baauer,https://open.spotify.com/track/0jwK8pO62wUyuuct6sns1o,spotify:track:0jwK8pO62wUyuuct6sns1o
7DZDZDswXlku72fhWc75Al,"AETHER - Hex Cougar Remix","Baauer,Hex Cougar",https://open.spotify.com/track/7DZDZDswXlku72fhWc75Al,spotify:track:7DZDZDswXlku72fhWc75Al
6AP6qifbIxpsy09LU4pNaH,"Cantina Boys",Baauer,https://open.spotify.com/track/6AP6qifbIxpsy09LU4pNaH,spotify:track:6AP6qifbIxpsy09LU4pNaH
1yOQ34M02dw5bSLR6Wt3HB,Clang,Baauer,https://open.spotify.com/track/1yOQ34M02dw5bSLR6Wt3HB,spotify:track:1yOQ34M02dw5bSLR6Wt3HB
4QE5kEgNZNXw0IpLDhFobk,GoGo!,Baauer,https://open.spotify.com/track/4QE5kEgNZNXw0IpLDhFobk,spotify:track:4QE5kEgNZNXw0IpLDhFobk
01XFgRZfZI7oBagNf1Loml,"Harlem Shake",Baauer,https://open.spotify.com/track/01XFgRZfZI7oBagNf1Loml,spotify:track:01XFgRZfZI7oBagNf1Loml
20CkKriGLOSWbLtnJx9OvK,"How Can You Tell When It's Done?","Baauer,C.Z.",https://open.spotify.com/track/20CkKriGLOSWbLtnJx9OvK,spotify:track:20CkKriGLOSWbLtnJx9OvK
1QbrVu8XyCGhDUGt98tTTy,"One Touch VIP","Baauer,AlunaGeorge,Rae Sremmurd,Swae Lee",https://open.spotify.com/track/1QbrVu8XyCGhDUGt98tTTy,spotify:track:1QbrVu8XyCGhDUGt98tTTy
0EmPC3UUD03yMsIxUQzWdm,Paauer,Baauer,https://open.spotify.com/track/0EmPC3UUD03yMsIxUQzWdm,spotify:track:0EmPC3UUD03yMsIxUQzWdm
4WXXD1M4nW8n4gdK6WdFmX,PLANCK,Baauer,https://open.spotify.com/track/4WXXD1M4nW8n4gdK6WdFmX,spotify:track:4WXXD1M4nW8n4gdK6WdFmX
0cuEfMweqXtVNzjs2JXztb,PIZZAWALA,Baauer,https://open.spotify.com/track/0cuEfMweqXtVNzjs2JXztb,spotify:track:0cuEfMweqXtVNzjs2JXztb
3c8aLAuCra94xQitaQQVmm,"HOT 44",Baauer,https://open.spotify.com/track/3c8aLAuCra94xQitaQQVmm,spotify:track:3c8aLAuCra94xQitaQQVmm
6VH3Paj6iepqypXUeV8r5l,"COOL ONE SEVEN ONE",Baauer,https://open.spotify.com/track/6VH3Paj6iepqypXUeV8r5l,spotify:track:6VH3Paj6iepqypXUeV8r5l
4rDXrEf3r501uCOmr4ebs9,REMINA,Baauer,https://open.spotify.com/track/4rDXrEf3r501uCOmr4ebs9,spotify:track:4rDXrEf3r501uCOmr4ebs9
1kZIotvPot3KImXFPmoHsD,GROUP,Baauer,https://open.spotify.com/track/1kZIotvPot3KImXFPmoHsD,spotify:track:1kZIotvPot3KImXFPmoHsD
49seiy8BoycuSSyjPPTOGh,"AETHER - Umru RMX",Baauer,https://open.spotify.com/track/49seiy8BoycuSSyjPPTOGh,spotify:track:49seiy8BoycuSSyjPPTOGh
6KGfetWxzcouhqwj6gxRk8,"TRIBAL HIT",Baauer,https://open.spotify.com/track/6KGfetWxzcouhqwj6gxRk8,spotify:track:6KGfetWxzcouhqwj6gxRk8
5WRaQRjkF7M33YCg5Cqqas,"I'M PEAKING HARD",Baauer,https://open.spotify.com/track/5WRaQRjkF7M33YCg5Cqqas,spotify:track:5WRaQRjkF7M33YCg5Cqqas
3FMpyV5dNwt6fKsYzBi4CQ,OHMYJEFF,Baauer,https://open.spotify.com/track/3FMpyV5dNwt6fKsYzBi4CQ,spotify:track:3FMpyV5dNwt6fKsYzBi4CQ
4Eik1SBS6RdiQnm6aqkPLs,"PLANET'S MAD - A. G. Cook RMX","Baauer,A. G. Cook",https://open.spotify.com/track/4Eik1SBS6RdiQnm6aqkPLs,spotify:track:4Eik1SBS6RdiQnm6aqkPLs
5z2CuGYqnx9xpMFf8S3a1X,"AETHER - Skeler RMX",Baauer,https://open.spotify.com/track/5z2CuGYqnx9xpMFf8S3a1X,spotify:track:5z2CuGYqnx9xpMFf8S3a1X
5xKwH9nLc0KNSDDUcWjQYp,"PLANET'S MAD",Baauer,https://open.spotify.com/track/5xKwH9nLc0KNSDDUcWjQYp,spotify:track:5xKwH9nLc0KNSDDUcWjQYp
7L6rpEVs9gz6LbyFjgPrGK,Floreana,Baauer,https://open.spotify.com/track/7L6rpEVs9gz6LbyFjgPrGK,spotify:track:7L6rpEVs9gz6LbyFjgPrGK
4ChYvhCZDKYLFMSv88imW4,Swoopin,Baauer,https://open.spotify.com/track/4ChYvhCZDKYLFMSv88imW4,spotify:track:4ChYvhCZDKYLFMSv88imW4
0OCuKMFXXOq8sx2S7HuCc4,"Silhouette - Feed Me Remix","Bad Computer,Skyelle,Feed Me",https://open.spotify.com/track/0OCuKMFXXOq8sx2S7HuCc4,spotify:track:0OCuKMFXXOq8sx2S7HuCc4
1yNjG9UnHqpG9aueT7cTwg,"Queen Bee","Bandlez,Blunts & Blondes",https://open.spotify.com/track/1yNjG9UnHqpG9aueT7cTwg,spotify:track:1yNjG9UnHqpG9aueT7cTwg
0tNFq5hHTtTBBNrmtihmwq,Drowning,BANKS,https://open.spotify.com/track/0tNFq5hHTtTBBNrmtihmwq,spotify:track:0tNFq5hHTtTBBNrmtihmwq
6iFgPNNc7QGYS8ZyUjIBNV,"Open Your Mind","Bassnectar,YOOKiE",https://open.spotify.com/track/6iFgPNNc7QGYS8ZyUjIBNV,spotify:track:6iFgPNNc7QGYS8ZyUjIBNV
5QRJqjJg9LpuI3UjdpX5G7,"All Colors (feat. Blakkamoore)","Bassnectar,Blakkamoore",https://open.spotify.com/track/5QRJqjJg9LpuI3UjdpX5G7,spotify:track:5QRJqjJg9LpuI3UjdpX5G7
4D3KCCwZn79gTZOj3YraJh,"Rewind The Track (feat. Ashel Seasunz)","Bassnectar,Ashel Seasunz",https://open.spotify.com/track/4D3KCCwZn79gTZOj3YraJh,spotify:track:4D3KCCwZn79gTZOj3YraJh
1wlTX9PcJl9DFK3KM8xquS,"Random Acts Of Kindness",Bassnectar,https://open.spotify.com/track/1wlTX9PcJl9DFK3KM8xquS,spotify:track:1wlTX9PcJl9DFK3KM8xquS
0xgNDyQ4a8Y4CzEpdRfcRI,"Upside Down - Bassnectar & Terravita Remix","Bassnectar,Terravita",https://open.spotify.com/track/0xgNDyQ4a8Y4CzEpdRfcRI,spotify:track:0xgNDyQ4a8Y4CzEpdRfcRI
7jrqdNlJSQ59NqdCXSWVQq,Interlock,"Bassnectar,ATLiens",https://open.spotify.com/track/7jrqdNlJSQ59NqdCXSWVQq,spotify:track:7jrqdNlJSQ59NqdCXSWVQq
7Cdfyv2JJm9DCGQoSrK3d2,"Chasing Heaven","Bassnectar,Levit∆te",https://open.spotify.com/track/7Cdfyv2JJm9DCGQoSrK3d2,spotify:track:7Cdfyv2JJm9DCGQoSrK3d2
39AOpiMtroacsk4fCXNFAY,"Science Fiction","Bassnectar,LUZCID",https://open.spotify.com/track/39AOpiMtroacsk4fCXNFAY,spotify:track:39AOpiMtroacsk4fCXNFAY
1NuP4BdTdMw88S7xZuOvfS,"Blow - 2015 Version",Bassnectar,https://open.spotify.com/track/1NuP4BdTdMw88S7xZuOvfS,spotify:track:1NuP4BdTdMw88S7xZuOvfS
3Vw0MSzRXo8Y7o6miYAHZT,"Dubuasca - 2015 Version","Bassnectar,Kang",https://open.spotify.com/track/3Vw0MSzRXo8Y7o6miYAHZT,spotify:track:3Vw0MSzRXo8Y7o6miYAHZT
5UhSKS9rN0nTRL1UcvPcz0,F.U.N.,"Bassnectar,Seth Drake",https://open.spotify.com/track/5UhSKS9rN0nTRL1UcvPcz0,spotify:track:5UhSKS9rN0nTRL1UcvPcz0
61zj88Yx2MQIclieNlNvd0,Ephemeral,Bassnectar,https://open.spotify.com/track/61zj88Yx2MQIclieNlNvd0,spotify:track:61zj88Yx2MQIclieNlNvd0
7fJZ1S0fglbMBDRYPADZWn,"Hold On (feat. TURSI)","Bassnectar,TURSI",https://open.spotify.com/track/7fJZ1S0fglbMBDRYPADZWn,spotify:track:7fJZ1S0fglbMBDRYPADZWn
1zpHuaLf4BueWdRBwRTMsM,"So Butterfly - 2014 Version",Bassnectar,https://open.spotify.com/track/1zpHuaLf4BueWdRBwRTMsM,spotify:track:1zpHuaLf4BueWdRBwRTMsM
54qHYxTRu3plzBl7jUBpiM,"You & Me (feat. W. Darling) - Champagne Drip Remix","Bassnectar,W. Darling,Champagne Drip",https://open.spotify.com/track/54qHYxTRu3plzBl7jUBpiM,spotify:track:54qHYxTRu3plzBl7jUBpiM
6j943OaUx84yACnpMurHQf,"Arps Of Revolución",Bassnectar,https://open.spotify.com/track/6j943OaUx84yACnpMurHQf,spotify:track:6j943OaUx84yACnpMurHQf
0cazbpQyhNdoXmCDlJzHQb,"The Mothership",Bassnectar,https://open.spotify.com/track/0cazbpQyhNdoXmCDlJzHQb,spotify:track:0cazbpQyhNdoXmCDlJzHQb
44gbF5jrs7bljifR1X8ECK,"Irresistible Force","Bassnectar,Hailo",https://open.spotify.com/track/44gbF5jrs7bljifR1X8ECK,spotify:track:44gbF5jrs7bljifR1X8ECK
4Sz29Rjq1t2jTCJscqrE8i,"Dive (feat. RD)","Bassnectar,RD",https://open.spotify.com/track/4Sz29Rjq1t2jTCJscqrE8i,spotify:track:4Sz29Rjq1t2jTCJscqrE8i
1Yfr2DngmSx4brdd4nMTMV,"Illusion (feat. Born I)","Bassnectar,PEEKABOO,Born I",https://open.spotify.com/track/1Yfr2DngmSx4brdd4nMTMV,spotify:track:1Yfr2DngmSx4brdd4nMTMV
5bYh4GtBwIh5SnJ02dbhx5,"It's About To Get Hectic (feat. Born I)","Bassnectar,Jantsen,Born I",https://open.spotify.com/track/5bYh4GtBwIh5SnJ02dbhx5,spotify:track:5bYh4GtBwIh5SnJ02dbhx5
26B7DrPzc6uCmYOqYkQTXl,Undercover,Bassnectar,https://open.spotify.com/track/26B7DrPzc6uCmYOqYkQTXl,spotify:track:26B7DrPzc6uCmYOqYkQTXl
50cZdLuVR3jEmLExZxGESH,"Take You Down",Bassnectar,https://open.spotify.com/track/50cZdLuVR3jEmLExZxGESH,spotify:track:50cZdLuVR3jEmLExZxGESH
5t4geUJoijpPypk27ForFc,"Take You Down - West Coast Lo Fi Remix",Bassnectar,https://open.spotify.com/track/5t4geUJoijpPypk27ForFc,spotify:track:5t4geUJoijpPypk27ForFc
69a3Qe4ENBg9FrRDlz9tsx,Timestretch,Bassnectar,https://open.spotify.com/track/69a3Qe4ENBg9FrRDlz9tsx,spotify:track:69a3Qe4ENBg9FrRDlz9tsx
56rOkP9wTPP0PvmsJDNrkB,"Reaching Out",Bassnectar,https://open.spotify.com/track/56rOkP9wTPP0PvmsJDNrkB,spotify:track:56rOkP9wTPP0PvmsJDNrkB
6SxvMVmEqE3P8H8j6dMCoO,"Dream Catcher","Bassnectar,Gnar Gnar",https://open.spotify.com/track/6SxvMVmEqE3P8H8j6dMCoO,spotify:track:6SxvMVmEqE3P8H8j6dMCoO
02qYMr0qniY3Rd5Xj76l0O,"Journey To The Center",Bassnectar,https://open.spotify.com/track/02qYMr0qniY3Rd5Xj76l0O,spotify:track:02qYMr0qniY3Rd5Xj76l0O
0efvQZStXyNSysiVw5Cl1V,"Vava Voom","Bassnectar,Lupe Fiasco",https://open.spotify.com/track/0efvQZStXyNSysiVw5Cl1V,spotify:track:0efvQZStXyNSysiVw5Cl1V
4d5nfasc9GwnHqJ0IIbCes,"Do It Like This","Bassnectar,ill.gates",https://open.spotify.com/track/4d5nfasc9GwnHqJ0IIbCes,spotify:track:4d5nfasc9GwnHqJ0IIbCes
147MCapoGJqNBIP7IA6w3I,"Hot Right Now - Bassnectar Remix","Bassnectar,Amp Live",https://open.spotify.com/track/147MCapoGJqNBIP7IA6w3I,spotify:track:147MCapoGJqNBIP7IA6w3I
0pkDaFdpiTf3YXevNwGJZ2,"Wildstyle Method",Bassnectar,https://open.spotify.com/track/0pkDaFdpiTf3YXevNwGJZ2,spotify:track:0pkDaFdpiTf3YXevNwGJZ2
2mHnOX5uBg1n2aQN7UT8lK,"The 808 Track (feat. Mighty High Coup)","Bassnectar,Mighty High Coup",https://open.spotify.com/track/2mHnOX5uBg1n2aQN7UT8lK,spotify:track:2mHnOX5uBg1n2aQN7UT8lK
3vnTn5XmhQ9vFQgHNvbb7Q,"Underwater (feat. Tina Malia)","Bassnectar,Tina Malia",https://open.spotify.com/track/3vnTn5XmhQ9vFQgHNvbb7Q,spotify:track:3vnTn5XmhQ9vFQgHNvbb7Q
5HqYJrT2aTVmGOez6K4baQ,"Breed - Original Mix","Beatman,Hyper,Ludmilla",https://open.spotify.com/track/5HqYJrT2aTVmGOez6K4baQ,spotify:track:5HqYJrT2aTVmGOez6K4baQ
2sKTYRCgUHXmIhI2hoBuZE,"When I Get There","Big Wild",https://open.spotify.com/track/2sKTYRCgUHXmIhI2hoBuZE,spotify:track:2sKTYRCgUHXmIhI2hoBuZE
4lexsfNZdmFr7zJqevrPca,Deathstalker,"Black Tiger Sex Machine,YOOKiE",https://open.spotify.com/track/4lexsfNZdmFr7zJqevrPca,spotify:track:4lexsfNZdmFr7zJqevrPca
69651YACCwCWwrGWr5N6LH,"Face Down feat. Panther","Black Tiger Sex Machine,Panther",https://open.spotify.com/track/69651YACCwCWwrGWr5N6LH,spotify:track:69651YACCwCWwrGWr5N6LH
6u1uPApmumOqW96tmQB8R5,Frequencies,"Black Tiger Sex Machine,ATLiens",https://open.spotify.com/track/6u1uPApmumOqW96tmQB8R5,spotify:track:6u1uPApmumOqW96tmQB8R5
1Ipo7AQ2vWCoCjkSTxGEMX,"Front Man","Black Tiger Sex Machine,ATLiens",https://open.spotify.com/track/1Ipo7AQ2vWCoCjkSTxGEMX,spotify:track:1Ipo7AQ2vWCoCjkSTxGEMX
63WRp7bKZm7Z7q2i9eo7A2,Prayers,"Black Tiger Sex Machine,Kai Wachi,Wasiu",https://open.spotify.com/track/63WRp7bKZm7Z7q2i9eo7A2,spotify:track:63WRp7bKZm7Z7q2i9eo7A2
1kALNZGIUYM6QADyJBVuxa,Doomsday,"Black Tiger Sex Machine,Macntaj",https://open.spotify.com/track/1kALNZGIUYM6QADyJBVuxa,spotify:track:1kALNZGIUYM6QADyJBVuxa
69oq6Nhf41kd4yuiNUj3y4,"Strange Creatures","Black Tiger Sex Machine",https://open.spotify.com/track/69oq6Nhf41kd4yuiNUj3y4,spotify:track:69oq6Nhf41kd4yuiNUj3y4
1sSOVFG39oxhTtpM9D1psu,"Let's Get It","Black Tiger Sex Machine",https://open.spotify.com/track/1sSOVFG39oxhTtpM9D1psu,spotify:track:1sSOVFG39oxhTtpM9D1psu
1Vbd3R1JwyQLBV0BISnIXd,KILLZONE,"Black Tiger Sex Machine",https://open.spotify.com/track/1Vbd3R1JwyQLBV0BISnIXd,spotify:track:1Vbd3R1JwyQLBV0BISnIXd
4aPeNheBcPiJwAih7TCqcG,"Hell Motel","Black Tiger Sex Machine",https://open.spotify.com/track/4aPeNheBcPiJwAih7TCqcG,spotify:track:4aPeNheBcPiJwAih7TCqcG
2u9Si0vB6Tx02B68TcAHGF,"Let's Get It","Black Tiger Sex Machine",https://open.spotify.com/track/2u9Si0vB6Tx02B68TcAHGF,spotify:track:2u9Si0vB6Tx02B68TcAHGF
1yshznei7Bm0DcHiCA9OUr,Lions,"Black Tiger Sex Machine,YOOKiE",https://open.spotify.com/track/1yshznei7Bm0DcHiCA9OUr,spotify:track:1yshznei7Bm0DcHiCA9OUr
34M1eoQDDoYHT4qN3tIZDc,Madness,"Black Tiger Sex Machine,Sullivan King",https://open.spotify.com/track/34M1eoQDDoYHT4qN3tIZDc,spotify:track:34M1eoQDDoYHT4qN3tIZDc
7yVpmuU9YrqiLswvvv7157,Mountains,"Black Tiger Sex Machine",https://open.spotify.com/track/7yVpmuU9YrqiLswvvv7157,spotify:track:7yVpmuU9YrqiLswvvv7157
6Ytdv9pEdBWdVfo1my1Ud8,"Zombie feat. Panther","Black Tiger Sex Machine,Panther",https://open.spotify.com/track/6Ytdv9pEdBWdVfo1my1Ud8,spotify:track:6Ytdv9pEdBWdVfo1my1Ud8
5qk5k1eyxR4CHfCtIDczOQ,"Lions feat. YOOKiE","Black Tiger Sex Machine,YOOKiE",https://open.spotify.com/track/5qk5k1eyxR4CHfCtIDczOQ,spotify:track:5qk5k1eyxR4CHfCtIDczOQ
02OJzHDMZjZGMclUi7uQat,War,"Black Tiger Sex Machine",https://open.spotify.com/track/02OJzHDMZjZGMclUi7uQat,spotify:track:02OJzHDMZjZGMclUi7uQat
72M5IT8QTBnqMXI2pe6BMx,"Artificial Intelligence","Black Tiger Sex Machine",https://open.spotify.com/track/72M5IT8QTBnqMXI2pe6BMx,spotify:track:72M5IT8QTBnqMXI2pe6BMx
33crpTxhUzdR2iKaxfHLXV,"Replicants feat. Apashe","Black Tiger Sex Machine,Apashe",https://open.spotify.com/track/33crpTxhUzdR2iKaxfHLXV,spotify:track:33crpTxhUzdR2iKaxfHLXV
1V6uga5yswOZzsvF5G1slh,Beast,"Black Tiger Sex Machine",https://open.spotify.com/track/1V6uga5yswOZzsvF5G1slh,spotify:track:1V6uga5yswOZzsvF5G1slh
3sCtI5oAoXGghMpUkOKo6e,"Death feat. Lektrique","Black Tiger Sex Machine,Lektrique",https://open.spotify.com/track/3sCtI5oAoXGghMpUkOKo6e,spotify:track:3sCtI5oAoXGghMpUkOKo6e
7GjpKyyvIWtMy9s736Odvc,"Beast - HVDES Remix","Black Tiger Sex Machine,HVDES",https://open.spotify.com/track/7GjpKyyvIWtMy9s736Odvc,spotify:track:7GjpKyyvIWtMy9s736Odvc
6PO2MSBsOEIvusLsKk3Oby,Replicants,"Black Tiger Sex Machine,Apashe",https://open.spotify.com/track/6PO2MSBsOEIvusLsKk3Oby,spotify:track:6PO2MSBsOEIvusLsKk3Oby
5MfLKLR6aZSUxYxOJOCtWv,"Rezorecta VIP","Black Tiger Sex Machine",https://open.spotify.com/track/5MfLKLR6aZSUxYxOJOCtWv,spotify:track:5MfLKLR6aZSUxYxOJOCtWv
5iB761X3TeqOC9crMrKIrf,Snakes,"Black Tiger Sex Machine,YOOKiE",https://open.spotify.com/track/5iB761X3TeqOC9crMrKIrf,spotify:track:5iB761X3TeqOC9crMrKIrf
2WrsyX16aiu9focfNgYTJV,"Run The City","Blunts & Blondes",https://open.spotify.com/track/2WrsyX16aiu9focfNgYTJV,spotify:track:2WrsyX16aiu9focfNgYTJV
5dCr48pEA0x0JJ04RiyEKF,"Smoke Break","Blunts & Blondes",https://open.spotify.com/track/5dCr48pEA0x0JJ04RiyEKF,spotify:track:5dCr48pEA0x0JJ04RiyEKF
0f0Gowe1S2U5r1ajXRSCV2,"Take A Hit","Blunts & Blondes",https://open.spotify.com/track/0f0Gowe1S2U5r1ajXRSCV2,spotify:track:0f0Gowe1S2U5r1ajXRSCV2
29g9MT7xGFGbLJ56ttGt4T,"Bad Motha - Smooth Move Remix","Boogie T,Whiskers,Smooth Move",https://open.spotify.com/track/29g9MT7xGFGbLJ56ttGt4T,spotify:track:29g9MT7xGFGbLJ56ttGt4T
769bNuZcsYjfEnBFg254H8,"Bad Motha - Wake the Night Remix","Boogie T,Whiskers,Wake The Night",https://open.spotify.com/track/769bNuZcsYjfEnBFg254H8,spotify:track:769bNuZcsYjfEnBFg254H8
7vVlDWyAKsIQp4mvJqEgDx,"Don't Fear The Reefer","Boogie T",https://open.spotify.com/track/7vVlDWyAKsIQp4mvJqEgDx,spotify:track:7vVlDWyAKsIQp4mvJqEgDx
7ht8B6G89HluBPiApVGtv4,"Get Down The Clown","Boogie T",https://open.spotify.com/track/7ht8B6G89HluBPiApVGtv4,spotify:track:7ht8B6G89HluBPiApVGtv4
6SyXvNvF6NXAuidY5IboGW,"Tommy Knocker","Boogie T,Dirt Monkey",https://open.spotify.com/track/6SyXvNvF6NXAuidY5IboGW,spotify:track:6SyXvNvF6NXAuidY5IboGW
1w4P729vqIe0EKL9Mg8Y3h,"Swamp Ting","Boogie T,Father Funk",https://open.spotify.com/track/1w4P729vqIe0EKL9Mg8Y3h,spotify:track:1w4P729vqIe0EKL9Mg8Y3h
0glXBMmeDOfnYnwmg35Nu7,"Mash It Up","Boogie T,Conrank",https://open.spotify.com/track/0glXBMmeDOfnYnwmg35Nu7,spotify:track:0glXBMmeDOfnYnwmg35Nu7
5RAmwjg1kd8zrRM5h8hkaI,"Box Beat","Boogie T,Dirt Monkey,Honeycomb",https://open.spotify.com/track/5RAmwjg1kd8zrRM5h8hkaI,spotify:track:5RAmwjg1kd8zrRM5h8hkaI
28dkjDxyActwKZJqY9vpQB,"Ole Possum","Boogie T,bàwldy",https://open.spotify.com/track/28dkjDxyActwKZJqY9vpQB,spotify:track:28dkjDxyActwKZJqY9vpQB
3UIKG58CTy6ITbOMSN4SQv,Money,"Boogie T",https://open.spotify.com/track/3UIKG58CTy6ITbOMSN4SQv,spotify:track:3UIKG58CTy6ITbOMSN4SQv
41pKVe9rpIEpan9AlDAsds,"Mouth Orchestra","Boogie T",https://open.spotify.com/track/41pKVe9rpIEpan9AlDAsds,spotify:track:41pKVe9rpIEpan9AlDAsds
2QeJJUJAbtBroi8QmlPEXA,"Senpai - HE$H x Bommer Remix","Boogie T,Subtronics,HE$H,Bommer",https://open.spotify.com/track/2QeJJUJAbtBroi8QmlPEXA,spotify:track:2QeJJUJAbtBroi8QmlPEXA
48VrqVbakMyggDMhHAdGKP,"Senpai - L.U.X Remix","Boogie T,Subtronics,L.U.X",https://open.spotify.com/track/48VrqVbakMyggDMhHAdGKP,spotify:track:48VrqVbakMyggDMhHAdGKP
0qNl3TYeofPSRrTwPeHUpd,Silver,"Boogie T",https://open.spotify.com/track/0qNl3TYeofPSRrTwPeHUpd,spotify:track:0qNl3TYeofPSRrTwPeHUpd
0Wwzm80Zcb5RHLtKRQpzqt,"Raven Master","Boogie T",https://open.spotify.com/track/0Wwzm80Zcb5RHLtKRQpzqt,spotify:track:0Wwzm80Zcb5RHLtKRQpzqt
2zNgByt8J160D4Rf9sB1G4,"Supa Fly","Boogie T,GRiZ",https://open.spotify.com/track/2zNgByt8J160D4Rf9sB1G4,spotify:track:2zNgByt8J160D4Rf9sB1G4
12z0njTajKsScvs7DejFAh,"'Til The Joint Rolled","Boogie T",https://open.spotify.com/track/12z0njTajKsScvs7DejFAh,spotify:track:12z0njTajKsScvs7DejFAh
2H383z0rXde1UxGUywjPef,"Whirlwind Check","Boogie T,Kendama GOAT",https://open.spotify.com/track/2H383z0rXde1UxGUywjPef,spotify:track:2H383z0rXde1UxGUywjPef
1Q7kuahT1cSF5g9ZmXXaV9,"Touch Me",Botnek,https://open.spotify.com/track/1Q7kuahT1cSF5g9ZmXXaV9,spotify:track:1Q7kuahT1cSF5g9ZmXXaV9
7Al725sCwFefIREnLDIF2Q,Align,Buku,https://open.spotify.com/track/7Al725sCwFefIREnLDIF2Q,spotify:track:7Al725sCwFefIREnLDIF2Q
2TuvEMIwHo11plcDNyw9i5,"Bounce by the Ounce",Buku,https://open.spotify.com/track/2TuvEMIwHo11plcDNyw9i5,spotify:track:2TuvEMIwHo11plcDNyw9i5
5FX9Ywhw88ndiqzDEU3vPi,"Comic Boy",Buku,https://open.spotify.com/track/5FX9Ywhw88ndiqzDEU3vPi,spotify:track:5FX9Ywhw88ndiqzDEU3vPi
1sufOsYjRviYXOxoHT8m0J,Concentrate,Buku,https://open.spotify.com/track/1sufOsYjRviYXOxoHT8m0J,spotify:track:1sufOsYjRviYXOxoHT8m0J
1N6fZ4l7c7cmXdEQACwzpT,Control,Buku,https://open.spotify.com/track/1N6fZ4l7c7cmXdEQACwzpT,spotify:track:1N6fZ4l7c7cmXdEQACwzpT
5AchtAJd5XJ9Qfl9zl5lvE,Heartbeat,Buku,https://open.spotify.com/track/5AchtAJd5XJ9Qfl9zl5lvE,spotify:track:5AchtAJd5XJ9Qfl9zl5lvE
67L3ARUbosqxgLoXXAfs5o,"Do U Want 2",Buku,https://open.spotify.com/track/67L3ARUbosqxgLoXXAfs5o,spotify:track:67L3ARUbosqxgLoXXAfs5o
6UlxRdIHJnFqwFPdLSfK35,Down,Buku,https://open.spotify.com/track/6UlxRdIHJnFqwFPdLSfK35,spotify:track:6UlxRdIHJnFqwFPdLSfK35
3mT8VOOnZXJgZeSXFIwvfX,"Click Clack",Buku,https://open.spotify.com/track/3mT8VOOnZXJgZeSXFIwvfX,spotify:track:3mT8VOOnZXJgZeSXFIwvfX
1NRDN50McYE92lHM9tUefQ,Fooled,Buku,https://open.spotify.com/track/1NRDN50McYE92lHM9tUefQ,spotify:track:1NRDN50McYE92lHM9tUefQ
7822cSi6qBtle4c2Nc7GZg,"Slap It",Buku,https://open.spotify.com/track/7822cSi6qBtle4c2Nc7GZg,spotify:track:7822cSi6qBtle4c2Nc7GZg
2jZl2Im9qK74bx9Ce4fMiy,"Tip Toe",Buku,https://open.spotify.com/track/2jZl2Im9qK74bx9Ce4fMiy,spotify:track:2jZl2Im9qK74bx9Ce4fMiy
2UanltvlExkzzFsUJQdMkJ,"Front To Back - Bassnectar Remix","Buku,Bassnectar",https://open.spotify.com/track/2UanltvlExkzzFsUJQdMkJ,spotify:track:2UanltvlExkzzFsUJQdMkJ
4yX1lNHbhbHFpLhYDD8Hr2,"My Eyes",Buku,https://open.spotify.com/track/4yX1lNHbhbHFpLhYDD8Hr2,spotify:track:4yX1lNHbhbHFpLhYDD8Hr2
6eYHGr9OGXFdjRaZ077gCz,"Right Here",Buku,https://open.spotify.com/track/6eYHGr9OGXFdjRaZ077gCz,spotify:track:6eYHGr9OGXFdjRaZ077gCz
4VE0TTUZpZBpMGZR1RBTMZ,"I Don't Think So",Buku,https://open.spotify.com/track/4VE0TTUZpZBpMGZR1RBTMZ,spotify:track:4VE0TTUZpZBpMGZR1RBTMZ
2Mf8ahgOy4Zu5k20dgSHaS,Janky,Buku,https://open.spotify.com/track/2Mf8ahgOy4Zu5k20dgSHaS,spotify:track:2Mf8ahgOy4Zu5k20dgSHaS
1CJVwprYaQSYHl7vLhIX8v,"All Deez",Buku,https://open.spotify.com/track/1CJVwprYaQSYHl7vLhIX8v,spotify:track:1CJVwprYaQSYHl7vLhIX8v
11i6NRJt1nbSQTihfoo93Y,Prowl,Buku,https://open.spotify.com/track/11i6NRJt1nbSQTihfoo93Y,spotify:track:11i6NRJt1nbSQTihfoo93Y
5xK7FIlxZtfnwlieycdP7b,"Might Be",Buku,https://open.spotify.com/track/5xK7FIlxZtfnwlieycdP7b,spotify:track:5xK7FIlxZtfnwlieycdP7b
7kq9T14nGQfTwV99ejVX7T,"Laugh Track",Buku,https://open.spotify.com/track/7kq9T14nGQfTwV99ejVX7T,spotify:track:7kq9T14nGQfTwV99ejVX7T
4MbfCoTDTyV8gZl28uP0KY,Freaknik,Buku,https://open.spotify.com/track/4MbfCoTDTyV8gZl28uP0KY,spotify:track:4MbfCoTDTyV8gZl28uP0KY
0OYUJnmTRu7Qimz9bDng0D,"I Can",Buku,https://open.spotify.com/track/0OYUJnmTRu7Qimz9bDng0D,spotify:track:0OYUJnmTRu7Qimz9bDng0D
5nnGFyiigfv13IdwsMkuiW,"Ready 4",Buku,https://open.spotify.com/track/5nnGFyiigfv13IdwsMkuiW,spotify:track:5nnGFyiigfv13IdwsMkuiW
3smy7cOc4MwBt02JYFiOpj,"I Don't Think So",Buku,https://open.spotify.com/track/3smy7cOc4MwBt02JYFiOpj,spotify:track:3smy7cOc4MwBt02JYFiOpj
6aTNmVtI1ZMVwqwQLwa2FR,"Out of My Hands",Buku,https://open.spotify.com/track/6aTNmVtI1ZMVwqwQLwa2FR,spotify:track:6aTNmVtI1ZMVwqwQLwa2FR
5dueMvT0GFdAhbGqXwOUn9,"Death Rattle",Buku,https://open.spotify.com/track/5dueMvT0GFdAhbGqXwOUn9,spotify:track:5dueMvT0GFdAhbGqXwOUn9
3mP7u718yslJNLQfxsf4K9,"We Go",Buku,https://open.spotify.com/track/3mP7u718yslJNLQfxsf4K9,spotify:track:3mP7u718yslJNLQfxsf4K9
1CMqmviZ6Ws3bnqsM6YGUA,"What You See",Buku,https://open.spotify.com/track/1CMqmviZ6Ws3bnqsM6YGUA,spotify:track:1CMqmviZ6Ws3bnqsM6YGUA
0XZ8eskItGCeCWRiPKtxzX,"Uh Huh",Buku,https://open.spotify.com/track/0XZ8eskItGCeCWRiPKtxzX,spotify:track:0XZ8eskItGCeCWRiPKtxzX
26YD9ZCyqfyhvviGN2mc9A,"Pinky Fingaz",Buku,https://open.spotify.com/track/26YD9ZCyqfyhvviGN2mc9A,spotify:track:26YD9ZCyqfyhvviGN2mc9A
6GvXJZ8EQuUWzthpPFLr6f,"Slow Acid","Calvin Harris",https://open.spotify.com/track/6GvXJZ8EQuUWzthpPFLr6f,spotify:track:6GvXJZ8EQuUWzthpPFLr6f
5L9QlehKWLtTaWIVxXAlAa,"Switchback - GMS Remix","Celldweller,GMS",https://open.spotify.com/track/5L9QlehKWLtTaWIVxXAlAa,spotify:track:5L9QlehKWLtTaWIVxXAlAa
3N4Rja1VBkGgk1YzbeFnT0,"Return Harbor","Champagne Drip",https://open.spotify.com/track/3N4Rja1VBkGgk1YzbeFnT0,spotify:track:3N4Rja1VBkGgk1YzbeFnT0
64US6YrVTXeLk8XMqW5iaq,"Demon (feat. Beayz)",Chiefs,https://open.spotify.com/track/64US6YrVTXeLk8XMqW5iaq,spotify:track:64US6YrVTXeLk8XMqW5iaq
5xn6Otk3e4fa6G2hd2sAuD,Substance,Chiefs,https://open.spotify.com/track/5xn6Otk3e4fa6G2hd2sAuD,spotify:track:5xn6Otk3e4fa6G2hd2sAuD
7hfqyZN32dCpLoHVxWrw8x,"Shooter (feat. Lara Liz)",Chiefs,https://open.spotify.com/track/7hfqyZN32dCpLoHVxWrw8x,spotify:track:7hfqyZN32dCpLoHVxWrw8x
5Sbv9eIXbeUtsaCFYiOASv,Eleven,Chiefs,https://open.spotify.com/track/5Sbv9eIXbeUtsaCFYiOASv,spotify:track:5Sbv9eIXbeUtsaCFYiOASv
4u1SIiPvOo0qSXHGzslfwG,"What U Do",Chiefs,https://open.spotify.com/track/4u1SIiPvOo0qSXHGzslfwG,spotify:track:4u1SIiPvOo0qSXHGzslfwG
6i90FPJrDtii6DEmzj8xXH,One,Chiefs,https://open.spotify.com/track/6i90FPJrDtii6DEmzj8xXH,spotify:track:6i90FPJrDtii6DEmzj8xXH
7gsiAH4b5D3AXgSNIjGtdu,Flabbergast,"CHOMPPA,CVPTVGON",https://open.spotify.com/track/7gsiAH4b5D3AXgSNIjGtdu,spotify:track:7gsiAH4b5D3AXgSNIjGtdu
4nC3lnqFUrkwuImM8WTrap,"Inner Peace - Original Mix",CloZee,https://open.spotify.com/track/4nC3lnqFUrkwuImM8WTrap,spotify:track:4nC3lnqFUrkwuImM8WTrap
5Mw0fnOroECzHU30G4LJbi,"Watch What I Do",Conrank,https://open.spotify.com/track/5Mw0fnOroECzHU30G4LJbi,spotify:track:5Mw0fnOroECzHU30G4LJbi
1grWQ2cJtL1xTl63C9hMaC,"Watch What I Do",Conrank,https://open.spotify.com/track/1grWQ2cJtL1xTl63C9hMaC,spotify:track:1grWQ2cJtL1xTl63C9hMaC
1UMF98Dqjk7PY9ubYZPB7g,Risk,Conrank,https://open.spotify.com/track/1UMF98Dqjk7PY9ubYZPB7g,spotify:track:1UMF98Dqjk7PY9ubYZPB7g
01A30nkuFUiL0GlATxXrGX,Risk,Conrank,https://open.spotify.com/track/01A30nkuFUiL0GlATxXrGX,spotify:track:01A30nkuFUiL0GlATxXrGX
4ZdH12e0f3zMg6vHlY1scM,Carab,Conrank,https://open.spotify.com/track/4ZdH12e0f3zMg6vHlY1scM,spotify:track:4ZdH12e0f3zMg6vHlY1scM
7JFgL0lio1Gq9p4iathya2,Carab,Conrank,https://open.spotify.com/track/7JFgL0lio1Gq9p4iathya2,spotify:track:7JFgL0lio1Gq9p4iathya2
2fzvYL9QMrocWlfC22SWdH,"Outside The Cones",Conrank,https://open.spotify.com/track/2fzvYL9QMrocWlfC22SWdH,spotify:track:2fzvYL9QMrocWlfC22SWdH
1zPOTY4yEltG0fKOrQuovo,"Outside The Cones",Conrank,https://open.spotify.com/track/1zPOTY4yEltG0fKOrQuovo,spotify:track:1zPOTY4yEltG0fKOrQuovo
1r0rrS1Otl6hsNvcOKNu4t,"Flipping Eggs",Conrank,https://open.spotify.com/track/1r0rrS1Otl6hsNvcOKNu4t,spotify:track:1r0rrS1Otl6hsNvcOKNu4t
0zQsKyYscYosOEWMHUt5In,"Creator Hater",Conrank,https://open.spotify.com/track/0zQsKyYscYosOEWMHUt5In,spotify:track:0zQsKyYscYosOEWMHUt5In
1mx6U1MC695wz3k0vSfpBn,Crooked,Conrank,https://open.spotify.com/track/1mx6U1MC695wz3k0vSfpBn,spotify:track:1mx6U1MC695wz3k0vSfpBn
3ncgKINb3hBhbCveqpFrar,"Close the Door",Conrank,https://open.spotify.com/track/3ncgKINb3hBhbCveqpFrar,spotify:track:3ncgKINb3hBhbCveqpFrar
211gHRjNyIDkLXlWqnkx4G,Artwork,Conrank,https://open.spotify.com/track/211gHRjNyIDkLXlWqnkx4G,spotify:track:211gHRjNyIDkLXlWqnkx4G
5KeGnfIZsXndZphrYWPxBE,"Live Die Fast Young (feat. Grace Cai)","Conrank,Grace Cai",https://open.spotify.com/track/5KeGnfIZsXndZphrYWPxBE,spotify:track:5KeGnfIZsXndZphrYWPxBE
1AKB2cGio4A1pjBl00hXZI,BLT,"Conrank,Dirt Monkey",https://open.spotify.com/track/1AKB2cGio4A1pjBl00hXZI,spotify:track:1AKB2cGio4A1pjBl00hXZI
7F0p53OCVFUOM1xabhFvZu,Listen,"Conrank,Onhell",https://open.spotify.com/track/7F0p53OCVFUOM1xabhFvZu,spotify:track:7F0p53OCVFUOM1xabhFvZu
7p2wssTDr6b0p1Nr0YqaLp,Blast,Conrank,https://open.spotify.com/track/7p2wssTDr6b0p1Nr0YqaLp,spotify:track:7p2wssTDr6b0p1Nr0YqaLp
5GDqmBBT5h1noS8zdW8TjC,"Buk Em",Conrank,https://open.spotify.com/track/5GDqmBBT5h1noS8zdW8TjC,spotify:track:5GDqmBBT5h1noS8zdW8TjC
0zfmQnetpLmCBiL1GAgqQf,"Chasing Devils","Conrank,Buku",https://open.spotify.com/track/0zfmQnetpLmCBiL1GAgqQf,spotify:track:0zfmQnetpLmCBiL1GAgqQf
7nCxwYGjXMOpb47N2mvvuy,"Shut Up",Conrank,https://open.spotify.com/track/7nCxwYGjXMOpb47N2mvvuy,spotify:track:7nCxwYGjXMOpb47N2mvvuy
1MBNizWIbh1HPrsIbXy9ok,AMPM,Conrank,https://open.spotify.com/track/1MBNizWIbh1HPrsIbXy9ok,spotify:track:1MBNizWIbh1HPrsIbXy9ok
6IVm3aAXheoXlETfhVYPRo,Hennessey,"Conrank,Doshy",https://open.spotify.com/track/6IVm3aAXheoXlETfhVYPRo,spotify:track:6IVm3aAXheoXlETfhVYPRo
0Y1yvL9B587mPib0nU2kpL,Decapitate,"Conrank,Drezza,Patwan",https://open.spotify.com/track/0Y1yvL9B587mPib0nU2kpL,spotify:track:0Y1yvL9B587mPib0nU2kpL
6jAGtEZPsQfdNh0KlwGFho,"On Your Mind",Conrank,https://open.spotify.com/track/6jAGtEZPsQfdNh0KlwGFho,spotify:track:6jAGtEZPsQfdNh0KlwGFho
5Z21sRP2UzQEMIRkzIucIX,"Lose the Plot",Conrank,https://open.spotify.com/track/5Z21sRP2UzQEMIRkzIucIX,spotify:track:5Z21sRP2UzQEMIRkzIucIX
6L4tRaK9TghJ5LB0mIrbre,Inbetween,"Conrank,Ami Carmine",https://open.spotify.com/track/6L4tRaK9TghJ5LB0mIrbre,spotify:track:6L4tRaK9TghJ5LB0mIrbre
4b0J0eQhPq5uC3ANHvPHpT,"Talk About","Conrank,Jo Stak",https://open.spotify.com/track/4b0J0eQhPq5uC3ANHvPHpT,spotify:track:4b0J0eQhPq5uC3ANHvPHpT
4xaroQ6t3E2CwzWqJF6x85,"Dun Dun",Conrank,https://open.spotify.com/track/4xaroQ6t3E2CwzWqJF6x85,spotify:track:4xaroQ6t3E2CwzWqJF6x85
1PbpE34jOlcLRu7mXUkY8j,"Don't Make Sense","Conrank,Son of Kick,Marger",https://open.spotify.com/track/1PbpE34jOlcLRu7mXUkY8j,spotify:track:1PbpE34jOlcLRu7mXUkY8j
2urDKZ5u1TIgL6ae6JnSzE,"Hyper Sound",Conrank,https://open.spotify.com/track/2urDKZ5u1TIgL6ae6JnSzE,spotify:track:2urDKZ5u1TIgL6ae6JnSzE
60gLoWIy0cSQuZz13t8lSE,"Drum in Time",Conrank,https://open.spotify.com/track/60gLoWIy0cSQuZz13t8lSE,spotify:track:60gLoWIy0cSQuZz13t8lSE
38xtpxoX0Or1CF60ip0HSU,"Shown - Original",Conrank,https://open.spotify.com/track/38xtpxoX0Or1CF60ip0HSU,spotify:track:38xtpxoX0Or1CF60ip0HSU
4xnkTC0c1wp7HISdIfrJT1,"Friday Poltergeist",Conrank,https://open.spotify.com/track/4xnkTC0c1wp7HISdIfrJT1,spotify:track:4xnkTC0c1wp7HISdIfrJT1
5XGPsnf0qL0KuV97tfOlxp,"Mic Check",Conrank,https://open.spotify.com/track/5XGPsnf0qL0KuV97tfOlxp,spotify:track:5XGPsnf0qL0KuV97tfOlxp
1evl8c9RLuJdV5z83Lpxoo,"Shown - Esseks Remix",Conrank,https://open.spotify.com/track/1evl8c9RLuJdV5z83Lpxoo,spotify:track:1evl8c9RLuJdV5z83Lpxoo
430EYBPClzvDfe3oQCgNx1,"Future Forward",Conrank,https://open.spotify.com/track/430EYBPClzvDfe3oQCgNx1,spotify:track:430EYBPClzvDfe3oQCgNx1
2wWQhVwt0D096vT2lIFbF0,"Yi by Yi","Conrank,Zean",https://open.spotify.com/track/2wWQhVwt0D096vT2lIFbF0,spotify:track:2wWQhVwt0D096vT2lIFbF0
3V7UiOOow7L13LqhjFzZ24,"Yi by Yi","Conrank,Zean",https://open.spotify.com/track/3V7UiOOow7L13LqhjFzZ24,spotify:track:3V7UiOOow7L13LqhjFzZ24
7gVNNF7amlQhRbk0l2OBuP,"Hood Shake",Conrank,https://open.spotify.com/track/7gVNNF7amlQhRbk0l2OBuP,spotify:track:7gVNNF7amlQhRbk0l2OBuP
2jMCrfwBcxGgePv10Rydtr,"Hood Shake",Conrank,https://open.spotify.com/track/2jMCrfwBcxGgePv10Rydtr,spotify:track:2jMCrfwBcxGgePv10Rydtr
7q7ppuDkGZRgG42yzvUGEN,"Lace the Jewels","Conrank,Blak Twang",https://open.spotify.com/track/7q7ppuDkGZRgG42yzvUGEN,spotify:track:7q7ppuDkGZRgG42yzvUGEN
47qUptwoEWYccPrNT0QJA4,"Lace the Jewels","Conrank,Blak Twang",https://open.spotify.com/track/47qUptwoEWYccPrNT0QJA4,spotify:track:47qUptwoEWYccPrNT0QJA4
5SR6Pj8EUg0DlwIfdE9PaI,Gradient,Conrank,https://open.spotify.com/track/5SR6Pj8EUg0DlwIfdE9PaI,spotify:track:5SR6Pj8EUg0DlwIfdE9PaI
0kazys3apLJCwGdButAmNb,Gradient,Conrank,https://open.spotify.com/track/0kazys3apLJCwGdButAmNb,spotify:track:0kazys3apLJCwGdButAmNb
6VgFGd90ahsj7QlOXzhjDm,Inbetween,"Conrank,Ami Carmine",https://open.spotify.com/track/6VgFGd90ahsj7QlOXzhjDm,spotify:track:6VgFGd90ahsj7QlOXzhjDm
1AabicRzoelSjf7ZsF54OB,"Level 8","Conrank,Dirt Monkey",https://open.spotify.com/track/1AabicRzoelSjf7ZsF54OB,spotify:track:1AabicRzoelSjf7ZsF54OB
24R6mZN0fgHbRZS9HxuUpX,"Mother Tongue",Conrank,https://open.spotify.com/track/24R6mZN0fgHbRZS9HxuUpX,spotify:track:24R6mZN0fgHbRZS9HxuUpX
08lCZ7H2Xw8qGlxDI3R6v9,"Pull Out the Laser",Conrank,https://open.spotify.com/track/08lCZ7H2Xw8qGlxDI3R6v9,spotify:track:08lCZ7H2Xw8qGlxDI3R6v9
3sdTeKro3sCrgXfZdRX5nX,"Smash That",Conrank,https://open.spotify.com/track/3sdTeKro3sCrgXfZdRX5nX,spotify:track:3sdTeKro3sCrgXfZdRX5nX
2jTGiU1Pgr3VimqDhuOGPL,"Set It Off","Conrank,Killa Kela",https://open.spotify.com/track/2jTGiU1Pgr3VimqDhuOGPL,spotify:track:2jTGiU1Pgr3VimqDhuOGPL
5IKWA09zYQgOA0OCXa3zQa,"Sinking In","Conrank,Bass Sekolah",https://open.spotify.com/track/5IKWA09zYQgOA0OCXa3zQa,spotify:track:5IKWA09zYQgOA0OCXa3zQa
2XCUmjahtYpeZlU69Z2I2F,"System Up","Conrank,Mark The Beast",https://open.spotify.com/track/2XCUmjahtYpeZlU69Z2I2F,spotify:track:2XCUmjahtYpeZlU69Z2I2F
0nFsOtnWjlibdW1Pknp0KZ,Brainwork,"Conrank & Zeke Beats",https://open.spotify.com/track/0nFsOtnWjlibdW1Pknp0KZ,spotify:track:0nFsOtnWjlibdW1Pknp0KZ
1qePM0eSwOa5pzgVlTGIPZ,Brainwork,"Conrank & Zeke Beats",https://open.spotify.com/track/1qePM0eSwOa5pzgVlTGIPZ,spotify:track:1qePM0eSwOa5pzgVlTGIPZ
3Hzd70RtH1ezhG7evtRnBa,"Power Management",Covox,https://open.spotify.com/track/3Hzd70RtH1ezhG7evtRnBa,spotify:track:3Hzd70RtH1ezhG7evtRnBa
7B4LwUM4OaI4mGiOUsrgzY,"The Darkest Hour","Daniel Lenz",https://open.spotify.com/track/7B4LwUM4OaI4mGiOUsrgzY,spotify:track:7B4LwUM4OaI4mGiOUsrgzY
624z8inUNEfxWekoKw0OFg,"Night Section","Data Romance",https://open.spotify.com/track/624z8inUNEfxWekoKw0OFg,spotify:track:624z8inUNEfxWekoKw0OFg
6ZioEAahebuNeFSNYAYS8r,"Richtig Gutes Zeug - DJ Hell Remix","Deichkind,DJ Hell",https://open.spotify.com/track/6ZioEAahebuNeFSNYAYS8r,spotify:track:6ZioEAahebuNeFSNYAYS8r
7qdDz6yRqKQbvUQbaYrGkI,"First Try","Boogie T,Dirt Monkey",https://open.spotify.com/track/7qdDz6yRqKQbvUQbaYrGkI,spotify:track:7qdDz6yRqKQbvUQbaYrGkI
5tVHESxNer2TUUc81mG9TW,"Shred or Die - EP Version","Dog Blood",https://open.spotify.com/track/5tVHESxNer2TUUc81mG9TW,spotify:track:5tVHESxNer2TUUc81mG9TW
5aW8kqiB0WnWjr2trbODKr,"Zero Dark Hundred","Douglas Holmquist,Susanna Lundgren",https://open.spotify.com/track/5aW8kqiB0WnWjr2trbODKr,spotify:track:5aW8kqiB0WnWjr2trbODKr
1zrE264aBPIihSOpN48XX8,Zombies,DVBBS,https://open.spotify.com/track/1zrE264aBPIihSOpN48XX8,spotify:track:1zrE264aBPIihSOpN48XX8
5BbmsgQQiACJ5ZWGiqm2C7,"Oy (feat. SEYSEY)","DVBBS,SEYSEY",https://open.spotify.com/track/5BbmsgQQiACJ5ZWGiqm2C7,spotify:track:5BbmsgQQiACJ5ZWGiqm2C7
5NJLARpYIEsiiAyTJuVgHG,"Know Too Much",DVBBS,https://open.spotify.com/track/5NJLARpYIEsiiAyTJuVgHG,spotify:track:5NJLARpYIEsiiAyTJuVgHG
1TBYoKmgLjB9UkjNPQLMza,"Still Healing",EDDIE,https://open.spotify.com/track/1TBYoKmgLjB9UkjNPQLMza,spotify:track:1TBYoKmgLjB9UkjNPQLMza
0M620WTaDdSvPbXKEEH9zs,"R U I N","Ekali,1788-L",https://open.spotify.com/track/0M620WTaDdSvPbXKEEH9zs,spotify:track:0M620WTaDdSvPbXKEEH9zs
7gUpO6td4OOnu0Lf9vhcIV,"Lights - Single Version","Ellie Goulding",https://open.spotify.com/track/7gUpO6td4OOnu0Lf9vhcIV,spotify:track:7gUpO6td4OOnu0Lf9vhcIV
1moXOYt1ThOjTWdBzfSU0W,Huntress,"El Tigr3",https://open.spotify.com/track/1moXOYt1ThOjTWdBzfSU0W,spotify:track:1moXOYt1ThOjTWdBzfSU0W
1t470UZkep2M8DDCXqIonx,Itwo4,"El Tigr3",https://open.spotify.com/track/1t470UZkep2M8DDCXqIonx,spotify:track:1t470UZkep2M8DDCXqIonx
3mS7M9U8oKBVMwDYUhsmh9,"Waiting to Die","El Tigr3",https://open.spotify.com/track/3mS7M9U8oKBVMwDYUhsmh9,spotify:track:3mS7M9U8oKBVMwDYUhsmh9
7xSTxwW4Tt1CP0Fvkh22oH,Reflection,"El Tigr3",https://open.spotify.com/track/7xSTxwW4Tt1CP0Fvkh22oH,spotify:track:7xSTxwW4Tt1CP0Fvkh22oH
5KDZ8ZIzp3N09tnEiQKY7O,"Black Star","El Tigr3",https://open.spotify.com/track/5KDZ8ZIzp3N09tnEiQKY7O,spotify:track:5KDZ8ZIzp3N09tnEiQKY7O
79kY3oKT7dv9oKEnEuon6i,Nocturnal,"El Tigr3",https://open.spotify.com/track/79kY3oKT7dv9oKEnEuon6i,spotify:track:79kY3oKT7dv9oKEnEuon6i
7BXofNCHXuIHgEag8LvvV9,"Bleed Them White","El Tigr3",https://open.spotify.com/track/7BXofNCHXuIHgEag8LvvV9,spotify:track:7BXofNCHXuIHgEag8LvvV9
27t3IKTFfbKoPCN78XHkLw,"Die Cosmonaut","El Tigr3",https://open.spotify.com/track/27t3IKTFfbKoPCN78XHkLw,spotify:track:27t3IKTFfbKoPCN78XHkLw
7IEHc5BVgiN1J6lSSkzWj3,Infanticide,"El Tigr3",https://open.spotify.com/track/7IEHc5BVgiN1J6lSSkzWj3,spotify:track:7IEHc5BVgiN1J6lSSkzWj3
1s5NL3bRIStZiFPrtxivRi,"Death on the Island","El Tigr3",https://open.spotify.com/track/1s5NL3bRIStZiFPrtxivRi,spotify:track:1s5NL3bRIStZiFPrtxivRi
39ZViGJuG7zAjh78dxxLNp,Siberian,"El Tigr3",https://open.spotify.com/track/39ZViGJuG7zAjh78dxxLNp,spotify:track:39ZViGJuG7zAjh78dxxLNp
6GMwBNXexB5yLS4AZ2NdzB,Powertool,Emalkay,https://open.spotify.com/track/6GMwBNXexB5yLS4AZ2NdzB,spotify:track:6GMwBNXexB5yLS4AZ2NdzB
6bnyF7IYFn1qjsHSW80OAz,Fabrication,Emalkay,https://open.spotify.com/track/6bnyF7IYFn1qjsHSW80OAz,spotify:track:6bnyF7IYFn1qjsHSW80OAz
1FmoMkGq6CnFqKfqPLliXB,Fabrication,Emalkay,https://open.spotify.com/track/1FmoMkGq6CnFqKfqPLliXB,spotify:track:1FmoMkGq6CnFqKfqPLliXB
3EwlCQC2rLfh4BnPlUtr5U,"Space Hopper",Emalkay,https://open.spotify.com/track/3EwlCQC2rLfh4BnPlUtr5U,spotify:track:3EwlCQC2rLfh4BnPlUtr5U
5ssPMvQmGNyOpFtAjtRjzT,Transpose,Emalkay,https://open.spotify.com/track/5ssPMvQmGNyOpFtAjtRjzT,spotify:track:5ssPMvQmGNyOpFtAjtRjzT
3qZAlO4ijRTBKnRnEZYMyd,Metropolis,Emalkay,https://open.spotify.com/track/3qZAlO4ijRTBKnRnEZYMyd,spotify:track:3qZAlO4ijRTBKnRnEZYMyd
3NGqzvB5H1XKvhIXmHuGEJ,"Why Don’t I Like You",Emalkay,https://open.spotify.com/track/3NGqzvB5H1XKvhIXmHuGEJ,spotify:track:3NGqzvB5H1XKvhIXmHuGEJ
2EOBhbkTvO6QEAg51V0ncu,"When I Look at You",Emalkay,https://open.spotify.com/track/2EOBhbkTvO6QEAg51V0ncu,spotify:track:2EOBhbkTvO6QEAg51V0ncu
3gB0inHWfzACc0wjolOdpa,"When I Look At You",Emalkay,https://open.spotify.com/track/3gB0inHWfzACc0wjolOdpa,spotify:track:3gB0inHWfzACc0wjolOdpa
2Fx0S3SY00wKoyBo1yqRfE,"True Romance",Emalkay,https://open.spotify.com/track/2Fx0S3SY00wKoyBo1yqRfE,spotify:track:2Fx0S3SY00wKoyBo1yqRfE
1Nu97OAmhbhEkwGaeBbMYg,"Weapons Of Mass - Exclusive Bonus Track",Emalkay,https://open.spotify.com/track/1Nu97OAmhbhEkwGaeBbMYg,spotify:track:1Nu97OAmhbhEkwGaeBbMYg
5HZIw6bkFNgYkwjWjKQmpA,Massive,Emalkay,https://open.spotify.com/track/5HZIw6bkFNgYkwjWjKQmpA,spotify:track:5HZIw6bkFNgYkwjWjKQmpA
1B9upewSypEyW65fxQl9mc,"Tell Me",Emalkay,https://open.spotify.com/track/1B9upewSypEyW65fxQl9mc,spotify:track:1B9upewSypEyW65fxQl9mc
4dej1MlrklmfKSrurAjdv0,Aerosol,Emalkay,https://open.spotify.com/track/4dej1MlrklmfKSrurAjdv0,spotify:track:4dej1MlrklmfKSrurAjdv0
16OawzoPI9aOpIsR7Aarrc,"Tell Me - Rogue Remix",Emalkay,https://open.spotify.com/track/16OawzoPI9aOpIsR7Aarrc,spotify:track:16OawzoPI9aOpIsR7Aarrc
2ty5B233K8rjE9EWutrVry,"Aerosol - Dub Motion Remix",Emalkay,https://open.spotify.com/track/2ty5B233K8rjE9EWutrVry,spotify:track:2ty5B233K8rjE9EWutrVry
0w7P8vP9dpdsA2Ox36GrqJ,"Tell Me - Grant Bowtie Remix",Emalkay,https://open.spotify.com/track/0w7P8vP9dpdsA2Ox36GrqJ,spotify:track:0w7P8vP9dpdsA2Ox36GrqJ
7qs6BSzGa49NAtfxkOwtp8,"Gut Feeling",Emalkay,https://open.spotify.com/track/7qs6BSzGa49NAtfxkOwtp8,spotify:track:7qs6BSzGa49NAtfxkOwtp8
4h5u6QGsKExwl8k2DCc7nk,Frequency,Emalkay,https://open.spotify.com/track/4h5u6QGsKExwl8k2DCc7nk,spotify:track:4h5u6QGsKExwl8k2DCc7nk
1ovSun7Dua1dCOmrXJtd3L,Mecha,Emalkay,https://open.spotify.com/track/1ovSun7Dua1dCOmrXJtd3L,spotify:track:1ovSun7Dua1dCOmrXJtd3L
0XTbqwtBkaCXTwYTqxD2ki,"Bats in the Belfry",Emalkay,https://open.spotify.com/track/0XTbqwtBkaCXTwYTqxD2ki,spotify:track:0XTbqwtBkaCXTwYTqxD2ki
7fWY9dZdRy8KdzOuIo6dcp,Tomorrow,"Emalkay,Caspa",https://open.spotify.com/track/7fWY9dZdRy8KdzOuIo6dcp,spotify:track:7fWY9dZdRy8KdzOuIo6dcp
2AxitIpWFRXtNKIlB1XyXK,Detonations,"Emalkay,Caspa",https://open.spotify.com/track/2AxitIpWFRXtNKIlB1XyXK,spotify:track:2AxitIpWFRXtNKIlB1XyXK
2QYC1XYEAqQhD6DRITlnls,"When I Look at You",Emalkay,https://open.spotify.com/track/2QYC1XYEAqQhD6DRITlnls,spotify:track:2QYC1XYEAqQhD6DRITlnls
36VsbiKzTGfjdZMyVos7b2,"Give You Back Life (Swifty Song)",Ephixa,https://open.spotify.com/track/36VsbiKzTGfjdZMyVos7b2,spotify:track:36VsbiKzTGfjdZMyVos7b2
0j7yF7CURZTm6rnJWOWIoV,"Losing You","Ephixa,Laura Brehm",https://open.spotify.com/track/0j7yF7CURZTm6rnJWOWIoV,spotify:track:0j7yF7CURZTm6rnJWOWIoV
2VlUBm7Z9H1y4ogv7QK7sL,Orion,"Feed Me",https://open.spotify.com/track/2VlUBm7Z9H1y4ogv7QK7sL,spotify:track:2VlUBm7Z9H1y4ogv7QK7sL
5IIiTeO0GX2awOtR74LBcZ,"Death By Robot","Feed Me",https://open.spotify.com/track/5IIiTeO0GX2awOtR74LBcZ,spotify:track:5IIiTeO0GX2awOtR74LBcZ
1kGbB1kCZfRqC7sijKBBN4,"Lonely Mountain","Feed Me",https://open.spotify.com/track/1kGbB1kCZfRqC7sijKBBN4,spotify:track:1kGbB1kCZfRqC7sijKBBN4
0WvS6udTc8Rf6QjjgqHPQ6,"Rat Trap","Feed Me",https://open.spotify.com/track/0WvS6udTc8Rf6QjjgqHPQ6,spotify:track:0WvS6udTc8Rf6QjjgqHPQ6
5yGNmNN5Lm0JxIzwIdpBta,Ophelia,"Feed Me,Yadi",https://open.spotify.com/track/5yGNmNN5Lm0JxIzwIdpBta,spotify:track:5yGNmNN5Lm0JxIzwIdpBta
6bmrP8tBSOwKAmki8ku9CW,Chinchilla,"Feed Me",https://open.spotify.com/track/6bmrP8tBSOwKAmki8ku9CW,spotify:track:6bmrP8tBSOwKAmki8ku9CW
5Y4kCS1ggMxOCiZx08kP44,"In the Bin","Feed Me",https://open.spotify.com/track/5Y4kCS1ggMxOCiZx08kP44,spotify:track:5Y4kCS1ggMxOCiZx08kP44
1LuFyappyEFGybt2qzLNDp,"Love Is All I Got","Feed Me,Crystal Fighters",https://open.spotify.com/track/1LuFyappyEFGybt2qzLNDp,spotify:track:1LuFyappyEFGybt2qzLNDp
1cLeZoEkcScPieyUzWkvlT,"Short Skirt","Feed Me",https://open.spotify.com/track/1cLeZoEkcScPieyUzWkvlT,spotify:track:1cLeZoEkcScPieyUzWkvlT
0Zlq610Z9RposUbgLTP8zK,"No Grip","Feed Me",https://open.spotify.com/track/0Zlq610Z9RposUbgLTP8zK,spotify:track:0Zlq610Z9RposUbgLTP8zK
2QWdbXVNMBt7txbkQfNPJB,Onstuh,"Feed Me",https://open.spotify.com/track/2QWdbXVNMBt7txbkQfNPJB,spotify:track:2QWdbXVNMBt7txbkQfNPJB
29LgXO7ZRxiQ7RSGyLyRSm,Gravel,"Feed Me",https://open.spotify.com/track/29LgXO7ZRxiQ7RSGyLyRSm,spotify:track:29LgXO7ZRxiQ7RSGyLyRSm
5qIVFIPQ4rRTu872TjxuKp,"Dialup Days","Feed Me",https://open.spotify.com/track/5qIVFIPQ4rRTu872TjxuKp,spotify:track:5qIVFIPQ4rRTu872TjxuKp
2rgkZR4oFC5MAJZDKhfllr,"Night Boat","Feed Me",https://open.spotify.com/track/2rgkZR4oFC5MAJZDKhfllr,spotify:track:2rgkZR4oFC5MAJZDKhfllr
7HEdTx7KKkcGoBU9rXx4d8,"If It Bounces","Feed Me",https://open.spotify.com/track/7HEdTx7KKkcGoBU9rXx4d8,spotify:track:7HEdTx7KKkcGoBU9rXx4d8
1NarSYx3FtxdAWvf2T89SR,"Stupid Small Face","Feed Me",https://open.spotify.com/track/1NarSYx3FtxdAWvf2T89SR,spotify:track:1NarSYx3FtxdAWvf2T89SR
1w1sqganc75DzZKswc2fKf,"Frank Frazetta","Feed Me",https://open.spotify.com/track/1w1sqganc75DzZKswc2fKf,spotify:track:1w1sqganc75DzZKswc2fKf
6Fc5E8ZBupQ5GN4aaIwNKM,"Stop Motion","Feed Me,HEIGHTS",https://open.spotify.com/track/6Fc5E8ZBupQ5GN4aaIwNKM,spotify:track:6Fc5E8ZBupQ5GN4aaIwNKM
2rVTcfRt3Rpm5joIkR289a,"Tamp Tamp Tamp","Feed Me",https://open.spotify.com/track/2rVTcfRt3Rpm5joIkR289a,spotify:track:2rVTcfRt3Rpm5joIkR289a
5WcvfoYXk0B5PK5iAkanz0,"Feather Crown","Feed Me",https://open.spotify.com/track/5WcvfoYXk0B5PK5iAkanz0,spotify:track:5WcvfoYXk0B5PK5iAkanz0
2ajkMsAFKAzLGEWWIyRLgM,"White Spirit","Feed Me",https://open.spotify.com/track/2ajkMsAFKAzLGEWWIyRLgM,spotify:track:2ajkMsAFKAzLGEWWIyRLgM
2J6E9INbQjqB5zGufsojQr,"Grand Theft Ecstasy","Feed Me",https://open.spotify.com/track/2J6E9INbQjqB5zGufsojQr,spotify:track:2J6E9INbQjqB5zGufsojQr
5TBtEsmWjSuvWkT8okIElI,"Green Bottle","Feed Me",https://open.spotify.com/track/5TBtEsmWjSuvWkT8okIElI,spotify:track:5TBtEsmWjSuvWkT8okIElI
23WbbtRxuiUNIQFZho7bqQ,"Raw Chicken","Feed Me",https://open.spotify.com/track/23WbbtRxuiUNIQFZho7bqQ,spotify:track:23WbbtRxuiUNIQFZho7bqQ
0vuhPW0SdQgtD87R0uz7Mq,"The Spell","Feed Me",https://open.spotify.com/track/0vuhPW0SdQgtD87R0uz7Mq,spotify:track:0vuhPW0SdQgtD87R0uz7Mq
4z7t5KsfkxMC1PdOLgog4V,"One Click Headshot","Feed Me",https://open.spotify.com/track/4z7t5KsfkxMC1PdOLgog4V,spotify:track:4z7t5KsfkxMC1PdOLgog4V
2h8txmGGkCuzmifydGMwWC,Embers,"Feed Me",https://open.spotify.com/track/2h8txmGGkCuzmifydGMwWC,spotify:track:2h8txmGGkCuzmifydGMwWC
0TjhlpmpZXg8d0UwPBTWit,Trichitillomania,"Feed Me",https://open.spotify.com/track/0TjhlpmpZXg8d0UwPBTWit,spotify:track:0TjhlpmpZXg8d0UwPBTWit
5DKznyYD5KpcSPF1ncsYnR,Whiskers,"Feed Me",https://open.spotify.com/track/5DKznyYD5KpcSPF1ncsYnR,spotify:track:5DKznyYD5KpcSPF1ncsYnR
1uN7bUgtz8u4KgVd1Vq9I4,"Existential Crisis","Feed Me",https://open.spotify.com/track/1uN7bUgtz8u4KgVd1Vq9I4,spotify:track:1uN7bUgtz8u4KgVd1Vq9I4
5VmdMhCz1FDussGKbZDjDj,Starcrash,"Feed Me",https://open.spotify.com/track/5VmdMhCz1FDussGKbZDjDj,spotify:track:5VmdMhCz1FDussGKbZDjDj
3L1e8njPaiheKlQTwUvk5c,"Shell Pet","Feed Me",https://open.spotify.com/track/3L1e8njPaiheKlQTwUvk5c,spotify:track:3L1e8njPaiheKlQTwUvk5c
1aP2OLOaVGEtEp62hFbfzI,"Beans Baxter","Feed Me",https://open.spotify.com/track/1aP2OLOaVGEtEp62hFbfzI,spotify:track:1aP2OLOaVGEtEp62hFbfzI
7yJkQotxBIHy5Aid5sFOWk,"Crazy Maybe","Feed Me,Kill The Noise,Anjulie",https://open.spotify.com/track/7yJkQotxBIHy5Aid5sFOWk,spotify:track:7yJkQotxBIHy5Aid5sFOWk
0RZgyMG55uoJlLvhvu78lM,"High Speed Weekend Survivor","Feed Me",https://open.spotify.com/track/0RZgyMG55uoJlLvhvu78lM,spotify:track:0RZgyMG55uoJlLvhvu78lM
0FmAtKbanEnliIxbxpfAsI,"Stay Focused","Feed Me",https://open.spotify.com/track/0FmAtKbanEnliIxbxpfAsI,spotify:track:0FmAtKbanEnliIxbxpfAsI
47mTxShbPAp67gJDvBTnwN,"Red Clouds (Serious Ting)","Feed Me",https://open.spotify.com/track/47mTxShbPAp67gJDvBTnwN,spotify:track:47mTxShbPAp67gJDvBTnwN
0PA3uGKXxh0OQX69400FY5,"What It Feels Like","Feed Me,Nina Nesbitt",https://open.spotify.com/track/0PA3uGKXxh0OQX69400FY5,spotify:track:0PA3uGKXxh0OQX69400FY5
2udTODX1CsWsAK9gFHKWiL,Schizoid,"Feed Me",https://open.spotify.com/track/2udTODX1CsWsAK9gFHKWiL,spotify:track:2udTODX1CsWsAK9gFHKWiL
3cH3aouzReJFiYYJvBimu3,"Life Raft","Feed Me",https://open.spotify.com/track/3cH3aouzReJFiYYJvBimu3,spotify:track:3cH3aouzReJFiYYJvBimu3
2UmZb3BxxHFtWthSjTUGAI,Patience,"Feed Me",https://open.spotify.com/track/2UmZb3BxxHFtWthSjTUGAI,spotify:track:2UmZb3BxxHFtWthSjTUGAI
5bwBluu56x5nZ1SIvuuR5H,"Time for Myself","Feed Me",https://open.spotify.com/track/5bwBluu56x5nZ1SIvuuR5H,spotify:track:5bwBluu56x5nZ1SIvuuR5H
51M7IYsz4iywHSA5sIsQNU,"Alarm Clock","Feed Me",https://open.spotify.com/track/51M7IYsz4iywHSA5sIsQNU,spotify:track:51M7IYsz4iywHSA5sIsQNU
6xT4xfcSnMcsXWAV98Gqxf,"Without Gravity","Feed Me",https://open.spotify.com/track/6xT4xfcSnMcsXWAV98Gqxf,spotify:track:6xT4xfcSnMcsXWAV98Gqxf
4oOHQiHnTJkc7tPXWxvHh4,"Feeling So Free","Feed Me",https://open.spotify.com/track/4oOHQiHnTJkc7tPXWxvHh4,spotify:track:4oOHQiHnTJkc7tPXWxvHh4
2hPGWA54CMRHO26Frao6t1,"Feeling So Free - Vocal Edit","Feed Me",https://open.spotify.com/track/2hPGWA54CMRHO26Frao6t1,spotify:track:2hPGWA54CMRHO26Frao6t1
1o6TlxjOdAxKWF20mXKRf1,"Different World","Feed Me",https://open.spotify.com/track/1o6TlxjOdAxKWF20mXKRf1,spotify:track:1o6TlxjOdAxKWF20mXKRf1
4jnHDs9J9Cb6p4A3dKpHEH,Wuzzle,"Feed Me",https://open.spotify.com/track/4jnHDs9J9Cb6p4A3dKpHEH,spotify:track:4jnHDs9J9Cb6p4A3dKpHEH
6ZU89jjSsu0Kqai7AwNpWY,"Perfect Blue","Feed Me",https://open.spotify.com/track/6ZU89jjSsu0Kqai7AwNpWY,spotify:track:6ZU89jjSsu0Kqai7AwNpWY
1YXLUJffxD0x21sPbtVvBh,Shimmer,"Feed Me",https://open.spotify.com/track/1YXLUJffxD0x21sPbtVvBh,spotify:track:1YXLUJffxD0x21sPbtVvBh
5FewykggLC0mGockQj9RvB,Sleepless,"Feed Me",https://open.spotify.com/track/5FewykggLC0mGockQj9RvB,spotify:track:5FewykggLC0mGockQj9RvB
00dt02GRKYTIpHsR1VZ212,"Feel Love","Feed Me,Rosie Doonan",https://open.spotify.com/track/00dt02GRKYTIpHsR1VZ212,spotify:track:00dt02GRKYTIpHsR1VZ212
3fbzKcWaLyY4ZNhnyhuBDP,"Barrel Roll","Feed Me",https://open.spotify.com/track/3fbzKcWaLyY4ZNhnyhuBDP,spotify:track:3fbzKcWaLyY4ZNhnyhuBDP
3TKHkt6ilc3pCMVvVUY6M5,"Satanic Panic","Feed Me",https://open.spotify.com/track/3TKHkt6ilc3pCMVvVUY6M5,spotify:track:3TKHkt6ilc3pCMVvVUY6M5
3jagdyevz4JnnIYsxEL70T,"Pumpkin Eyes","Feed Me,CHANEY",https://open.spotify.com/track/3jagdyevz4JnnIYsxEL70T,spotify:track:3jagdyevz4JnnIYsxEL70T
17lALVEsUBJVGF15WvSEiK,"Own Ghost","Feed Me",https://open.spotify.com/track/17lALVEsUBJVGF15WvSEiK,spotify:track:17lALVEsUBJVGF15WvSEiK
0VisfRkOp8rsbHLnHPPpgg,Defiant,"Feed Me,Lindsay",https://open.spotify.com/track/0VisfRkOp8rsbHLnHPPpgg,spotify:track:0VisfRkOp8rsbHLnHPPpgg
6qizr9DWwWPGkfKCdoLFTR,"Little Cat Steps","Feed Me",https://open.spotify.com/track/6qizr9DWwWPGkfKCdoLFTR,spotify:track:6qizr9DWwWPGkfKCdoLFTR
3SEjLrlbMpMjQp8FJRQYP4,"Little Space","Feed Me,YOSIE",https://open.spotify.com/track/3SEjLrlbMpMjQp8FJRQYP4,spotify:track:3SEjLrlbMpMjQp8FJRQYP4
34RVnOOkkeUW1eQFkrjrz6,"Love Is All I Got - Feed Me's Matilda Remix","Feed Me,Crystal Fighters",https://open.spotify.com/track/34RVnOOkkeUW1eQFkrjrz6,spotify:track:34RVnOOkkeUW1eQFkrjrz6
7eF8t453XU5PW4TQdJgSPV,"Love Is All I Got - Friction Remix","Feed Me,Crystal Fighters,Friction",https://open.spotify.com/track/7eF8t453XU5PW4TQdJgSPV,spotify:track:7eF8t453XU5PW4TQdJgSPV
1oHjsosZQW7J5vYEmDy3gJ,"Money, Destiny","Feed Me",https://open.spotify.com/track/1oHjsosZQW7J5vYEmDy3gJ,spotify:track:1oHjsosZQW7J5vYEmDy3gJ
5YShtNZllK4Pvp2zdxoXmd,"New Shoes","Feed Me",https://open.spotify.com/track/5YShtNZllK4Pvp2zdxoXmd,spotify:track:5YShtNZllK4Pvp2zdxoXmd
0irYSFrgXf2OH1F5NAdK6I,"Nothing Hurts Like You (feat. Sam Calver)","Feed Me,Sam Calver",https://open.spotify.com/track/0irYSFrgXf2OH1F5NAdK6I,spotify:track:0irYSFrgXf2OH1F5NAdK6I
1n22zotdqTofBe5kS9fC5e,Reckless,"Feed Me,Tasha Baxter",https://open.spotify.com/track/1n22zotdqTofBe5kS9fC5e,spotify:track:1n22zotdqTofBe5kS9fC5e
5VtBsDdecxhpBzeFUKgd9M,BAD,"FelMax,Sam Lamar,Boogie T",https://open.spotify.com/track/5VtBsDdecxhpBzeFUKgd9M,spotify:track:5VtBsDdecxhpBzeFUKgd9M
4SXtRBHf7JYuKrRs3CJLEv,Survive,"Flux Pavilion,Feed Me,meesh",https://open.spotify.com/track/4SXtRBHf7JYuKrRs3CJLEv,spotify:track:4SXtRBHf7JYuKrRs3CJLEv
3uh1y59oqAdOxx1D1Ec3sC,"Woofercrack - Original Mix","Franky Nuts,Lifecycle",https://open.spotify.com/track/3uh1y59oqAdOxx1D1Ec3sC,spotify:track:3uh1y59oqAdOxx1D1Ec3sC
6DDJDDzDrhiPHTJysRMOLf,"Come My Way feat. LIINKS, Wet Paint - Buku Remix","The Funk Hunters,Buku,Liinks,Wet Paint",https://open.spotify.com/track/6DDJDDzDrhiPHTJysRMOLf,spotify:track:6DDJDDzDrhiPHTJysRMOLf
27Ly5HJ6no0ie8se4LkGd2,"Different Sound","G Jones",https://open.spotify.com/track/27Ly5HJ6no0ie8se4LkGd2,spotify:track:27Ly5HJ6no0ie8se4LkGd2
3lTYIZWnZpN5TMw3zlOPSf,"Arbiter's Theme","G Jones",https://open.spotify.com/track/3lTYIZWnZpN5TMw3zlOPSf,spotify:track:3lTYIZWnZpN5TMw3zlOPSf
1NhilkWAvuOHN3c0m88N98,"In Your Head","G Jones",https://open.spotify.com/track/1NhilkWAvuOHN3c0m88N98,spotify:track:1NhilkWAvuOHN3c0m88N98
3PY5YU5S73veYyVEZMHwYB,"That Look in Your Eye","G Jones",https://open.spotify.com/track/3PY5YU5S73veYyVEZMHwYB,spotify:track:3PY5YU5S73veYyVEZMHwYB
35AmCchFjTJoVwymcRmiLC,Thunderdome,"G Jones,Minnesota",https://open.spotify.com/track/35AmCchFjTJoVwymcRmiLC,spotify:track:35AmCchFjTJoVwymcRmiLC
4DBTePBaSAQViIqZV6K0T2,Work,Gladiator,https://open.spotify.com/track/4DBTePBaSAQViIqZV6K0T2,spotify:track:4DBTePBaSAQViIqZV6K0T2
7mFBGqpnvIT9SyF1WCD9sm,"Momentary Lapse","The Glitch Mob,1788-L",https://open.spotify.com/track/7mFBGqpnvIT9SyF1WCD9sm,spotify:track:7mFBGqpnvIT9SyF1WCD9sm
5gUhWFZCwtxk78xGfAluBQ,You,"Gold Panda",https://open.spotify.com/track/5gUhWFZCwtxk78xGfAluBQ,spotify:track:5gUhWFZCwtxk78xGfAluBQ
7j4ohEIJTW80F6jHUSeovJ,"Same Dream China","Gold Panda",https://open.spotify.com/track/7j4ohEIJTW80F6jHUSeovJ,spotify:track:7j4ohEIJTW80F6jHUSeovJ
6IUbgiCLMtCOgiDLhBDKkN,BEASTS,"Haezer,Holly",https://open.spotify.com/track/6IUbgiCLMtCOgiDLhBDKkN,spotify:track:6IUbgiCLMtCOgiDLhBDKkN
5gsEdIiJqRD1vTArK9QTHM,"White Woods","Haezer,Ian Urbina",https://open.spotify.com/track/5gsEdIiJqRD1vTArK9QTHM,spotify:track:5gsEdIiJqRD1vTArK9QTHM
2Q3ZCKatnyzyGr9kTGPvU0,Nemesis,Haezer,https://open.spotify.com/track/2Q3ZCKatnyzyGr9kTGPvU0,spotify:track:2Q3ZCKatnyzyGr9kTGPvU0
7DwbN1M5qM09Q6eRbvBorg,HATEBOX,Haezer,https://open.spotify.com/track/7DwbN1M5qM09Q6eRbvBorg,spotify:track:7DwbN1M5qM09Q6eRbvBorg
0jqX0vqhbpUoDpo2Zb1hBL,"Bad featuring Born I - vocal","Haezer,Born I",https://open.spotify.com/track/0jqX0vqhbpUoDpo2Zb1hBL,spotify:track:0jqX0vqhbpUoDpo2Zb1hBL
7rAy4xgfzXbzZX5oXjB6ad,"Fat Eric",Haezer,https://open.spotify.com/track/7rAy4xgfzXbzZX5oXjB6ad,spotify:track:7rAy4xgfzXbzZX5oXjB6ad
42U4fnHpeTqJZWQ0TpSRGP,"Do This Thing",Haezer,https://open.spotify.com/track/42U4fnHpeTqJZWQ0TpSRGP,spotify:track:42U4fnHpeTqJZWQ0TpSRGP
6weXYkJymc0K2SUTU49814,OK,Haezer,https://open.spotify.com/track/6weXYkJymc0K2SUTU49814,spotify:track:6weXYkJymc0K2SUTU49814
2lOKyfEXRwb9QAXbpX1lAZ,"Twenty Twelve",Haezer,https://open.spotify.com/track/2lOKyfEXRwb9QAXbpX1lAZ,spotify:track:2lOKyfEXRwb9QAXbpX1lAZ
1DCdz4YfbC5Ie9sibc5OKf,"Dare And C",Haezer,https://open.spotify.com/track/1DCdz4YfbC5Ie9sibc5OKf,spotify:track:1DCdz4YfbC5Ie9sibc5OKf
2ZTRex2fkbY6lee5hjCeVl,Dominique,Haezer,https://open.spotify.com/track/2ZTRex2fkbY6lee5hjCeVl,spotify:track:2ZTRex2fkbY6lee5hjCeVl
6YrD6dgzwyX0zAiI2RUMPU,"Machine - Original Mix",Haezer,https://open.spotify.com/track/6YrD6dgzwyX0zAiI2RUMPU,spotify:track:6YrD6dgzwyX0zAiI2RUMPU
3lCuQFY3l6aFDz5k1Vq9H7,"Illest Gangsta On The Block","Hans Zimmer,Steve Mazzaro,Andrew Kawczynski",https://open.spotify.com/track/3lCuQFY3l6aFDz5k1Vq9H7,spotify:track:3lCuQFY3l6aFDz5k1Vq9H7
7ecaXfA0nJPCnSSbpcpMp0,"Rocker Monster - Original Mix",Heatbeat,https://open.spotify.com/track/7ecaXfA0nJPCnSSbpcpMp0,spotify:track:7ecaXfA0nJPCnSSbpcpMp0
6x2497wWaSlpPeLYzTuPuP,"R U Afraid",HVDES,https://open.spotify.com/track/6x2497wWaSlpPeLYzTuPuP,spotify:track:6x2497wWaSlpPeLYzTuPuP
7bXZnNe1wKjV2QIYsyjyqk,"Bully - Original Mix","Hyper,SHIRT",https://open.spotify.com/track/7bXZnNe1wKjV2QIYsyjyqk,spotify:track:7bXZnNe1wKjV2QIYsyjyqk
6CvcT7OCAcf4hm8AWiLH1H,"Ghost - Original Mix",Hyper,https://open.spotify.com/track/6CvcT7OCAcf4hm8AWiLH1H,spotify:track:6CvcT7OCAcf4hm8AWiLH1H
2WBq1TApYV51G8kd0iIbJ8,"Sirens - Original Mix",Hyper,https://open.spotify.com/track/2WBq1TApYV51G8kd0iIbJ8,spotify:track:2WBq1TApYV51G8kd0iIbJ8
4qkFgsTkoJbxyEIy36Sx8b,"Scream For Me - Original Mix",Hyper,https://open.spotify.com/track/4qkFgsTkoJbxyEIy36Sx8b,spotify:track:4qkFgsTkoJbxyEIy36Sx8b
01w4t6vplREcNu0df4yvuA,"The Battle - Original Mix",Hyper,https://open.spotify.com/track/01w4t6vplREcNu0df4yvuA,spotify:track:01w4t6vplREcNu0df4yvuA
3AEu7Bzzq7DGNJaJxfKzUS,"Resurrection - Original Mix",Hyper,https://open.spotify.com/track/3AEu7Bzzq7DGNJaJxfKzUS,spotify:track:3AEu7Bzzq7DGNJaJxfKzUS
4Zl87UYUFG5OJNPhzMTk20,"Clockwork - Original Mix",Hyper,https://open.spotify.com/track/4Zl87UYUFG5OJNPhzMTk20,spotify:track:4Zl87UYUFG5OJNPhzMTk20
4SLGLPxm7wTAVvnJGDlKqh,"Lies - Original Mix",Hyper,https://open.spotify.com/track/4SLGLPxm7wTAVvnJGDlKqh,spotify:track:4SLGLPxm7wTAVvnJGDlKqh
3BcEpBfEx2mOyCSJWIHSvu,"Spoiler - Original Mix",Hyper,https://open.spotify.com/track/3BcEpBfEx2mOyCSJWIHSvu,spotify:track:3BcEpBfEx2mOyCSJWIHSvu
631PO6REAW5P3cVCqGuRbZ,"Live Forever - Original Mix","Hyper,Shirt",https://open.spotify.com/track/631PO6REAW5P3cVCqGuRbZ,spotify:track:631PO6REAW5P3cVCqGuRbZ
5XC03OVCJ5SykF1ZRe7JB6,"Out of Time - Original Mix",Hyper,https://open.spotify.com/track/5XC03OVCJ5SykF1ZRe7JB6,spotify:track:5XC03OVCJ5SykF1ZRe7JB6
3H9KTI4NUC7ZAU5BT353CQ,"He Rises - Original Mix",Hyper,https://open.spotify.com/track/3H9KTI4NUC7ZAU5BT353CQ,spotify:track:3H9KTI4NUC7ZAU5BT353CQ
0sBW1wri8FQX4PsCmyF0Pm,"I'll Be Your Reason",ILLENIUM,https://open.spotify.com/track/0sBW1wri8FQX4PsCmyF0Pm,spotify:track:0sBW1wri8FQX4PsCmyF0Pm
66T8oiDaaIF9xXjpMgJBzr,Awaken,"INZO,Carbin",https://open.spotify.com/track/66T8oiDaaIF9xXjpMgJBzr,spotify:track:66T8oiDaaIF9xXjpMgJBzr
6Rqbg1ME7T7DinH88nd5Ig,"Overthinker - CloZee Remix","INZO,CloZee",https://open.spotify.com/track/6Rqbg1ME7T7DinH88nd5Ig,spotify:track:6Rqbg1ME7T7DinH88nd5Ig
4Onl0PWGsviCq4GG9wT8JK,"For Me","Karma Fields",https://open.spotify.com/track/4Onl0PWGsviCq4GG9wT8JK,spotify:track:4Onl0PWGsviCq4GG9wT8JK
2LDmgP0mnj2Z48fg8o8UQ2,"Utai IV: Reawakening - Steve Aoki Remix","Kenji Kawai,Steve Aoki",https://open.spotify.com/track/2LDmgP0mnj2Z48fg8o8UQ2,spotify:track:2LDmgP0mnj2Z48fg8o8UQ2
716PGfras74GHmZavyZcpJ,"Utai IV: Reawakening (From ""Ghost in the Shell"") - Steve Aoki Remix","Kenji Kawai,Steve Aoki",https://open.spotify.com/track/716PGfras74GHmZavyZcpJ,spotify:track:716PGfras74GHmZavyZcpJ
0TwsfroKu7M2aCSGOKfnoK,"Far Away","Kill The Noise,Feed Me",https://open.spotify.com/track/0TwsfroKu7M2aCSGOKfnoK,spotify:track:0TwsfroKu7M2aCSGOKfnoK
2YacpExEbX9tF8IbFlFOo4,Heartbeats,"The Knife",https://open.spotify.com/track/2YacpExEbX9tF8IbFlFOo4,spotify:track:2YacpExEbX9tF8IbFlFOo4
6USSdgQjUXaTPNakcmavZc,"Girls' Night Out","The Knife",https://open.spotify.com/track/6USSdgQjUXaTPNakcmavZc,spotify:track:6USSdgQjUXaTPNakcmavZc
2irCiCNN2kheis3bdovtQO,"Pass This On","The Knife",https://open.spotify.com/track/2irCiCNN2kheis3bdovtQO,spotify:track:2irCiCNN2kheis3bdovtQO
4dOG0XJ6xsW9Ya58vj4deM,"One For You","The Knife",https://open.spotify.com/track/4dOG0XJ6xsW9Ya58vj4deM,spotify:track:4dOG0XJ6xsW9Ya58vj4deM
7rjHcCaYk5mNeFmj583Mob,"The Cop","The Knife",https://open.spotify.com/track/7rjHcCaYk5mNeFmj583Mob,spotify:track:7rjHcCaYk5mNeFmj583Mob
4EpEIA6e5QHiccF3K0lIg1,"Listen Now","The Knife",https://open.spotify.com/track/4EpEIA6e5QHiccF3K0lIg1,spotify:track:4EpEIA6e5QHiccF3K0lIg1
0YWDyOWyrvBFkCodQOzARw,"She's Having A Baby","The Knife",https://open.spotify.com/track/0YWDyOWyrvBFkCodQOzARw,spotify:track:0YWDyOWyrvBFkCodQOzARw
6cO9ZuQcx4kT3bk15jKmnF,"You Take My Breath Away","The Knife",https://open.spotify.com/track/6cO9ZuQcx4kT3bk15jKmnF,spotify:track:6cO9ZuQcx4kT3bk15jKmnF
188FkQMK5Yzg7XtFrUGGpX,"Rock Classics","The Knife",https://open.spotify.com/track/188FkQMK5Yzg7XtFrUGGpX,spotify:track:188FkQMK5Yzg7XtFrUGGpX
6ZUTGUXzRGr3abx1YUh5LA,"Is It Medicine","The Knife",https://open.spotify.com/track/6ZUTGUXzRGr3abx1YUh5LA,spotify:track:6ZUTGUXzRGr3abx1YUh5LA
0euk28DJJNzaSx24XukPSK,"You Make Me Like Charity","The Knife",https://open.spotify.com/track/0euk28DJJNzaSx24XukPSK,spotify:track:0euk28DJJNzaSx24XukPSK
4W6RXZIwBitvWv0oQEWA0j,"Got 2 Let U","The Knife",https://open.spotify.com/track/4W6RXZIwBitvWv0oQEWA0j,spotify:track:4W6RXZIwBitvWv0oQEWA0j
4ncw9W86JmcphcHasODe39,"Behind The Bushes","The Knife",https://open.spotify.com/track/4ncw9W86JmcphcHasODe39,spotify:track:4ncw9W86JmcphcHasODe39
0IiFLfEjeF6Fjy8DGJpkkJ,"This Is Now","The Knife",https://open.spotify.com/track/0IiFLfEjeF6Fjy8DGJpkkJ,spotify:track:0IiFLfEjeF6Fjy8DGJpkkJ
1zPB1d4AamkokHKHGPEoO8,Handy-Man,"The Knife",https://open.spotify.com/track/1zPB1d4AamkokHKHGPEoO8,spotify:track:1zPB1d4AamkokHKHGPEoO8
7dFC6V53H11XpBxt4C9AAh,"The Bridge","The Knife",https://open.spotify.com/track/7dFC6V53H11XpBxt4C9AAh,spotify:track:7dFC6V53H11XpBxt4C9AAh
0wqL6Anq3gXaXuCiNGKea7,"Pass This On - Dahlback and Dahlback Remix","The Knife,Jasper Dahlback,John Dahlbäck",https://open.spotify.com/track/0wqL6Anq3gXaXuCiNGKea7,spotify:track:0wqL6Anq3gXaXuCiNGKea7
5YTTzHhXYfBcHEN6UZdBId,"Heartbeats - Rex the Dog Remix","The Knife,Rex The Dog",https://open.spotify.com/track/5YTTzHhXYfBcHEN6UZdBId,spotify:track:5YTTzHhXYfBcHEN6UZdBId
4aY4hSiYkrGJTy5hOcjezx,"För alla namn vi inte får använda (Europa Europa Theme)","The Knife,Europa Europa",https://open.spotify.com/track/4aY4hSiYkrGJTy5hOcjezx,spotify:track:4aY4hSiYkrGJTy5hOcjezx
7q2b8BaO55tJKjHES4biBq,"Heartbeats - The Knife Techno Remix","The Knife",https://open.spotify.com/track/7q2b8BaO55tJKjHES4biBq,spotify:track:7q2b8BaO55tJKjHES4biBq
2grvyv7GerohlNQroy8PdB,"Heartbeats - Rex the Dog Remix","The Knife,Rex The Dog",https://open.spotify.com/track/2grvyv7GerohlNQroy8PdB,spotify:track:2grvyv7GerohlNQroy8PdB
2XYFtiJH899DUlcJn2u98F,"Heartbeats - The Knife Techno Remix","The Knife",https://open.spotify.com/track/2XYFtiJH899DUlcJn2u98F,spotify:track:2XYFtiJH899DUlcJn2u98F
3cOIWT3TceAhqOhz9eph73,"Like A Pen - Hearthrob Remix","The Knife,Helmut",https://open.spotify.com/track/3cOIWT3TceAhqOhz9eph73,spotify:track:3cOIWT3TceAhqOhz9eph73
4GvvSiQddQmpYZDvqvE3vq,"Like A Pen - Hearthrob Dub","The Knife,Helmut",https://open.spotify.com/track/4GvvSiQddQmpYZDvqvE3vq,spotify:track:4GvvSiQddQmpYZDvqvE3vq
118ep7P64UrXLHePsyqYms,"Like A Pen - Extended Club Mix","The Knife,Christoffer Berg",https://open.spotify.com/track/118ep7P64UrXLHePsyqYms,spotify:track:118ep7P64UrXLHePsyqYms
76sPKRGvzZYICkHBKcZAlj,"Marble House - Emperor Machine Remix Edit","The Knife,The Emperor Machine",https://open.spotify.com/track/76sPKRGvzZYICkHBKcZAlj,spotify:track:76sPKRGvzZYICkHBKcZAlj
74p0kl34cwJ1ehzGuKCsbZ,"Marble House - Rex the Dog Remix","The Knife,Rex The Dog",https://open.spotify.com/track/74p0kl34cwJ1ehzGuKCsbZ,spotify:track:74p0kl34cwJ1ehzGuKCsbZ
6NnWY7DY7F0i2eiBXuPOB7,"Marble House - Bookashade Remix","The Knife,The Emperor Machine",https://open.spotify.com/track/6NnWY7DY7F0i2eiBXuPOB7,spotify:track:6NnWY7DY7F0i2eiBXuPOB7
6JQFuxLwhvtHRmRMebgiLB,"Silent Shout","The Knife",https://open.spotify.com/track/6JQFuxLwhvtHRmRMebgiLB,spotify:track:6JQFuxLwhvtHRmRMebgiLB
0ONbiyqCsjVSjrrZJISZIY,Neverland,"The Knife",https://open.spotify.com/track/0ONbiyqCsjVSjrrZJISZIY,spotify:track:0ONbiyqCsjVSjrrZJISZIY
6XwN8gUpprAyI7Ip9JQxan,"The Captain","The Knife",https://open.spotify.com/track/6XwN8gUpprAyI7Ip9JQxan,spotify:track:6XwN8gUpprAyI7Ip9JQxan
61PbukdCstqNPp9YEVuYOr,"We Share Our Mothers' Health","The Knife",https://open.spotify.com/track/61PbukdCstqNPp9YEVuYOr,spotify:track:61PbukdCstqNPp9YEVuYOr
7vIlwBzmmlBiVafofcIP5t,"Na Na Na","The Knife",https://open.spotify.com/track/7vIlwBzmmlBiVafofcIP5t,spotify:track:7vIlwBzmmlBiVafofcIP5t
5iwxuNxMzFXFVVsxWz7gQI,"Marble House","The Knife",https://open.spotify.com/track/5iwxuNxMzFXFVVsxWz7gQI,spotify:track:5iwxuNxMzFXFVVsxWz7gQI
6V7NRKpW0aRRLGzW4zLyED,"Like A Pen","The Knife",https://open.spotify.com/track/6V7NRKpW0aRRLGzW4zLyED,spotify:track:6V7NRKpW0aRRLGzW4zLyED
0rlZWBgX1i88RYA00P5pwg,"From Off To On","The Knife",https://open.spotify.com/track/0rlZWBgX1i88RYA00P5pwg,spotify:track:0rlZWBgX1i88RYA00P5pwg
6kNiVHAyiXH0hCQDRcGw4N,"Forest Families","The Knife",https://open.spotify.com/track/6kNiVHAyiXH0hCQDRcGw4N,spotify:track:6kNiVHAyiXH0hCQDRcGw4N
2oW2xcS3wurFt7tJPtozBe,"One Hit","The Knife",https://open.spotify.com/track/2oW2xcS3wurFt7tJPtozBe,spotify:track:2oW2xcS3wurFt7tJPtozBe
3YZk0pVNHJHTbfMNYrshMN,"Still Light","The Knife",https://open.spotify.com/track/3YZk0pVNHJHTbfMNYrshMN,spotify:track:3YZk0pVNHJHTbfMNYrshMN
0JGZBcfnqLvz2wGOP47i4i,"We Share Our Mothers' Health - Trentemøller Remix","The Knife",https://open.spotify.com/track/0JGZBcfnqLvz2wGOP47i4i,spotify:track:0JGZBcfnqLvz2wGOP47i4i
3tansplxIeWqVVlaidvV2Y,"We Share Our Mothers' Health - Radio Slave's Secret Base Remix","The Knife",https://open.spotify.com/track/3tansplxIeWqVVlaidvV2Y,spotify:track:3tansplxIeWqVVlaidvV2Y
6loQhXEOFkNF7ZA4YjpFN9,"We Share Our Mothers' Health - Ratatat Remix","The Knife",https://open.spotify.com/track/6loQhXEOFkNF7ZA4YjpFN9,spotify:track:6loQhXEOFkNF7ZA4YjpFN9
7ewDeEPlZB5RFmghnIDob0,"You Take My Breath Away - Puppetmasters Remix","The Knife,Puppetmasters",https://open.spotify.com/track/7ewDeEPlZB5RFmghnIDob0,spotify:track:7ewDeEPlZB5RFmghnIDob0
4LG888bzqPoLOM8UroeS5G,Decoder,Kodomo,https://open.spotify.com/track/4LG888bzqPoLOM8UroeS5G,spotify:track:4LG888bzqPoLOM8UroeS5G
135BW8WpnDrVAcoEVJNwTH,Boolin,"Kyral X Banko,MZG",https://open.spotify.com/track/135BW8WpnDrVAcoEVJNwTH,spotify:track:135BW8WpnDrVAcoEVJNwTH
2mSzRIa08GWeIUf8c0eg9r,"Black Lambo",Lazerpunk,https://open.spotify.com/track/2mSzRIa08GWeIUf8c0eg9r,spotify:track:2mSzRIa08GWeIUf8c0eg9r
4SUtDKcYRJhOPi6IDpkDlF,Toomuchhorsepower,"Lazerpunk,Machabray",https://open.spotify.com/track/4SUtDKcYRJhOPi6IDpkDlF,spotify:track:4SUtDKcYRJhOPi6IDpkDlF
3zATUKWRDOVXz0U4Zx9jLe,"Black Lambo - Quixotic Remix","Lazerpunk,Quixotic",https://open.spotify.com/track/3zATUKWRDOVXz0U4Zx9jLe,spotify:track:3zATUKWRDOVXz0U4Zx9jLe
2gm3U9HCbRpZmfn4bMFzTE,"Phoenix (1788-L Remix)","League of Legends,1788-L,Cailin Russo,Chrissy Costanza",https://open.spotify.com/track/2gm3U9HCbRpZmfn4bMFzTE,spotify:track:2gm3U9HCbRpZmfn4bMFzTE
7jiDRAFKzx8ctODouuUbzk,"Cider Time",Lifeformed,https://open.spotify.com/track/7jiDRAFKzx8ctODouuUbzk,spotify:track:7jiDRAFKzx8ctODouuUbzk
5guWImRfbFiL6huf2CE3N5,"Don't Stop","Liquid Stranger",https://open.spotify.com/track/5guWImRfbFiL6huf2CE3N5,spotify:track:5guWImRfbFiL6huf2CE3N5
22B3g2WSeEFcIH6ieZ0SKz,Moi,"Lolo Zouaï",https://open.spotify.com/track/22B3g2WSeEFcIH6ieZ0SKz,spotify:track:22B3g2WSeEFcIH6ieZ0SKz
59mH1qOaKrtOGGOu8kCrxg,Apollo,Lookas,https://open.spotify.com/track/59mH1qOaKrtOGGOu8kCrxg,spotify:track:59mH1qOaKrtOGGOu8kCrxg
4I27qMefHdVnH11HKtdfDL,BLASTA,"LSDREAM,INZO",https://open.spotify.com/track/4I27qMefHdVnH11HKtdfDL,spotify:track:4I27qMefHdVnH11HKtdfDL
68IFqsjx3XWuZhNhhhdwnb,"LOVE ROCKET","LSDREAM,MeSo,Elephant Heart",https://open.spotify.com/track/68IFqsjx3XWuZhNhhhdwnb,spotify:track:68IFqsjx3XWuZhNhhhdwnb
67Hna13dNDkZvBpTXRIaOJ,Teardrop,"Massive Attack,Elizabeth Fraser",https://open.spotify.com/track/67Hna13dNDkZvBpTXRIaOJ,spotify:track:67Hna13dNDkZvBpTXRIaOJ
5f2aqWsRhGnegGhzPmOLlb,Blacklist,"MeSo,SPADES",https://open.spotify.com/track/5f2aqWsRhGnegGhzPmOLlb,spotify:track:5f2aqWsRhGnegGhzPmOLlb
44LJnpmmHiU9doSA9izkVc,Tokyo,Minnesota,https://open.spotify.com/track/44LJnpmmHiU9doSA9izkVc,spotify:track:44LJnpmmHiU9doSA9izkVc
3KVp3xFBemY9Z4O7vYNfuf,"Float (feat. Zion I)","Minnesota,Zion I",https://open.spotify.com/track/3KVp3xFBemY9Z4O7vYNfuf,spotify:track:3KVp3xFBemY9Z4O7vYNfuf
1ALnoL5Jvy22YRDMtIgSlf,"Indian Summer (feat. G Jones)","Minnesota,G. Jones",https://open.spotify.com/track/1ALnoL5Jvy22YRDMtIgSlf,spotify:track:1ALnoL5Jvy22YRDMtIgSlf
3D9peIFaKCA6gIM52NgjFg,Breathe,Minnesota,https://open.spotify.com/track/3D9peIFaKCA6gIM52NgjFg,spotify:track:3D9peIFaKCA6gIM52NgjFg
1rvNDIfm1nDdMG8CLMotRA,"Hold Up",Minnesota,https://open.spotify.com/track/1rvNDIfm1nDdMG8CLMotRA,spotify:track:1rvNDIfm1nDdMG8CLMotRA
5rXzqyMfL2cETgzkLIKYEe,"Living Together",Minnesota,https://open.spotify.com/track/5rXzqyMfL2cETgzkLIKYEe,spotify:track:5rXzqyMfL2cETgzkLIKYEe
5kukfGFBnBi9SsNskzZacT,Relax,Minnesota,https://open.spotify.com/track/5kukfGFBnBi9SsNskzZacT,spotify:track:5kukfGFBnBi9SsNskzZacT
36r9gvHf6HrBssnJKZcDEs,Stardust,Minnesota,https://open.spotify.com/track/36r9gvHf6HrBssnJKZcDEs,spotify:track:36r9gvHf6HrBssnJKZcDEs
4ZHNGs3LJODcWrU197iiwY,"Astral Projection",Minnesota,https://open.spotify.com/track/4ZHNGs3LJODcWrU197iiwY,spotify:track:4ZHNGs3LJODcWrU197iiwY
0FW5rNyJILH2DEDcE5Xndy,"Bass Power - The Frim Remix",Minnesota,https://open.spotify.com/track/0FW5rNyJILH2DEDcE5Xndy,spotify:track:0FW5rNyJILH2DEDcE5Xndy
0dNBfx1jNyAVgRKxIKcKub,Beacon,Minnesota,https://open.spotify.com/track/0dNBfx1jNyAVgRKxIKcKub,spotify:track:0dNBfx1jNyAVgRKxIKcKub
7mudOJr4zMXphzgbI1bXq2,"Comfort Zone",Minnesota,https://open.spotify.com/track/7mudOJr4zMXphzgbI1bXq2,spotify:track:7mudOJr4zMXphzgbI1bXq2
0oj6WezUYI3YfX1WRyYoz7,"Confusion - IDHS Remix","Minnesota,IDHS",https://open.spotify.com/track/0oj6WezUYI3YfX1WRyYoz7,spotify:track:0oj6WezUYI3YfX1WRyYoz7
1UU8LWuGXCxfBlajdHGXji,"Desolation Peak",Minnesota,https://open.spotify.com/track/1UU8LWuGXCxfBlajdHGXji,spotify:track:1UU8LWuGXCxfBlajdHGXji
7agGS5AmI9vuneVRaMirK6,"Desolation Peak - NotLö Remix","Minnesota,NotLö",https://open.spotify.com/track/7agGS5AmI9vuneVRaMirK6,spotify:track:7agGS5AmI9vuneVRaMirK6
1jt2oJgjpOxScbngtLfMvM,Devour,Minnesota,https://open.spotify.com/track/1jt2oJgjpOxScbngtLfMvM,spotify:track:1jt2oJgjpOxScbngtLfMvM
60rMnVzbNfqt9YAEI9xJ8D,Bloom,Minnesota,https://open.spotify.com/track/60rMnVzbNfqt9YAEI9xJ8D,spotify:track:60rMnVzbNfqt9YAEI9xJ8D
6eFG8AQWhxCNFajyO4CtNO,Reality,Minnesota,https://open.spotify.com/track/6eFG8AQWhxCNFajyO4CtNO,spotify:track:6eFG8AQWhxCNFajyO4CtNO
4GYgtKT8hipd81x2lbWEgF,Confusion,Minnesota,https://open.spotify.com/track/4GYgtKT8hipd81x2lbWEgF,spotify:track:4GYgtKT8hipd81x2lbWEgF
4c0f3kLI0L5mvsHdF2AU2l,"Desolation Peak",Minnesota,https://open.spotify.com/track/4c0f3kLI0L5mvsHdF2AU2l,spotify:track:4c0f3kLI0L5mvsHdF2AU2l
1k78VzTy0opVzW71iot6CG,"Comfort Zone",Minnesota,https://open.spotify.com/track/1k78VzTy0opVzW71iot6CG,spotify:track:1k78VzTy0opVzW71iot6CG
2Mb8T742ckl5v5DkMob2f3,"Into The Void",Minnesota,https://open.spotify.com/track/2Mb8T742ckl5v5DkMob2f3,spotify:track:2Mb8T742ckl5v5DkMob2f3
6WMGDkn78EPJZWc4RuFaRB,"Not A Trend","Minnesota,VCTRE",https://open.spotify.com/track/6WMGDkn78EPJZWc4RuFaRB,spotify:track:6WMGDkn78EPJZWc4RuFaRB
7vYS7wrJJUZxhSOOmFqMh2,"Reality - Bricksquash Remix","Minnesota,Bricksquash",https://open.spotify.com/track/7vYS7wrJJUZxhSOOmFqMh2,spotify:track:7vYS7wrJJUZxhSOOmFqMh2
4ITIrdfHGfMf42B9rJpAYQ,Sunburst,Minnesota,https://open.spotify.com/track/4ITIrdfHGfMf42B9rJpAYQ,spotify:track:4ITIrdfHGfMf42B9rJpAYQ
7zYMOBTlSWdFu2RIQIwyiX,"Too Faced - Stylust Remix","Minnesota,Reks,Stylust",https://open.spotify.com/track/7zYMOBTlSWdFu2RIQIwyiX,spotify:track:7zYMOBTlSWdFu2RIQIwyiX
3qSco6DztqQB9Q7Np02RYm,Voyager,Minnesota,https://open.spotify.com/track/3qSco6DztqQB9Q7Np02RYm,spotify:track:3qSco6DztqQB9Q7Np02RYm
0VaSpKhOBMT7Pi7GRHv6cy,Airships,Minnesota,https://open.spotify.com/track/0VaSpKhOBMT7Pi7GRHv6cy,spotify:track:0VaSpKhOBMT7Pi7GRHv6cy
0BrgrPEXlEeqUzHkFfTYeh,"Golden Era",Minnesota,https://open.spotify.com/track/0BrgrPEXlEeqUzHkFfTYeh,spotify:track:0BrgrPEXlEeqUzHkFfTYeh
0J1eHlsssIST1XeydVTHOW,Paradise,Minnesota,https://open.spotify.com/track/0J1eHlsssIST1XeydVTHOW,spotify:track:0J1eHlsssIST1XeydVTHOW
2ri4GtR5vA4xUqH3taPjkA,"Sail Away",Minnesota,https://open.spotify.com/track/2ri4GtR5vA4xUqH3taPjkA,spotify:track:2ri4GtR5vA4xUqH3taPjkA
6tuLr8B7NkM9qlhB9SG1Iz,"Born - Original Mix",MitiS,https://open.spotify.com/track/6tuLr8B7NkM9qlhB9SG1Iz,spotify:track:6tuLr8B7NkM9qlhB9SG1Iz
467K0pqeUNOXgQJPf2g0Zc,"Please Go",MitiS,https://open.spotify.com/track/467K0pqeUNOXgQJPf2g0Zc,spotify:track:467K0pqeUNOXgQJPf2g0Zc
0EMXwBe2FCKKc1pXk0k2Vk,"Mirages - Original Mix",MitiS,https://open.spotify.com/track/0EMXwBe2FCKKc1pXk0k2Vk,spotify:track:0EMXwBe2FCKKc1pXk0k2Vk
3WpLfCkrlQxj8SISLzhs06,"Let Your Love Grow","Moderat,Paul St. Hilaire",https://open.spotify.com/track/3WpLfCkrlQxj8SISLzhs06,spotify:track:3WpLfCkrlQxj8SISLzhs06
2To3PTOTGJUtRsK3nQemP4,"Happy Birthday!",Modeselektor,https://open.spotify.com/track/2To3PTOTGJUtRsK3nQemP4,spotify:track:2To3PTOTGJUtRsK3nQemP4
0tDoBMgyAzGgLhs73KPrJL,Godspeed,Modeselektor,https://open.spotify.com/track/0tDoBMgyAzGgLhs73KPrJL,spotify:track:0tDoBMgyAzGgLhs73KPrJL
5YkSQuB8i7J4TTyj0xw6ol,2000007,"Modeselektor,TTC",https://open.spotify.com/track/5YkSQuB8i7J4TTyj0xw6ol,spotify:track:5YkSQuB8i7J4TTyj0xw6ol
0kdSj5REwpHjTBaBsm1wv8,Suckerpin,Modeselektor,https://open.spotify.com/track/0kdSj5REwpHjTBaBsm1wv8,spotify:track:0kdSj5REwpHjTBaBsm1wv8
3BgnZiGnnRlXfeGR8ryKzT,Edgar,Modeselektor,https://open.spotify.com/track/3BgnZiGnnRlXfeGR8ryKzT,spotify:track:3BgnZiGnnRlXfeGR8ryKzT
1I9VibKgJTqGfrh8fEK3sL,"The Dark Side Of The Sun","Modeselektor,Puppetmastaz",https://open.spotify.com/track/1I9VibKgJTqGfrh8fEK3sL,spotify:track:1I9VibKgJTqGfrh8fEK3sL
6rXSPMgGIyOYiMhsj3eSAi,Déboutonner,"Modeselektor,Siriusmo",https://open.spotify.com/track/6rXSPMgGIyOYiMhsj3eSAi,spotify:track:6rXSPMgGIyOYiMhsj3eSAi
2xwuXthwdNGbPyEqifPQNW,"The Black Block",Modeselektor,https://open.spotify.com/track/2xwuXthwdNGbPyEqifPQNW,spotify:track:2xwuXthwdNGbPyEqifPQNW
0Vg95KZwFmD8iZEo8e6xC0,"Dancing Box","Modeselektor,TTC",https://open.spotify.com/track/0Vg95KZwFmD8iZEo8e6xC0,spotify:track:0Vg95KZwFmD8iZEo8e6xC0
5YwalhClsH4eed5vkSU7d9,Tetrispack,Modeselektor,https://open.spotify.com/track/5YwalhClsH4eed5vkSU7d9,spotify:track:5YwalhClsH4eed5vkSU7d9
6TvZxt4o34jsxk25dBRDei,"Kill Bill Vol. 4",Modeselektor,https://open.spotify.com/track/6TvZxt4o34jsxk25dBRDei,spotify:track:6TvZxt4o34jsxk25dBRDei
58xBnzRni79D1FPnksKLmB,Silikon,"Modeselektor,Sacha Perera",https://open.spotify.com/track/58xBnzRni79D1FPnksKLmB,spotify:track:58xBnzRni79D1FPnksKLmB
3u6L6Go8hGx9daN7573zTp,"Blue Clouds",Modeselektor,https://open.spotify.com/track/3u6L6Go8hGx9daN7573zTp,spotify:track:3u6L6Go8hGx9daN7573zTp
3JVuEBIlHyIKw4ts5J62KK,"Pretentious Friends feat. Busdriver","Modeselektor,BUSDRIVER",https://open.spotify.com/track/3JVuEBIlHyIKw4ts5J62KK,spotify:track:3JVuEBIlHyIKw4ts5J62KK
6ejNEhXexrAq0MrMGq4MYi,"Evil Twin feat. Otto von Schirach","Modeselektor,Otto Von Schirach",https://open.spotify.com/track/6ejNEhXexrAq0MrMGq4MYi,spotify:track:6ejNEhXexrAq0MrMGq4MYi
3kGk98OggWD18ZBo8UQjWd,Grillwalker,Modeselektor,https://open.spotify.com/track/3kGk98OggWD18ZBo8UQjWd,spotify:track:3kGk98OggWD18ZBo8UQjWd
50uaVi1LyFRFh5G31ekOEH,Empress,Mosh,https://open.spotify.com/track/50uaVi1LyFRFh5G31ekOEH,spotify:track:50uaVi1LyFRFh5G31ekOEH
0Ik5AkzjXTDRQuFSOWX2l6,Yokai,Mosh,https://open.spotify.com/track/0Ik5AkzjXTDRQuFSOWX2l6,spotify:track:0Ik5AkzjXTDRQuFSOWX2l6
24ZhbjjK5z2NbNpK5JijB8,Komodo,Mosh,https://open.spotify.com/track/24ZhbjjK5z2NbNpK5JijB8,spotify:track:24ZhbjjK5z2NbNpK5JijB8
4soY9bwEWcJwJOv1S5NWYY,"Loud (feat. Dendrityx & Melanie K.A.)","Mosh,Dendrityx,Melanie K.A.",https://open.spotify.com/track/4soY9bwEWcJwJOv1S5NWYY,spotify:track:4soY9bwEWcJwJOv1S5NWYY
1f7vGEaGPj6u5rativcaSO,Metrapol,Mosh,https://open.spotify.com/track/1f7vGEaGPj6u5rativcaSO,spotify:track:1f7vGEaGPj6u5rativcaSO
33kJeJxptrm4UwB9RDKR5d,McQueen,Mosh,https://open.spotify.com/track/33kJeJxptrm4UwB9RDKR5d,spotify:track:33kJeJxptrm4UwB9RDKR5d
33kJeJxptrm4UwB9RDKR5d,McQueen,Mosh,https://open.spotify.com/track/33kJeJxptrm4UwB9RDKR5d,spotify:track:33kJeJxptrm4UwB9RDKR5d
6z0nQdPhfvFq8nEpjCYM56,Taurus,Mosh,https://open.spotify.com/track/6z0nQdPhfvFq8nEpjCYM56,spotify:track:6z0nQdPhfvFq8nEpjCYM56
6z0nQdPhfvFq8nEpjCYM56,Taurus,Mosh,https://open.spotify.com/track/6z0nQdPhfvFq8nEpjCYM56,spotify:track:6z0nQdPhfvFq8nEpjCYM56
1jVbbGftoPGTuem4IHJW9T,Leopold,Mosh,https://open.spotify.com/track/1jVbbGftoPGTuem4IHJW9T,spotify:track:1jVbbGftoPGTuem4IHJW9T
1jVbbGftoPGTuem4IHJW9T,Leopold,Mosh,https://open.spotify.com/track/1jVbbGftoPGTuem4IHJW9T,spotify:track:1jVbbGftoPGTuem4IHJW9T
0N2qrApwTB59fUQBjrQMxY,Kingpin,Mosh,https://open.spotify.com/track/0N2qrApwTB59fUQBjrQMxY,spotify:track:0N2qrApwTB59fUQBjrQMxY
0N2qrApwTB59fUQBjrQMxY,Kingpin,Mosh,https://open.spotify.com/track/0N2qrApwTB59fUQBjrQMxY,spotify:track:0N2qrApwTB59fUQBjrQMxY
2S3lyjYyVxz2Z4YWLe2IMy,Misbehavior,Mosh,https://open.spotify.com/track/2S3lyjYyVxz2Z4YWLe2IMy,spotify:track:2S3lyjYyVxz2Z4YWLe2IMy
0hkRjAJ7zoxcuSJvu1Em1T,"Silence of the Swans",Mosh,https://open.spotify.com/track/0hkRjAJ7zoxcuSJvu1Em1T,spotify:track:0hkRjAJ7zoxcuSJvu1Em1T
0hkRjAJ7zoxcuSJvu1Em1T,"Silence of the Swans",Mosh,https://open.spotify.com/track/0hkRjAJ7zoxcuSJvu1Em1T,spotify:track:0hkRjAJ7zoxcuSJvu1Em1T
4otMeR4w3UPPYFXYtCuBQz,"Odyssey XIX",Mosh,https://open.spotify.com/track/4otMeR4w3UPPYFXYtCuBQz,spotify:track:4otMeR4w3UPPYFXYtCuBQz
4TmbeirePjZ9HOq9qPpyzG,"Ballad of Gloria Featherbottom","Mux Mool",https://open.spotify.com/track/4TmbeirePjZ9HOq9qPpyzG,spotify:track:4TmbeirePjZ9HOq9qPpyzG
7B25T2i29CXr7G8to47Abm,"Hog Knuckles","Mux Mool",https://open.spotify.com/track/7B25T2i29CXr7G8to47Abm,spotify:track:7B25T2i29CXr7G8to47Abm
3LySB3rJF9puExlCSpyqZP,Skulltaste,"Mux Mool",https://open.spotify.com/track/3LySB3rJF9puExlCSpyqZP,spotify:track:3LySB3rJF9puExlCSpyqZP
3RuT9PDcYjwn4h6sBvEuXs,"Breakfast Enthusiast","Mux Mool",https://open.spotify.com/track/3RuT9PDcYjwn4h6sBvEuXs,spotify:track:3RuT9PDcYjwn4h6sBvEuXs
6bmGZNafAsSvZfuTRhBrEp,"Wax Rose Saturday","Mux Mool",https://open.spotify.com/track/6bmGZNafAsSvZfuTRhBrEp,spotify:track:6bmGZNafAsSvZfuTRhBrEp
0ZiS6kq4aI2xka6BgsLMEc,"Death 9000","Mux Mool",https://open.spotify.com/track/0ZiS6kq4aI2xka6BgsLMEc,spotify:track:0ZiS6kq4aI2xka6BgsLMEc
5nhTLlbyWnpN0XZ1qoSy8V,"1st And 4th","Mux Mool",https://open.spotify.com/track/5nhTLlbyWnpN0XZ1qoSy8V,spotify:track:5nhTLlbyWnpN0XZ1qoSy8V
63sfgOw43iWX1MxAw6tb1W,"SFW Porn","Mux Mool",https://open.spotify.com/track/63sfgOw43iWX1MxAw6tb1W,spotify:track:63sfgOw43iWX1MxAw6tb1W
1iBuZ2TZOFhXtaha8SJNbz,Crackers,"Mux Mool",https://open.spotify.com/track/1iBuZ2TZOFhXtaha8SJNbz,spotify:track:1iBuZ2TZOFhXtaha8SJNbz
0dIeTRcZ76fJu6ASMr3jyB,"Morning Strut","Mux Mool",https://open.spotify.com/track/0dIeTRcZ76fJu6ASMr3jyB,spotify:track:0dIeTRcZ76fJu6ASMr3jyB
54XZDnpWL6n8yV2NWUEVut,"No Black Crayon - Digital Bonus","Mux Mool",https://open.spotify.com/track/54XZDnpWL6n8yV2NWUEVut,spotify:track:54XZDnpWL6n8yV2NWUEVut
2sQSDbQTmY52vCIXXwORHL,"NAFE - Digital Bonus","Mux Mool",https://open.spotify.com/track/2sQSDbQTmY52vCIXXwORHL,spotify:track:2sQSDbQTmY52vCIXXwORHL
04Ds0dEUUDveFJ2CzNiaXw,"Lady Linda - Digital Bonus","Mux Mool",https://open.spotify.com/track/04Ds0dEUUDveFJ2CzNiaXw,spotify:track:04Ds0dEUUDveFJ2CzNiaXw
6w54jFJTBUDPWNBcd2X3BG,B.R.U.L.,Noisia,https://open.spotify.com/track/6w54jFJTBUDPWNBcd2X3BG,spotify:track:6w54jFJTBUDPWNBcd2X3BG
3ExMMb842s1Dw0xYmoOv1n,Entity,Notixx,https://open.spotify.com/track/3ExMMb842s1Dw0xYmoOv1n,spotify:track:3ExMMb842s1Dw0xYmoOv1n
7CQh5cvBqMxlKIghGvO6s1,MDR,"Party Favor,Baauer",https://open.spotify.com/track/7CQh5cvBqMxlKIghGvO6s1,spotify:track:7CQh5cvBqMxlKIghGvO6s1
3WRQUvzRvBDr4AxMWhXc5E,"Sunset Lover","Petit Biscuit",https://open.spotify.com/track/3WRQUvzRvBDr4AxMWhXc5E,spotify:track:3WRQUvzRvBDr4AxMWhXc5E
0ww1uT730Vill1ylmUvdrT,"Open Up - Original Mix",Pheeno,https://open.spotify.com/track/0ww1uT730Vill1ylmUvdrT,spotify:track:0ww1uT730Vill1ylmUvdrT
6BivCuyKJtgLa9ooFsvUoZ,Flicker,"Porter Robinson",https://open.spotify.com/track/6BivCuyKJtgLa9ooFsvUoZ,spotify:track:6BivCuyKJtgLa9ooFsvUoZ
1zHwK27GhckHKYKCWGFNpR,Guerilla,"Professor Kliq",https://open.spotify.com/track/1zHwK27GhckHKYKCWGFNpR,spotify:track:1zHwK27GhckHKYKCWGFNpR
2FzkvKvWGSqId9rvfHQSUc,"All Control","Professor Kliq",https://open.spotify.com/track/2FzkvKvWGSqId9rvfHQSUc,spotify:track:2FzkvKvWGSqId9rvfHQSUc
51ZgfUzmJjdL8VaAZ1GDhc,"Digijam Dub","Psilodump,Son of Sun",https://open.spotify.com/track/51ZgfUzmJjdL8VaAZ1GDhc,spotify:track:51ZgfUzmJjdL8VaAZ1GDhc
1nj3fP1BRNJWfWZOFZ56nu,"One Thing (feat. Cristina Soto) - Amp Live Remix","Psymbionic,Amp Live,Cristina Soto",https://open.spotify.com/track/1nj3fP1BRNJWfWZOFZ56nu,spotify:track:1nj3fP1BRNJWfWZOFZ56nu
4Th96KmNOHuwzPHXBiZzbT,Speakaz,"Ravenscoon,Noise Pollution",https://open.spotify.com/track/4Th96KmNOHuwzPHXBiZzbT,spotify:track:4Th96KmNOHuwzPHXBiZzbT
0PAVu533XwOh2ehyGPqrjw,"H E X","Rezz,1788-L",https://open.spotify.com/track/0PAVu533XwOh2ehyGPqrjw,spotify:track:0PAVu533XwOh2ehyGPqrjw
4pCvnGkf7jveRMKHZosxxB,Edge,Rezz,https://open.spotify.com/track/4pCvnGkf7jveRMKHZosxxB,spotify:track:4pCvnGkf7jveRMKHZosxxB
6rG0BiBkQc7FeSkyxR0FrN,Skulls,Röyksopp,https://open.spotify.com/track/6rG0BiBkQc7FeSkyxR0FrN,spotify:track:6rG0BiBkQc7FeSkyxR0FrN
616ddBwW0LpyhCpLE5BpIP,"Monument - The Inevitable End Version","Röyksopp,Robyn",https://open.spotify.com/track/616ddBwW0LpyhCpLE5BpIP,spotify:track:616ddBwW0LpyhCpLE5BpIP
1BwysZ056kDxuoWuZKYSLJ,"Never Ever","Röyksopp,Susanne Sundfør",https://open.spotify.com/track/1BwysZ056kDxuoWuZKYSLJ,spotify:track:1BwysZ056kDxuoWuZKYSLJ
7FyH7vhKeIIIPIMJArcmTG,Glacierfall,Sakuraburst,https://open.spotify.com/track/7FyH7vhKeIIIPIMJArcmTG,spotify:track:7FyH7vhKeIIIPIMJArcmTG
32KFmrnVGGvs1tOIijz0a8,Parallax,"Shadow Dancer",https://open.spotify.com/track/32KFmrnVGGvs1tOIijz0a8,spotify:track:32KFmrnVGGvs1tOIijz0a8
73icgGWQ5Zy89lwam6dIms,Supernatural,"Shirobon,Jared Fortune",https://open.spotify.com/track/73icgGWQ5Zy89lwam6dIms,spotify:track:73icgGWQ5Zy89lwam6dIms
71nl1SX7JXMyVyG2zTJk1J,"Wow (Modeselektor Edit)",Siriusmo,https://open.spotify.com/track/71nl1SX7JXMyVyG2zTJk1J,spotify:track:71nl1SX7JXMyVyG2zTJk1J
6waGs7Ktxu7bL4cxlxE0ER,"Doctor Beak",Siriusmo,https://open.spotify.com/track/6waGs7Ktxu7bL4cxlxE0ER,spotify:track:6waGs7Ktxu7bL4cxlxE0ER
3P9ZS3bmGzQTw95HSKCUfI,Enthusiast,Siriusmo,https://open.spotify.com/track/3P9ZS3bmGzQTw95HSKCUfI,spotify:track:3P9ZS3bmGzQTw95HSKCUfI
0D7MCOL5hJ2WIW9owFifUi,"Plastic Hips",Siriusmo,https://open.spotify.com/track/0D7MCOL5hJ2WIW9owFifUi,spotify:track:0D7MCOL5hJ2WIW9owFifUi
3nuqSXnU3YUUpZ4yBdNlOG,Itchy,Siriusmo,https://open.spotify.com/track/3nuqSXnU3YUUpZ4yBdNlOG,spotify:track:3nuqSXnU3YUUpZ4yBdNlOG
2s31WddOKFmeof135Onjem,"Stinky Wig",Siriusmo,https://open.spotify.com/track/2s31WddOKFmeof135Onjem,spotify:track:2s31WddOKFmeof135Onjem
0yKsbNdl3yc7xyz6afXqoU,Rantanplant,Siriusmo,https://open.spotify.com/track/0yKsbNdl3yc7xyz6afXqoU,spotify:track:0yKsbNdl3yc7xyz6afXqoU
2DlfLPbXH5ncf56Nytxd4w,"High Together",Siriusmo,https://open.spotify.com/track/2DlfLPbXH5ncf56Nytxd4w,spotify:track:2DlfLPbXH5ncf56Nytxd4w
3N6Covb6XBxTe07Sxplmm6,Sirimande,Siriusmo,https://open.spotify.com/track/3N6Covb6XBxTe07Sxplmm6,spotify:track:3N6Covb6XBxTe07Sxplmm6
6CJFKXG53h5kuq2vQo2n7L,Mosaik,Siriusmo,https://open.spotify.com/track/6CJFKXG53h5kuq2vQo2n7L,spotify:track:6CJFKXG53h5kuq2vQo2n7L
5juZfF5UayYUTeVdVMLBnu,"Bad Idea",Siriusmo,https://open.spotify.com/track/5juZfF5UayYUTeVdVMLBnu,spotify:track:5juZfF5UayYUTeVdVMLBnu
0N7bQuBPUDPX2hEqa5tn6G,"Lass Den Vogel Frei!",Siriusmo,https://open.spotify.com/track/0N7bQuBPUDPX2hEqa5tn6G,spotify:track:0N7bQuBPUDPX2hEqa5tn6G
6oazl1zzxCz9FU3MkQ2nL5,123,Siriusmo,https://open.spotify.com/track/6oazl1zzxCz9FU3MkQ2nL5,spotify:track:6oazl1zzxCz9FU3MkQ2nL5
6vvrMvzl8xBUCLUlh9ggTP,Idiologie,Siriusmo,https://open.spotify.com/track/6vvrMvzl8xBUCLUlh9ggTP,spotify:track:6vvrMvzl8xBUCLUlh9ggTP
2w9zzJgLD6Yyk3jCKGaMDn,"Einmal In Der Woche Schreien",Siriusmo,https://open.spotify.com/track/2w9zzJgLD6Yyk3jCKGaMDn,spotify:track:2w9zzJgLD6Yyk3jCKGaMDn
0X5VNy78Y7AKqiNnV4e01j,"Good Idea",Siriusmo,https://open.spotify.com/track/0X5VNy78Y7AKqiNnV4e01j,spotify:track:0X5VNy78Y7AKqiNnV4e01j
6P2fatcm7I2QOZdz4zHAIT,"Nights Off",Siriusmo,https://open.spotify.com/track/6P2fatcm7I2QOZdz4zHAIT,spotify:track:6P2fatcm7I2QOZdz4zHAIT
2iJrP2nSVju5sGi7UBpcS0,"Feed My Meatmachine",Siriusmo,https://open.spotify.com/track/2iJrP2nSVju5sGi7UBpcS0,spotify:track:2iJrP2nSVju5sGi7UBpcS0
27zwTwdriO2GRUppbNvi9y,Signal,Siriusmo,https://open.spotify.com/track/27zwTwdriO2GRUppbNvi9y,spotify:track:27zwTwdriO2GRUppbNvi9y
26LTMdRM8hBUkbIn4fRZMQ,"Red Knob",Siriusmo,https://open.spotify.com/track/26LTMdRM8hBUkbIn4fRZMQ,spotify:track:26LTMdRM8hBUkbIn4fRZMQ
3GbIAc1YF7taTuU6FG1W13,"Candy Flip",Slushii,https://open.spotify.com/track/3GbIAc1YF7taTuU6FG1W13,spotify:track:3GbIAc1YF7taTuU6FG1W13
3F5infUkSUta4QJy2qoymt,Redline,"SNAILS,Boogie T",https://open.spotify.com/track/3F5infUkSUta4QJy2qoymt,spotify:track:3F5infUkSUta4QJy2qoymt
0qwModx5OtFMuLoTLwTxda,"Meatball Parm","Space Jesus,Conrank",https://open.spotify.com/track/0qwModx5OtFMuLoTLwTxda,spotify:track:0qwModx5OtFMuLoTLwTxda
2qiNqpbZzziUVJdVe45hGg,D.A.W,"Space Laces",https://open.spotify.com/track/2qiNqpbZzziUVJdVe45hGg,spotify:track:2qiNqpbZzziUVJdVe45hGg
6mMkFGViRCPf1vvtHEc3JO,"Aurora (Steve Aoki Presents Ninja Attack)","Steve Aoki,Ninja Attack",https://open.spotify.com/track/6mMkFGViRCPf1vvtHEc3JO,spotify:track:6mMkFGViRCPf1vvtHEc3JO
7diZ7Bavq4xb6Rz8h2UquI,Chained,"Street Fever",https://open.spotify.com/track/7diZ7Bavq4xb6Rz8h2UquI,spotify:track:7diZ7Bavq4xb6Rz8h2UquI
1HdWRQkR6mTBqkgs39mSQk,Monument,"Street Fever",https://open.spotify.com/track/1HdWRQkR6mTBqkgs39mSQk,spotify:track:1HdWRQkR6mTBqkgs39mSQk
3myNWQRygyxWBqhb8vbtBL,Run,"Street Fever",https://open.spotify.com/track/3myNWQRygyxWBqhb8vbtBL,spotify:track:3myNWQRygyxWBqhb8vbtBL
4QXmWbNpLcu27gHka9q7sk,Failure,"Street Fever",https://open.spotify.com/track/4QXmWbNpLcu27gHka9q7sk,spotify:track:4QXmWbNpLcu27gHka9q7sk
3btrsskNXXD4POMVWH6Xb7,"BREXIT (feat. Thelem)","Stylust,Thelem",https://open.spotify.com/track/3btrsskNXXD4POMVWH6Xb7,spotify:track:3btrsskNXXD4POMVWH6Xb7
6lspVGb0afLYrHMaPRxFpl,"Reset - Instrumental","Tiger JK",https://open.spotify.com/track/6lspVGb0afLYrHMaPRxFpl,spotify:track:6lspVGb0afLYrHMaPRxFpl
0SS7w98gZ8ATIckm2fLNnR,Hugo,Tsimba,https://open.spotify.com/track/0SS7w98gZ8ATIckm2fLNnR,spotify:track:0SS7w98gZ8ATIckm2fLNnR
6V2RU7zWNJCPvZl64Klpgc,Sendai,Tsimba,https://open.spotify.com/track/6V2RU7zWNJCPvZl64Klpgc,spotify:track:6V2RU7zWNJCPvZl64Klpgc
5hZj0PQXPmAsF0FpC0pI07,Dématérialiser,Tsimba,https://open.spotify.com/track/5hZj0PQXPmAsF0FpC0pI07,spotify:track:5hZj0PQXPmAsF0FpC0pI07
3x4dvjZlPDYLNanNgzQ3wy,"Ghetto500 ft. Tygris","Tsimba,Tygris",https://open.spotify.com/track/3x4dvjZlPDYLNanNgzQ3wy,spotify:track:3x4dvjZlPDYLNanNgzQ3wy
4qatvTY4ntZeZyBWYLdKIk,"Awake - Com Truise Remix","Tycho,Com Truise",https://open.spotify.com/track/4qatvTY4ntZeZyBWYLdKIk,spotify:track:4qatvTY4ntZeZyBWYLdKIk
2ylpbsHqGUAv3za4JkyMgz,Xanadu,"Ummet Ozcan",https://open.spotify.com/track/2ylpbsHqGUAv3za4JkyMgz,spotify:track:2ylpbsHqGUAv3za4JkyMgz
1Y1o4TUGeRJDM4H0mXVmtl,"New Fetish",Varien,https://open.spotify.com/track/1Y1o4TUGeRJDM4H0mXVmtl,spotify:track:1Y1o4TUGeRJDM4H0mXVmtl
1VuH9ZalGNQFCx7R7llrJk,Ohana,"Vena Cava",https://open.spotify.com/track/1VuH9ZalGNQFCx7R7llrJk,spotify:track:1VuH9ZalGNQFCx7R7llrJk
6SWzmfKvgrihQEglnLOeys,"Ohana (Sushi Killer Remix)","Vena Cava,Sushi Killer",https://open.spotify.com/track/6SWzmfKvgrihQEglnLOeys,spotify:track:6SWzmfKvgrihQEglnLOeys
30H6pSDtuKhkNA4a6HIA1W,"Chocolates (feat. Dirty Mf)","VibeSquaD,Dirty Mf",https://open.spotify.com/track/30H6pSDtuKhkNA4a6HIA1W,spotify:track:30H6pSDtuKhkNA4a6HIA1W
0tn5cg5BJSd4IKNxPw2omr,"O.P.U.S. - PEEKABOO Remix","Subtronics,PEEKABOO",https://open.spotify.com/track/0tn5cg5BJSd4IKNxPw2omr,spotify:track:0tn5cg5BJSd4IKNxPw2omr
2zuTwHudccSrvALDLABrql,"Thunderdome (Buku Remix)",Minnesota,https://open.spotify.com/track/2zuTwHudccSrvALDLABrql,spotify:track:2zuTwHudccSrvALDLABrql
04rACPoz6UsymLXkYZDEup,"The Golden Rule",Bassnectar,https://open.spotify.com/track/04rACPoz6UsymLXkYZDEup,spotify:track:04rACPoz6UsymLXkYZDEup
4skIJq73rrJSsNWJstvgeB,"Unlocked (feat. Rye Rye & Jamalski)","Bassnectar,Rye Rye,Jamalski",https://open.spotify.com/track/4skIJq73rrJSsNWJstvgeB,spotify:track:4skIJq73rrJSsNWJstvgeB
6dS1CFCtgjKEIVOYeWJwJa,"i am another Yourself",Bassnectar,https://open.spotify.com/track/6dS1CFCtgjKEIVOYeWJwJa,spotify:track:6dS1CFCtgjKEIVOYeWJwJa
1FPAiaLGHTVZWykNuivvhD,"Time For Some Action (feat. xX0Xx)","Bassnectar,xX0Xx",https://open.spotify.com/track/1FPAiaLGHTVZWykNuivvhD,spotify:track:1FPAiaLGHTVZWykNuivvhD
62FguOOvZqOnwiWyP9Hpg9,"Prayer Song (feat. Una & Wicahpi & Merle)","Bassnectar,REBELWISE,Una,Wicahpi,Merle",https://open.spotify.com/track/62FguOOvZqOnwiWyP9Hpg9,spotify:track:62FguOOvZqOnwiWyP9Hpg9
30TFO6PhfyAwQ7HUoG77Vd,ViBR8,Bassnectar,https://open.spotify.com/track/30TFO6PhfyAwQ7HUoG77Vd,spotify:track:30TFO6PhfyAwQ7HUoG77Vd
7G0jXXEMiHEevTJeIOzqOB,"We Not As Them (feat. Fashawn)","Bassnectar,Oooh Yes!,Fashawn",https://open.spotify.com/track/7G0jXXEMiHEevTJeIOzqOB,spotify:track:7G0jXXEMiHEevTJeIOzqOB
4cuDruZmHUMKuCQcyIHOAD,"Hyper (feat. Azeem)","Bassnectar,Azeem",https://open.spotify.com/track/4cuDruZmHUMKuCQcyIHOAD,spotify:track:4cuDruZmHUMKuCQcyIHOAD
6oHN84YxYJLFBon1wVAedR,"Move Like Helicopter (feat. Bobby Saint)","Bassnectar,Bobby Saint",https://open.spotify.com/track/6oHN84YxYJLFBon1wVAedR,spotify:track:6oHN84YxYJLFBon1wVAedR
48O5x1wZZojdNNhdSaZnjS,"That Different (feat. Rye Rye)","Bassnectar,Rye Rye",https://open.spotify.com/track/48O5x1wZZojdNNhdSaZnjS,spotify:track:48O5x1wZZojdNNhdSaZnjS
6YWpsu08dsJXJg4O5m0o6K,"The Strength","Bassnectar,INONI",https://open.spotify.com/track/6YWpsu08dsJXJg4O5m0o6K,spotify:track:6YWpsu08dsJXJg4O5m0o6K
4WYfFJXBHQtynFed9jFh1C,"Mikasa Es Tsukasa",Bassnectar,https://open.spotify.com/track/4WYfFJXBHQtynFed9jFh1C,spotify:track:4WYfFJXBHQtynFed9jFh1C
7Bwzz0niFlVgswmVxaGtkL,"Acid Blackness (feat. Ash)","Bassnectar,Ashel Seasunz",https://open.spotify.com/track/7Bwzz0niFlVgswmVxaGtkL,spotify:track:7Bwzz0niFlVgswmVxaGtkL
4bqnpMqzIIWDKQMa2XwSu3,"Relive (feat. Ava Raiin)","Bassnectar,Ava Raiin",https://open.spotify.com/track/4bqnpMqzIIWDKQMa2XwSu3,spotify:track:4bqnpMqzIIWDKQMa2XwSu3
3PRFcPXizCaYZLBfHa9EZB,Slinky,"Navie D",https://open.spotify.com/track/3PRFcPXizCaYZLBfHa9EZB,spotify:track:3PRFcPXizCaYZLBfHa9EZB
34uiE9j8DXfab7oaw1PdV9,"Cave Crawl","Navie D",https://open.spotify.com/track/34uiE9j8DXfab7oaw1PdV9,spotify:track:34uiE9j8DXfab7oaw1PdV9
5H4xTnepAUFAM2P6kGkZLM,Pulse,"Navie D",https://open.spotify.com/track/5H4xTnepAUFAM2P6kGkZLM,spotify:track:5H4xTnepAUFAM2P6kGkZLM
208sOAPD5o66hINzTcVWQS,"Atomic Clock","Navie D",https://open.spotify.com/track/208sOAPD5o66hINzTcVWQS,spotify:track:208sOAPD5o66hINzTcVWQS
5iVzdJOLKdNjrU5dOhkYHl,Squeeez,"Navie D",https://open.spotify.com/track/5iVzdJOLKdNjrU5dOhkYHl,spotify:track:5iVzdJOLKdNjrU5dOhkYHl
30KkYoEa9cXuNy4P88uD3S,Sinkdrip,"Navie D",https://open.spotify.com/track/30KkYoEa9cXuNy4P88uD3S,spotify:track:30KkYoEa9cXuNy4P88uD3S
665mZRqniPYvA5VnMnZCR1,Canary,"Navie D",https://open.spotify.com/track/665mZRqniPYvA5VnMnZCR1,spotify:track:665mZRqniPYvA5VnMnZCR1
4SsKVQblPEvHaTsZV7MABA,DSM-V,"Navie D",https://open.spotify.com/track/4SsKVQblPEvHaTsZV7MABA,spotify:track:4SsKVQblPEvHaTsZV7MABA
0CzKx53d1kDQlmSfhHYvdp,"Stop and Watch","Navie D",https://open.spotify.com/track/0CzKx53d1kDQlmSfhHYvdp,spotify:track:0CzKx53d1kDQlmSfhHYvdp
78LMji7EM38zuEJNHdaoCF,Gifgang,"Navie D",https://open.spotify.com/track/78LMji7EM38zuEJNHdaoCF,spotify:track:78LMji7EM38zuEJNHdaoCF
1mNN8DeL9KHH9ULO41UYtc,Automatic,"Navie D",https://open.spotify.com/track/1mNN8DeL9KHH9ULO41UYtc,spotify:track:1mNN8DeL9KHH9ULO41UYtc
2A7ozmi5DDgbHeDYJvUEMJ,"Neural Scrub","Navie D",https://open.spotify.com/track/2A7ozmi5DDgbHeDYJvUEMJ,spotify:track:2A7ozmi5DDgbHeDYJvUEMJ
7s1764cnBveQ4iFg0eVECD,Doomgrab,"Navie D",https://open.spotify.com/track/7s1764cnBveQ4iFg0eVECD,spotify:track:7s1764cnBveQ4iFg0eVECD
7ranLufZXUEep9Srsf6oAg,Turn,"Navie D",https://open.spotify.com/track/7ranLufZXUEep9Srsf6oAg,spotify:track:7ranLufZXUEep9Srsf6oAg
1oBRlBKFcO0EWrPwOfxNju,Hunter,"Navie D",https://open.spotify.com/track/1oBRlBKFcO0EWrPwOfxNju,spotify:track:1oBRlBKFcO0EWrPwOfxNju
2ujCYDnzIJDaUmvvd0zwUn,Flutter,"Navie D",https://open.spotify.com/track/2ujCYDnzIJDaUmvvd0zwUn,spotify:track:2ujCYDnzIJDaUmvvd0zwUn
4k05UT3lTvYYLwpaEwvEMe,"Voltage Pressure","Navie D",https://open.spotify.com/track/4k05UT3lTvYYLwpaEwvEMe,spotify:track:4k05UT3lTvYYLwpaEwvEMe
1AyYhNq69alA44mIzpdqCT,"Cold Stare","Navie D",https://open.spotify.com/track/1AyYhNq69alA44mIzpdqCT,spotify:track:1AyYhNq69alA44mIzpdqCT
7Fhr6QINjMyrvfvSuiURcG,Modumb,"Navie D",https://open.spotify.com/track/7Fhr6QINjMyrvfvSuiURcG,spotify:track:7Fhr6QINjMyrvfvSuiURcG
7xLYFiDu7GKt10FjUIuR9d,StartSelect,"Navie D",https://open.spotify.com/track/7xLYFiDu7GKt10FjUIuR9d,spotify:track:7xLYFiDu7GKt10FjUIuR9d
3CZZQ3zbQJHgiBRtZOzvXQ,Basins,"Navie D",https://open.spotify.com/track/3CZZQ3zbQJHgiBRtZOzvXQ,spotify:track:3CZZQ3zbQJHgiBRtZOzvXQ
3DQuRJLc50EP8OWmAnK4ls,Ruff,"Cookie Monsta,Tima Dee",https://open.spotify.com/track/3DQuRJLc50EP8OWmAnK4ls,spotify:track:3DQuRJLc50EP8OWmAnK4ls
4OeBciA7NTHFEf9cB0ziFJ,"Death Wobl","Cookie Monsta",https://open.spotify.com/track/4OeBciA7NTHFEf9cB0ziFJ,spotify:track:4OeBciA7NTHFEf9cB0ziFJ
3xFf3fnDZjfGVehIvyNfn9,"High As Hell","Cookie Monsta",https://open.spotify.com/track/3xFf3fnDZjfGVehIvyNfn9,spotify:track:3xFf3fnDZjfGVehIvyNfn9
3TaozuzeqNNAtlREgp9F3p,Soundboy,"Cookie Monsta",https://open.spotify.com/track/3TaozuzeqNNAtlREgp9F3p,spotify:track:3TaozuzeqNNAtlREgp9F3p
6Op5fDotQLcSXVU94fOfL4,"Blame It On the Dog","Cookie Monsta",https://open.spotify.com/track/6Op5fDotQLcSXVU94fOfL4,spotify:track:6Op5fDotQLcSXVU94fOfL4
69rBu0r5gSv26OLCelrgFL,"Big Booty Bass","Cookie Monsta",https://open.spotify.com/track/69rBu0r5gSv26OLCelrgFL,spotify:track:69rBu0r5gSv26OLCelrgFL
3Ivcd9JrwbUUQzSd7onQbm,RIOT!,"Cookie Monsta",https://open.spotify.com/track/3Ivcd9JrwbUUQzSd7onQbm,spotify:track:3Ivcd9JrwbUUQzSd7onQbm
61uCfCSfafUlGhY4yhOhp7,"Sweet & Sour","Buku,SubDocta",https://open.spotify.com/track/61uCfCSfafUlGhY4yhOhp7,spotify:track:61uCfCSfafUlGhY4yhOhp7
47dkQqmCfAjtKGofoDyd7x,Replay,"Buku,Wreckno",https://open.spotify.com/track/47dkQqmCfAjtKGofoDyd7x,spotify:track:47dkQqmCfAjtKGofoDyd7x
6qqLpia0nt5hIj0Yixej2p,"Through The Haze",Buku,https://open.spotify.com/track/6qqLpia0nt5hIj0Yixej2p,spotify:track:6qqLpia0nt5hIj0Yixej2p
4d29tBQ32iNhWRlFLfLTt7,Collide,"G-Rex,Buku",https://open.spotify.com/track/4d29tBQ32iNhWRlFLfLTt7,spotify:track:4d29tBQ32iNhWRlFLfLTt7
05Ov3Bxbmi28QWZPsuJyVe,"Exotic Matter","G-Rex,Buku",https://open.spotify.com/track/05Ov3Bxbmi28QWZPsuJyVe,spotify:track:05Ov3Bxbmi28QWZPsuJyVe
2mQGch80VSkPmEMd7LDnrn,"Fifth Dimension","G-Rex,Buku",https://open.spotify.com/track/2mQGch80VSkPmEMd7LDnrn,spotify:track:2mQGch80VSkPmEMd7LDnrn
7z1dTUoyuB9FZrVVUqDooa,Collide,"Buku,G-Rex",https://open.spotify.com/track/7z1dTUoyuB9FZrVVUqDooa,spotify:track:7z1dTUoyuB9FZrVVUqDooa
34N39dXVkrG7L1nlYOLI6m,Mr.Clean,Buku,https://open.spotify.com/track/34N39dXVkrG7L1nlYOLI6m,spotify:track:34N39dXVkrG7L1nlYOLI6m
19yyAqv4THr2ev5wWkzy3Y,yaheardme,"Buku,sfam",https://open.spotify.com/track/19yyAqv4THr2ev5wWkzy3Y,spotify:track:19yyAqv4THr2ev5wWkzy3Y
0lDv9N0MUp4Xxl2EFtOQMd,"I Don't Think So",Buku,https://open.spotify.com/track/0lDv9N0MUp4Xxl2EFtOQMd,spotify:track:0lDv9N0MUp4Xxl2EFtOQMd
56bI6pkkgmImlxUAAtvk8j,Veselka,"Miss Monique",https://open.spotify.com/track/56bI6pkkgmImlxUAAtvk8j,spotify:track:56bI6pkkgmImlxUAAtvk8j
535sg5Q0QFrgXvMkdznzeR,Rebirth,Toutant,https://open.spotify.com/track/535sg5Q0QFrgXvMkdznzeR,spotify:track:535sg5Q0QFrgXvMkdznzeR
3PCZ88CCy8DWVIS0QIsAan,"The Cyberpunk Runner","Yuri Petrovski",https://open.spotify.com/track/3PCZ88CCy8DWVIS0QIsAan,spotify:track:3PCZ88CCy8DWVIS0QIsAan
768xSpNh2ik5zxiufjmquz,UMBRA,MARAUDA,https://open.spotify.com/track/768xSpNh2ik5zxiufjmquz,spotify:track:768xSpNh2ik5zxiufjmquz
1LRwRQimYZ2jvvb9GmmEGE,Downfall,Protohype,https://open.spotify.com/track/1LRwRQimYZ2jvvb9GmmEGE,spotify:track:1LRwRQimYZ2jvvb9GmmEGE
