6MOmJ0PON0G8hIp96rH9qc,Sorry,Bignic,https://open.spotify.com/track/6MOmJ0PON0G8hIp96rH9qc,spotify:track:6MOmJ0PON0G8hIp96rH9qc
4t8Qp412aUKy97VNQNmlDp,"La Luna",Bignic,https://open.spotify.com/track/4t8Qp412aUKy97VNQNmlDp,spotify:track:4t8Qp412aUKy97VNQNmlDp
7wPpsqnBtlAKZOlbPAb4eK,Superstar,Bignic,https://open.spotify.com/track/7wPpsqnBtlAKZOlbPAb4eK,spotify:track:7wPpsqnBtlAKZOlbPAb4eK
7APigEkolCNKhp2MEwQvYg,Done,Bignic,https://open.spotify.com/track/7APigEkolCNKhp2MEwQvYg,spotify:track:7APigEkolCNKhp2MEwQvYg
5E300kfRA1OC0k5YEbDmpW,Thump,Bignic,https://open.spotify.com/track/5E300kfRA1OC0k5YEbDmpW,spotify:track:5E300kfRA1OC0k5YEbDmpW
3pPZr9s9qteozbFJ1DysT3,"Book Of Days",Bignic,https://open.spotify.com/track/3pPZr9s9qteozbFJ1DysT3,spotify:track:3pPZr9s9qteozbFJ1DysT3
58AihuoyBWxpEgXfKeRj8B,Cadence,Bignic,https://open.spotify.com/track/58AihuoyBWxpEgXfKeRj8B,spotify:track:58AihuoyBWxpEgXfKeRj8B
3lu9QnZWN7Goi82cSL0IyZ,"Plosive - Slow Slide (bignic Remix)",Bignic,https://open.spotify.com/track/3lu9QnZWN7Goi82cSL0IyZ,spotify:track:3lu9QnZWN7Goi82cSL0IyZ
3HIqDVNDqOZ8T4wZEuAbXg,"Children Of Dune",Bignic,https://open.spotify.com/track/3HIqDVNDqOZ8T4wZEuAbXg,spotify:track:3HIqDVNDqOZ8T4wZEuAbXg
5wLCjWzVuHcuOBkHcyURzR,Help,Bignic,https://open.spotify.com/track/5wLCjWzVuHcuOBkHcyURzR,spotify:track:5wLCjWzVuHcuOBkHcyURzR
6k8wpJ8k05BhXPdVRT31Zj,Purpose,Bignic,https://open.spotify.com/track/6k8wpJ8k05BhXPdVRT31Zj,spotify:track:6k8wpJ8k05BhXPdVRT31Zj
4d8KwDVlCiQjkW8UgiAVJf,Modern,Bignic,https://open.spotify.com/track/4d8KwDVlCiQjkW8UgiAVJf,spotify:track:4d8KwDVlCiQjkW8UgiAVJf
2dopfOCQeOEz5SMqy6Z9o0,"Zombies Theme (main Menu)",Bignic,https://open.spotify.com/track/2dopfOCQeOEz5SMqy6Z9o0,spotify:track:2dopfOCQeOEz5SMqy6Z9o0
5bthkzLXwJB9jpvuakGLjl,"Pixel Passion","Arcade High",https://open.spotify.com/track/5bthkzLXwJB9jpvuakGLjl,spotify:track:5bthkzLXwJB9jpvuakGLjl
0u8MqofsZxcUgaxerVwZib,"One Year Ago","Arcade High",https://open.spotify.com/track/0u8MqofsZxcUgaxerVwZib,spotify:track:0u8MqofsZxcUgaxerVwZib
2oHKwHNiL85Z0YFZqcgET2,"High Score Summer","Arcade High",https://open.spotify.com/track/2oHKwHNiL85Z0YFZqcgET2,spotify:track:2oHKwHNiL85Z0YFZqcgET2
4d4xXR9aL6MTIZzsOAlAXH,"Without You","Arcade High,Hannah Edwards",https://open.spotify.com/track/4d4xXR9aL6MTIZzsOAlAXH,spotify:track:4d4xXR9aL6MTIZzsOAlAXH
0VxIcxjv4XaJvq8dBR49iT,"Outrun This!","Arcade High",https://open.spotify.com/track/0VxIcxjv4XaJvq8dBR49iT,spotify:track:0VxIcxjv4XaJvq8dBR49iT
4X4AacqvlXhZw2LG8itQ6y,"A Moment of Clarity","Arcade High",https://open.spotify.com/track/4X4AacqvlXhZw2LG8itQ6y,spotify:track:4X4AacqvlXhZw2LG8itQ6y
4GQOvEsC06VdM250IcRSoF,"Running to You","Arcade High",https://open.spotify.com/track/4GQOvEsC06VdM250IcRSoF,spotify:track:4GQOvEsC06VdM250IcRSoF
6M8BG8kMH3JPRrOMG5ruZH,"Up Down Left Right","Arcade High",https://open.spotify.com/track/6M8BG8kMH3JPRrOMG5ruZH,spotify:track:6M8BG8kMH3JPRrOMG5ruZH
3JQyeZMwWtT70ij9nlguhL,"Night of the Genesis","Arcade High",https://open.spotify.com/track/3JQyeZMwWtT70ij9nlguhL,spotify:track:3JQyeZMwWtT70ij9nlguhL
1nesLUX6KNFfnGuNgvxgtX,"Look Into My Eyes","Arcade High",https://open.spotify.com/track/1nesLUX6KNFfnGuNgvxgtX,spotify:track:1nesLUX6KNFfnGuNgvxgtX
6kKx0N8VYeLFZium0DUdmO,Kingdom,"Arcade High",https://open.spotify.com/track/6kKx0N8VYeLFZium0DUdmO,spotify:track:6kKx0N8VYeLFZium0DUdmO
7EbXK4xpAQuiT5GahyNmn9,Badlands,"Arcade High",https://open.spotify.com/track/7EbXK4xpAQuiT5GahyNmn9,spotify:track:7EbXK4xpAQuiT5GahyNmn9
5A3FTH4lAtu7KJXdRSLGr4,"Phone Lines","Arcade High",https://open.spotify.com/track/5A3FTH4lAtu7KJXdRSLGr4,spotify:track:5A3FTH4lAtu7KJXdRSLGr4
1wgF4Kl1eMOPBp8HKQoI7A,"The Quest","Arcade High",https://open.spotify.com/track/1wgF4Kl1eMOPBp8HKQoI7A,spotify:track:1wgF4Kl1eMOPBp8HKQoI7A
4BF7Nti3ES7se7Mghpro8r,"In the Dark","Arcade High",https://open.spotify.com/track/4BF7Nti3ES7se7Mghpro8r,spotify:track:4BF7Nti3ES7se7Mghpro8r
6LpPYMEvjXOolcYeq50g1T,"Cool Inc.","Arcade High",https://open.spotify.com/track/6LpPYMEvjXOolcYeq50g1T,spotify:track:6LpPYMEvjXOolcYeq50g1T
4k712VfSvZqcpfaUFnmeaQ,"Trace the Map","Arcade High",https://open.spotify.com/track/4k712VfSvZqcpfaUFnmeaQ,spotify:track:4k712VfSvZqcpfaUFnmeaQ
7kIRT14wn4waqRfub1euDg,"Full Hearts","Arcade High",https://open.spotify.com/track/7kIRT14wn4waqRfub1euDg,spotify:track:7kIRT14wn4waqRfub1euDg
51eObf3pCsOUnTAuCouLG6,"Ghost Council","Arcade High",https://open.spotify.com/track/51eObf3pCsOUnTAuCouLG6,spotify:track:51eObf3pCsOUnTAuCouLG6
1kc9Tk5olt3xT61CZnvF74,Home,"Arcade High",https://open.spotify.com/track/1kc9Tk5olt3xT61CZnvF74,spotify:track:1kc9Tk5olt3xT61CZnvF74
1pJYJkRylrWIVZ8K8dQfiB,"Go for Distance","Big Giant Circles",https://open.spotify.com/track/1pJYJkRylrWIVZ8K8dQfiB,spotify:track:1pJYJkRylrWIVZ8K8dQfiB
7CJmZejMIl5S16iHO3rxQX,"No Party Like a Mojang Party","Big Giant Circles",https://open.spotify.com/track/7CJmZejMIl5S16iHO3rxQX,spotify:track:7CJmZejMIl5S16iHO3rxQX
6kvPUINKaPPs6NJJyu0p3N,"A Rose in a Field","Big Giant Circles",https://open.spotify.com/track/6kvPUINKaPPs6NJJyu0p3N,spotify:track:6kvPUINKaPPs6NJJyu0p3N
6XYrIkdMpTb8THEsXyaSNN,Sevcon,"Big Giant Circles",https://open.spotify.com/track/6XYrIkdMpTb8THEsXyaSNN,spotify:track:6XYrIkdMpTb8THEsXyaSNN
1WAerH6YfAiREHOgQZVZtO,"Chip Zeal","Big Giant Circles",https://open.spotify.com/track/1WAerH6YfAiREHOgQZVZtO,spotify:track:1WAerH6YfAiREHOgQZVZtO
0tiCX8fW1rAMKYbVvl48NA,Houston,"Big Giant Circles",https://open.spotify.com/track/0tiCX8fW1rAMKYbVvl48NA,spotify:track:0tiCX8fW1rAMKYbVvl48NA
4l3nQlOVpALEMlUUY5Ksn4,"Gront Is a Muppet","Big Giant Circles",https://open.spotify.com/track/4l3nQlOVpALEMlUUY5Ksn4,spotify:track:4l3nQlOVpALEMlUUY5Ksn4
4iQX2aSdqwlzL4FJZyFgty,Interlude,"Big Giant Circles",https://open.spotify.com/track/4iQX2aSdqwlzL4FJZyFgty,spotify:track:4iQX2aSdqwlzL4FJZyFgty
3fcnvhiSyt6kFnHV9Y4wHO,"The Trials of Man","Big Giant Circles",https://open.spotify.com/track/3fcnvhiSyt6kFnHV9Y4wHO,spotify:track:3fcnvhiSyt6kFnHV9Y4wHO
2cSYm7pakFERrQuLpDIrqw,Snowcones,"Big Giant Circles",https://open.spotify.com/track/2cSYm7pakFERrQuLpDIrqw,spotify:track:2cSYm7pakFERrQuLpDIrqw
4JAgpZS9jMjESE9xHZ1XQ2,"Viceroy Danny Von B","Big Giant Circles",https://open.spotify.com/track/4JAgpZS9jMjESE9xHZ1XQ2,spotify:track:4JAgpZS9jMjESE9xHZ1XQ2
4buDsBE6dMVkmU2tB6qad2,"Artifact Hunter","Big Giant Circles",https://open.spotify.com/track/4buDsBE6dMVkmU2tB6qad2,spotify:track:4buDsBE6dMVkmU2tB6qad2
3dTrHByZwwK85MR8oKEQPW,"Virtuoso Sexy","Big Giant Circles",https://open.spotify.com/track/3dTrHByZwwK85MR8oKEQPW,spotify:track:3dTrHByZwwK85MR8oKEQPW
7vawYIAqxnJnjkwcWQpfVJ,"Vindicate Me","Big Giant Circles",https://open.spotify.com/track/7vawYIAqxnJnjkwcWQpfVJ,spotify:track:7vawYIAqxnJnjkwcWQpfVJ
4b5qtPhHjcZqD9FDPezszM,"Wintory Fresh","Big Giant Circles",https://open.spotify.com/track/4b5qtPhHjcZqD9FDPezszM,spotify:track:4b5qtPhHjcZqD9FDPezszM
3mWyA1d7nDE0T7rvuKpV1A,"Biceps Blaster","Big Giant Circles",https://open.spotify.com/track/3mWyA1d7nDE0T7rvuKpV1A,spotify:track:3mWyA1d7nDE0T7rvuKpV1A
6agPSkyE3Aakc67F8kXdZW,Micksplosions,"Big Giant Circles",https://open.spotify.com/track/6agPSkyE3Aakc67F8kXdZW,spotify:track:6agPSkyE3Aakc67F8kXdZW
3RifrJKiGmoOY1pVyTQgPv,"Peanut Butter Cupquakes","Big Giant Circles",https://open.spotify.com/track/3RifrJKiGmoOY1pVyTQgPv,spotify:track:3RifrJKiGmoOY1pVyTQgPv
7v2CqBzedliMv89AkjbFUX,"The Glory Days","Big Giant Circles",https://open.spotify.com/track/7v2CqBzedliMv89AkjbFUX,spotify:track:7v2CqBzedliMv89AkjbFUX
4FQ005LsocP5S063n5z5Xu,"The Chiptune Legacy","Big Giant Circles",https://open.spotify.com/track/4FQ005LsocP5S063n5z5Xu,spotify:track:4FQ005LsocP5S063n5z5Xu
6d8ITFZFqyZJ1E8t7r6vuJ,Romp,Bignic,https://open.spotify.com/track/6d8ITFZFqyZJ1E8t7r6vuJ,spotify:track:6d8ITFZFqyZJ1E8t7r6vuJ
5Zo0pbFzYW0rDzsJjmaTSW,"Epic Fail",Bignic,https://open.spotify.com/track/5Zo0pbFzYW0rDzsJjmaTSW,spotify:track:5Zo0pbFzYW0rDzsJjmaTSW
6X8dE3Zf2GUo4PSnKap2KM,Sweet,Bignic,https://open.spotify.com/track/6X8dE3Zf2GUo4PSnKap2KM,spotify:track:6X8dE3Zf2GUo4PSnKap2KM
65lOgfxSrqUKTUXuZrKsuY,Tetrapod,Bignic,https://open.spotify.com/track/65lOgfxSrqUKTUXuZrKsuY,spotify:track:65lOgfxSrqUKTUXuZrKsuY
5zh0Iz4bvJWY3EeGDwXfQH,"Mausoleum Mash","Danny Baranowsky",https://open.spotify.com/track/5zh0Iz4bvJWY3EeGDwXfQH,spotify:track:5zh0Iz4bvJWY3EeGDwXfQH
1ULZDBj5R8eqyOaUZScMEL,"Chanson d'automne...","Chris Christodoulou",https://open.spotify.com/track/1ULZDBj5R8eqyOaUZScMEL,spotify:track:1ULZDBj5R8eqyOaUZScMEL
0RbZC3tvQd9ns9pTyHLo23,"Main Theme","Jake Kaufman",https://open.spotify.com/track/0RbZC3tvQd9ns9pTyHLo23,spotify:track:0RbZC3tvQd9ns9pTyHLo23
79VVdQ178eN5nGpsx0ip5h,"Steel Thy Shovel","Jake Kaufman",https://open.spotify.com/track/79VVdQ178eN5nGpsx0ip5h,spotify:track:79VVdQ178eN5nGpsx0ip5h
5I7PrpgPyAONI6p9lYnrPr,"One Fateful Knight","Jake Kaufman",https://open.spotify.com/track/5I7PrpgPyAONI6p9lYnrPr,spotify:track:5I7PrpgPyAONI6p9lYnrPr
33SGhp4QaGuTrFlsMPoPkn,"Strike the Earth! (Plains of Passage)","Jake Kaufman",https://open.spotify.com/track/33SGhp4QaGuTrFlsMPoPkn,spotify:track:33SGhp4QaGuTrFlsMPoPkn
2H5SoWGy4iFAs0FD2iegI5,"The Rival (Black Knight First Battle)","Jake Kaufman",https://open.spotify.com/track/2H5SoWGy4iFAs0FD2iegI5,spotify:track:2H5SoWGy4iFAs0FD2iegI5
1UwhmGsOvrjrB8YrffywLz,"For Shovelry! (Boss Victory)","Jake Kaufman",https://open.spotify.com/track/1UwhmGsOvrjrB8YrffywLz,spotify:track:1UwhmGsOvrjrB8YrffywLz
1DOHX7oTw4kbo2OgGumgDM,"The Starlit Wilds (Campfire Scene)","Jake Kaufman",https://open.spotify.com/track/1DOHX7oTw4kbo2OgGumgDM,spotify:track:1DOHX7oTw4kbo2OgGumgDM
0FmCofWFdHvHxg1raKh39V,"The Adventure Awaits (Map Screen)","Jake Kaufman",https://open.spotify.com/track/0FmCofWFdHvHxg1raKh39V,spotify:track:0FmCofWFdHvHxg1raKh39V
1iOFWMIWh7KDSV78zLlTGU,"In the Halls of the Usurper (Pridemoor Keep)","Jake Kaufman",https://open.spotify.com/track/1iOFWMIWh7KDSV78zLlTGU,spotify:track:1iOFWMIWh7KDSV78zLlTGU
15Tvyfhyk7DBslZ8YvVOQl,"The Decadent Dandy (King Knight Battle)","Jake Kaufman",https://open.spotify.com/track/15Tvyfhyk7DBslZ8YvVOQl,spotify:track:15Tvyfhyk7DBslZ8YvVOQl
4tbcmkJOiNhklf27TVWpHJ,"High Above the Land (The Flying Machine)","Jake Kaufman",https://open.spotify.com/track/4tbcmkJOiNhklf27TVWpHJ,spotify:track:4tbcmkJOiNhklf27TVWpHJ
41wCSMdeKKZS82rXi6Nov2,"The Spin Controller (Propeller Knight Battle)","Jake Kaufman",https://open.spotify.com/track/41wCSMdeKKZS82rXi6Nov2,spotify:track:41wCSMdeKKZS82rXi6Nov2
5n7GHgQ0D47LMH4pUaC4Yy,"An Underlying Problem (The Lost City)","Jake Kaufman",https://open.spotify.com/track/5n7GHgQ0D47LMH4pUaC4Yy,spotify:track:5n7GHgQ0D47LMH4pUaC4Yy
0P0bdlUiQyZy9ednYHr2s2,"The Claws of Fate (Mole Knight Battle)","Jake Kaufman",https://open.spotify.com/track/0P0bdlUiQyZy9ednYHr2s2,spotify:track:0P0bdlUiQyZy9ednYHr2s2
5pONio5IP3Pzc995WgEkrL,"No Weapons Here (Village)","Jake Kaufman",https://open.spotify.com/track/5pONio5IP3Pzc995WgEkrL,spotify:track:5pONio5IP3Pzc995WgEkrL
7A6iCPEDFSGCYtqtYfvzGE,"Pastorale (Village Interiors)","Jake Kaufman",https://open.spotify.com/track/7A6iCPEDFSGCYtqtYfvzGE,spotify:track:7A6iCPEDFSGCYtqtYfvzGE
1oC0XGv4B6V0abz6iqi0rP,"The Local Happenstance (Village Basement)","Jake Kaufman",https://open.spotify.com/track/1oC0XGv4B6V0abz6iqi0rP,spotify:track:1oC0XGv4B6V0abz6iqi0rP
38J8U9AW62gqhhookJvuDO,"Watch Me Dance!","Jake Kaufman",https://open.spotify.com/track/38J8U9AW62gqhhookJvuDO,spotify:track:38J8U9AW62gqhhookJvuDO
0rdlH3vq51EjJjc6RYCqNc,"Spin Ye Bottle (Minigame)","Jake Kaufman",https://open.spotify.com/track/0rdlH3vq51EjJjc6RYCqNc,spotify:track:0rdlH3vq51EjJjc6RYCqNc
6ueAsYiImbENEWmP3fzEbP,"A Thousand Leagues Below (Iron Whale)","Jake Kaufman,Manami Matsumae",https://open.spotify.com/track/6ueAsYiImbENEWmP3fzEbP,spotify:track:6ueAsYiImbENEWmP3fzEbP
72LMdCBPA0as9IlzZaGcfz,"The Bounty Hunter (Treasure Knight Battle)","Jake Kaufman,Manami Matsumae",https://open.spotify.com/track/72LMdCBPA0as9IlzZaGcfz,spotify:track:72LMdCBPA0as9IlzZaGcfz
4aRoSN9cP94qdh1Bb0CMcg,"Of Devious Machinations (Clockwork Tower)","Jake Kaufman",https://open.spotify.com/track/4aRoSN9cP94qdh1Bb0CMcg,spotify:track:4aRoSN9cP94qdh1Bb0CMcg
6R3l05xaNh3gdh7rgAYVf6,"The Schemer (Tinker Knight Battle)","Jake Kaufman",https://open.spotify.com/track/6R3l05xaNh3gdh7rgAYVf6,spotify:track:6R3l05xaNh3gdh7rgAYVf6
2gJCsQXsIUukPZZmeOcRlZ,"The Destroyer (Tinker Tank Battle)","Jake Kaufman",https://open.spotify.com/track/2gJCsQXsIUukPZZmeOcRlZ,spotify:track:2gJCsQXsIUukPZZmeOcRlZ
6I1VHWxCtlCkKQupf5SYMn,"The Donor's Despair (Hall of Champions)","Jake Kaufman",https://open.spotify.com/track/6I1VHWxCtlCkKQupf5SYMn,spotify:track:6I1VHWxCtlCkKQupf5SYMn
1y4PnkGiNYbiVwHRRmqwzR,"Backed into a Corner (Hall of Champions Boss)","Jake Kaufman",https://open.spotify.com/track/1y4PnkGiNYbiVwHRRmqwzR,spotify:track:1y4PnkGiNYbiVwHRRmqwzR
0GPAWi34Hg7tSKplSNgcgS,"The Requiem of Shield Knight","Jake Kaufman",https://open.spotify.com/track/0GPAWi34Hg7tSKplSNgcgS,spotify:track:0GPAWi34Hg7tSKplSNgcgS
1Ut3PsGz3oT5QmFpGkJqY1,"Waltz of the Troupple King","Jake Kaufman",https://open.spotify.com/track/1Ut3PsGz3oT5QmFpGkJqY1,spotify:track:1Ut3PsGz3oT5QmFpGkJqY1
5YhYNIzMdXGlnv9y3riaRT,"The Defender (Black Knight Battle)","Jake Kaufman",https://open.spotify.com/track/5YhYNIzMdXGlnv9y3riaRT,spotify:track:5YhYNIzMdXGlnv9y3riaRT
3dGcQ6qkS8XwUBsrJE9WwP,"Courage Under Fire: Armorer Village","Jake Kaufman",https://open.spotify.com/track/3dGcQ6qkS8XwUBsrJE9WwP,spotify:track:3dGcQ6qkS8XwUBsrJE9WwP
2giWm6LZJOEv50vwx4ZYQB,"Bucklers and Bonnets: Armorer Interior","Jake Kaufman",https://open.spotify.com/track/2giWm6LZJOEv50vwx4ZYQB,spotify:track:2giWm6LZJOEv50vwx4ZYQB
72yn9RZ7oTgMBYEVmTUvr1,"Fighting with All of Our Might","Jake Kaufman",https://open.spotify.com/track/72yn9RZ7oTgMBYEVmTUvr1,spotify:track:72yn9RZ7oTgMBYEVmTUvr1
5niaxZc45P5oMrCulASJKa,"Flowers of Antimony (The Explodatorium)","Jake Kaufman,Manami Matsumae",https://open.spotify.com/track/5niaxZc45P5oMrCulASJKa,spotify:track:5niaxZc45P5oMrCulASJKa
7kUaFDEGZmNW5AENGgEKRP,"The Vital Vitriol (Plague Knight Battle)","Jake Kaufman,Manami Matsumae",https://open.spotify.com/track/7kUaFDEGZmNW5AENGgEKRP,spotify:track:7kUaFDEGZmNW5AENGgEKRP
69nPWFdhkQ3mnFbLF3pxpb,"La danse macabre (Lich Yard)","Jake Kaufman",https://open.spotify.com/track/69nPWFdhkQ3mnFbLF3pxpb,spotify:track:69nPWFdhkQ3mnFbLF3pxpb
7yFO60i81eC5k2Hg0X4YLe,"The Apparition (Spectre Knight Battle)","Jake Kaufman",https://open.spotify.com/track/7yFO60i81eC5k2Hg0X4YLe,spotify:track:7yFO60i81eC5k2Hg0X4YLe
6mmalX4L2AwK7yTnr6zLT5,"A Cool Reception (The Stranded Ship)","Jake Kaufman",https://open.spotify.com/track/6mmalX4L2AwK7yTnr6zLT5,spotify:track:6mmalX4L2AwK7yTnr6zLT5
7BM9KdgG0xKdcQ4VPykQon,"The Stalwart (Polar Knight Battle)","Jake Kaufman",https://open.spotify.com/track/7BM9KdgG0xKdcQ4VPykQon,spotify:track:7BM9KdgG0xKdcQ4VPykQon
2Xx2m9KIyN9mhhbN6UcY1u,"A Decisive Blow (StreetPass Arena)","Jake Kaufman",https://open.spotify.com/track/2Xx2m9KIyN9mhhbN6UcY1u,spotify:track:2Xx2m9KIyN9mhhbN6UcY1u
0o3PY7DPOjgQxhWzM4w5oJ,"Fighting Spirit (StreetPass Arena: Battle Ghosts)","Jake Kaufman",https://open.spotify.com/track/0o3PY7DPOjgQxhWzM4w5oJ,spotify:track:0o3PY7DPOjgQxhWzM4w5oJ
0diBWN6DZGLYVlVjkCuntT,"End of Days (Endgame Map Screen)","Jake Kaufman",https://open.spotify.com/track/0diBWN6DZGLYVlVjkCuntT,spotify:track:0diBWN6DZGLYVlVjkCuntT
4Ih64Ws1YfRBrfLPpuY2P0,"The Fateful Return (Tower Approach)","Jake Kaufman",https://open.spotify.com/track/4Ih64Ws1YfRBrfLPpuY2P0,spotify:track:4Ih64Ws1YfRBrfLPpuY2P0
2CAIAtRreFOsoqIMZ60cyW,"The Inner Struggle (Tower)","Jake Kaufman",https://open.spotify.com/track/2CAIAtRreFOsoqIMZ60cyW,spotify:track:2CAIAtRreFOsoqIMZ60cyW
3VGu0OEd20LZsyqeQKa7Dj,"The Forlorn Sanctum (Tower Lair)","Jake Kaufman",https://open.spotify.com/track/3VGu0OEd20LZsyqeQKa7Dj,spotify:track:3VGu0OEd20LZsyqeQKa7Dj
0RX3tnGEOvJhbEcVIDhxoe,"The Possessor (Enchantress Battle)","Jake Kaufman",https://open.spotify.com/track/0RX3tnGEOvJhbEcVIDhxoe,spotify:track:0RX3tnGEOvJhbEcVIDhxoe
6vZVylumYaTeLS31ZZhC1E,"The Betrayer (Enchantress Final Form)","Jake Kaufman",https://open.spotify.com/track/6vZVylumYaTeLS31ZZhC1E,spotify:track:6vZVylumYaTeLS31ZZhC1E
2ugPXFI0EFvnsYtKN4VEPe,"A Return to Order (Ending)","Jake Kaufman",https://open.spotify.com/track/2ugPXFI0EFvnsYtKN4VEPe,spotify:track:2ugPXFI0EFvnsYtKN4VEPe
5dHmFipV7Yruq28FgBL6rc,"Reprise (Credits)","Jake Kaufman",https://open.spotify.com/track/5dHmFipV7Yruq28FgBL6rc,spotify:track:5dHmFipV7Yruq28FgBL6rc
2WgcmM7MWAYuOAhIrzCghe,Airbrushed,Anamanaguchi,https://open.spotify.com/track/2WgcmM7MWAYuOAhIrzCghe,spotify:track:2WgcmM7MWAYuOAhIrzCghe
27iuINrzVJQHWAjrfvJRze,"Penpal (Tugboat Cover)",Anamanaguchi,https://open.spotify.com/track/27iuINrzVJQHWAjrfvJRze,spotify:track:27iuINrzVJQHWAjrfvJRze
19jFvs1QEPcezaHkYGw8zN,"Airbrushed (Rac Remix)",Anamanaguchi,https://open.spotify.com/track/19jFvs1QEPcezaHkYGw8zN,spotify:track:19jFvs1QEPcezaHkYGw8zN
20zntDpKfuYa0FimcILTMf,"Pop It","Anamanaguchi,meesh",https://open.spotify.com/track/20zntDpKfuYa0FimcILTMf,spotify:track:20zntDpKfuYa0FimcILTMf
1VBy30RfebrhBLJzbRMz8U,Mess,Anamanaguchi,https://open.spotify.com/track/1VBy30RfebrhBLJzbRMz8U,spotify:track:1VBy30RfebrhBLJzbRMz8U
2rDZ5wQh6xctEGjyx9Oefx,"BOSS (Power)","Dj Cutman,Team Banzai",https://open.spotify.com/track/2rDZ5wQh6xctEGjyx9Oefx,spotify:track:2rDZ5wQh6xctEGjyx9Oefx
3r2RTvxtSZXwuVjNleBG1A,"Ben Drowned - Majora's Mask Remix","Ben Briggs,GameChops",https://open.spotify.com/track/3r2RTvxtSZXwuVjNleBG1A,spotify:track:3r2RTvxtSZXwuVjNleBG1A
4CzHfLt74nsO0f1r7XG5OG,"Trapped in a Pokéball (feat. Belthesar)","Dj Cutman,belthesar",https://open.spotify.com/track/4CzHfLt74nsO0f1r7XG5OG,spotify:track:4CzHfLt74nsO0f1r7XG5OG
1Xlx24BKas70dTmj7uwehr,"Beat The Angel",dj-Jo,https://open.spotify.com/track/1Xlx24BKas70dTmj7uwehr,spotify:track:1Xlx24BKas70dTmj7uwehr
2oRxdrQDDOnC6iVc5ytyyc,"Strike The Earth (Shovel Knight Remix)","Dj Cutman",https://open.spotify.com/track/2oRxdrQDDOnC6iVc5ytyyc,spotify:track:2oRxdrQDDOnC6iVc5ytyyc
68meUWYu5SmwCoeRhhV0If,"Lonely Rolling Star (Grimecraft's Kawaii Klub Remix)",GameChops,https://open.spotify.com/track/68meUWYu5SmwCoeRhhV0If,spotify:track:68meUWYu5SmwCoeRhhV0If
2MRK3k35Mwc2ek95uB5VE9,"Samus Shuffle","bLiNd,GameChops",https://open.spotify.com/track/2MRK3k35Mwc2ek95uB5VE9,spotify:track:2MRK3k35Mwc2ek95uB5VE9
7GklOykKpIaRM5VbmvBjHr,"Chozo Legacy","bLiNd,GameChops",https://open.spotify.com/track/7GklOykKpIaRM5VbmvBjHr,spotify:track:7GklOykKpIaRM5VbmvBjHr
1Vc31ESGPDOT6CAbH7ZOOn,"Ninth Circle of Hell","bLiNd,GameChops",https://open.spotify.com/track/1Vc31ESGPDOT6CAbH7ZOOn,spotify:track:1Vc31ESGPDOT6CAbH7ZOOn
4h8BJggfv0TbsxgwFO8Rue,"Spear of Justice (Undertale Remix)",GameChops,https://open.spotify.com/track/4h8BJggfv0TbsxgwFO8Rue,spotify:track:4h8BJggfv0TbsxgwFO8Rue
75YS8ec3MyFr4M3JQDrDXL,Bonetrousle,"Holder,GameChops",https://open.spotify.com/track/75YS8ec3MyFr4M3JQDrDXL,spotify:track:75YS8ec3MyFr4M3JQDrDXL
4mgqwwU9w2HrrHHjZTU9GN,Megalovania,"Holder,GameChops",https://open.spotify.com/track/4mgqwwU9w2HrrHHjZTU9GN,spotify:track:4mgqwwU9w2HrrHHjZTU9GN
5aFf0ztTenJ7v67FY2nq4m,"Metal Crusher (Death by Glamour)","Holder,GameChops",https://open.spotify.com/track/5aFf0ztTenJ7v67FY2nq4m,spotify:track:5aFf0ztTenJ7v67FY2nq4m
2uxycPjryeTOo3suFDTUM1,"Spider Dance","Holder,GameChops",https://open.spotify.com/track/2uxycPjryeTOo3suFDTUM1,spotify:track:2uxycPjryeTOo3suFDTUM1
3Eoy4oRRMNgrySHOnxxSMX,"Cruisin’ 110",RoBKTA,https://open.spotify.com/track/3Eoy4oRRMNgrySHOnxxSMX,spotify:track:3Eoy4oRRMNgrySHOnxxSMX
487yf7WU3Wl9FqqhYehVdm,"Shady Movement",RoBKTA,https://open.spotify.com/track/487yf7WU3Wl9FqqhYehVdm,spotify:track:487yf7WU3Wl9FqqhYehVdm
3BwJkT3gdh8tyVOPmNDsnA,"Ridge Racer Forever (feat. Mykah)","RoBKTA,Mykah",https://open.spotify.com/track/3BwJkT3gdh8tyVOPmNDsnA,spotify:track:3BwJkT3gdh8tyVOPmNDsnA
0uMZtJmlvwi3b2cD5t3GWN,"Mabe Village","GameChops,Dj Cutman",https://open.spotify.com/track/0uMZtJmlvwi3b2cD5t3GWN,spotify:track:0uMZtJmlvwi3b2cD5t3GWN
1EYw6I1lxY62sp0RTiXSBP,"Sword Search","GameChops,Dj Cutman",https://open.spotify.com/track/1EYw6I1lxY62sp0RTiXSBP,spotify:track:1EYw6I1lxY62sp0RTiXSBP
1SYs51puBp75XT3LqiQaCu,"Link’s Awakening (Overworld)","GameChops,Dj Cutman",https://open.spotify.com/track/1SYs51puBp75XT3LqiQaCu,spotify:track:1SYs51puBp75XT3LqiQaCu
0j8EgSthQ1pJ9NT2Yd2uuz,"Lost Woods (Mysterious Forest)","GameChops,Dj Cutman",https://open.spotify.com/track/0j8EgSthQ1pJ9NT2Yd2uuz,spotify:track:0j8EgSthQ1pJ9NT2Yd2uuz
1HqqWIzOOrfvycOHa683Iv,"Deep in the Dungeon","GameChops,Dj Cutman",https://open.spotify.com/track/1HqqWIzOOrfvycOHa683Iv,spotify:track:1HqqWIzOOrfvycOHa683Iv
1tJOQQRJB9cWEUzxQoA0wW,"Mountain Range (Tal Tal Heights)","GameChops,Dj Cutman",https://open.spotify.com/track/1tJOQQRJB9cWEUzxQoA0wW,spotify:track:1tJOQQRJB9cWEUzxQoA0wW
7B07dc2TGx0Iu3N93v1z2P,"Ballad of the Wind Fish","GameChops,Dj Cutman",https://open.spotify.com/track/7B07dc2TGx0Iu3N93v1z2P,spotify:track:7B07dc2TGx0Iu3N93v1z2P
182Z2FRlUCwmQy6eakTtUK,"Victory Fanfare ( Grimecraft X Anigif Remix )",GameChops,https://open.spotify.com/track/182Z2FRlUCwmQy6eakTtUK,spotify:track:182Z2FRlUCwmQy6eakTtUK
1ZHUSkdcD8PRY3AZ6h9lfh,"Celes ( Dj CUTMAN Remix)",GameChops,https://open.spotify.com/track/1ZHUSkdcD8PRY3AZ6h9lfh,spotify:track:1ZHUSkdcD8PRY3AZ6h9lfh
5sYgsJJpbyfKCm8s4cRrWE,"Lonely Rolling Star",GameChops,https://open.spotify.com/track/5sYgsJJpbyfKCm8s4cRrWE,spotify:track:5sYgsJJpbyfKCm8s4cRrWE
6WNClfLxNhQgKHhvDYYgFi,"Roll Me In",GameChops,https://open.spotify.com/track/6WNClfLxNhQgKHhvDYYgFi,spotify:track:6WNClfLxNhQgKHhvDYYgFi
42kMDPmXkC2YCM6tCRspB7,"Cherry Blossom Color Season",GameChops,https://open.spotify.com/track/42kMDPmXkC2YCM6tCRspB7,spotify:track:42kMDPmXkC2YCM6tCRspB7
6xnb9kTVKj7gNsTnFcOHTc,"You Are Smart",GameChops,https://open.spotify.com/track/6xnb9kTVKj7gNsTnFcOHTc,spotify:track:6xnb9kTVKj7gNsTnFcOHTc
6LlIPRpFJMDcw8b4b7eSlq,"Katamari On The Rocks",GameChops,https://open.spotify.com/track/6LlIPRpFJMDcw8b4b7eSlq,spotify:track:6LlIPRpFJMDcw8b4b7eSlq
58IJLRBh6flVos2HVgBjZD,"Ballad Of The Yoshis ft. Kubbi","GameChops,Kubbi",https://open.spotify.com/track/58IJLRBh6flVos2HVgBjZD,spotify:track:58IJLRBh6flVos2HVgBjZD
1mQwCjjRif1ktZJJKZUGb7,"Yo, She...",GameChops,https://open.spotify.com/track/1mQwCjjRif1ktZJJKZUGb7,spotify:track:1mQwCjjRif1ktZJJKZUGb7
4Qpz8U5KWfE3SWbmVgojDH,"Yoshi's Resort ft. Ben Briggs","GameChops,Ben Briggs",https://open.spotify.com/track/4Qpz8U5KWfE3SWbmVgojDH,spotify:track:4Qpz8U5KWfE3SWbmVgojDH
3az2VdKiGezqOIg0LJ2zQ0,"Yoshi's House ft. James Landino","GameChops,James Landino",https://open.spotify.com/track/3az2VdKiGezqOIg0LJ2zQ0,spotify:track:3az2VdKiGezqOIg0LJ2zQ0
4PzBWYtZ7O7pSTECFThgp4,"Yoshi Grand Prix ft. RobKTA","GameChops,RoBKTA",https://open.spotify.com/track/4PzBWYtZ7O7pSTECFThgp4,spotify:track:4PzBWYtZ7O7pSTECFThgp4
00yPSAjpEO7cvqyHcOGdC7,"Yoshigemia ft. ectogemia","GameChops,ectogemia",https://open.spotify.com/track/00yPSAjpEO7cvqyHcOGdC7,spotify:track:00yPSAjpEO7cvqyHcOGdC7
5RQYeRAXTNfOene105DWlI,"Yoshi On A Half Shell",GameChops,https://open.spotify.com/track/5RQYeRAXTNfOene105DWlI,spotify:track:5RQYeRAXTNfOene105DWlI
6SlD5d7AUzX0d8Ar9y1ldw,"Yoshi's Back",GameChops,https://open.spotify.com/track/6SlD5d7AUzX0d8Ar9y1ldw,spotify:track:6SlD5d7AUzX0d8Ar9y1ldw
3a0VHU3IsdAJaZVdiZSPdh,"Bone Ark Madness (Castlevania Symphony of the Night - Rainbow Cemetery)","GameChops,Joshua Morse",https://open.spotify.com/track/3a0VHU3IsdAJaZVdiZSPdh,spotify:track:3a0VHU3IsdAJaZVdiZSPdh
0Dc4K2koyxgVBXVClKdvDQ,"Hallway To Hell (Castlevania - Heart of Fire)","GameChops,Joshua Morse",https://open.spotify.com/track/0Dc4K2koyxgVBXVClKdvDQ,spotify:track:0Dc4K2koyxgVBXVClKdvDQ
6MINWtEBBarJqTTJLe08HB,"Aqua Flash (feat. Danimal Cannon) [ Castlevania 3 - Aquarius ]","Joshua Morse,GameChops,Danimal Cannon",https://open.spotify.com/track/6MINWtEBBarJqTTJLe08HB,spotify:track:6MINWtEBBarJqTTJLe08HB
0nROEP8csOrY1a1sGEoIt1,"Mummy Lover (feat. Danimal Cannon) [ Castlevania - Wicked Child ]","Joshua Morse,GameChops,Danimal Cannon",https://open.spotify.com/track/0nROEP8csOrY1a1sGEoIt1,spotify:track:0nROEP8csOrY1a1sGEoIt1
3pzgwtqXT3W5TbmXsomKTj,"Bright And Early (Wild World)","Ben Briggs,ectogemia",https://open.spotify.com/track/3pzgwtqXT3W5TbmXsomKTj,spotify:track:3pzgwtqXT3W5TbmXsomKTj
1AZSFzzxI0ALYnerHpqPkf,"Breakfast With K.K. (7 AM)","Ben Briggs,ectogemia",https://open.spotify.com/track/1AZSFzzxI0ALYnerHpqPkf,spotify:track:1AZSFzzxI0ALYnerHpqPkf
3umw9AOc7HO2Py8ZEEUwF6,"Rush Hour (8 AM, City Folk)","Ben Briggs,ectogemia",https://open.spotify.com/track/3umw9AOc7HO2Py8ZEEUwF6,spotify:track:3umw9AOc7HO2Py8ZEEUwF6
7GfM4eAyWAtMqCe0bzu646,"Rainy Day","Ben Briggs,ectogemia",https://open.spotify.com/track/7GfM4eAyWAtMqCe0bzu646,spotify:track:7GfM4eAyWAtMqCe0bzu646
5KU2ho2ipavq391eH4unfb,"Quittin' Time (5 PM)","Ben Briggs,ectogemia",https://open.spotify.com/track/5KU2ho2ipavq391eH4unfb,spotify:track:5KU2ho2ipavq391eH4unfb
1QVAyeoGIJNuFBJd5XqgUk,"Sunsets And Seashells (9 PM)","Ben Briggs,ectogemia",https://open.spotify.com/track/1QVAyeoGIJNuFBJd5XqgUk,spotify:track:1QVAyeoGIJNuFBJd5XqgUk
5Kf37DZcwTIXAWDuDxc8t0,"K.K. Cruisin'","Ben Briggs",https://open.spotify.com/track/5Kf37DZcwTIXAWDuDxc8t0,spotify:track:5Kf37DZcwTIXAWDuDxc8t0
4L3OclvBNiV0g6TwHqP4uW,"DJ K.K.","Ben Briggs,Kevin Villecco",https://open.spotify.com/track/4L3OclvBNiV0g6TwHqP4uW,spotify:track:4L3OclvBNiV0g6TwHqP4uW
1EsdqTsiQPaUJ82iy7KfS1,"Endless Fantasy",Anamanaguchi,https://open.spotify.com/track/1EsdqTsiQPaUJ82iy7KfS1,spotify:track:1EsdqTsiQPaUJ82iy7KfS1
79Mj6CUPQ6EtlNvM0XaRFD,"Japan Air","Anamanaguchi,meesh",https://open.spotify.com/track/79Mj6CUPQ6EtlNvM0XaRFD,spotify:track:79Mj6CUPQ6EtlNvM0XaRFD
4KGH9pALg3aehDXt0FLGLD,Echobo,Anamanaguchi,https://open.spotify.com/track/4KGH9pALg3aehDXt0FLGLD,spotify:track:4KGH9pALg3aehDXt0FLGLD
3HWv1LpUGpYszCUbYWq6OQ,Planet,Anamanaguchi,https://open.spotify.com/track/3HWv1LpUGpYszCUbYWq6OQ,spotify:track:3HWv1LpUGpYszCUbYWq6OQ
4XCvV15JjNKQkZyyyUtOYp,"Viridian Genesis",Anamanaguchi,https://open.spotify.com/track/4XCvV15JjNKQkZyyyUtOYp,spotify:track:4XCvV15JjNKQkZyyyUtOYp
6eoS0bxQjGdFpSI9M6DOeI,"John Hughes",Anamanaguchi,https://open.spotify.com/track/6eoS0bxQjGdFpSI9M6DOeI,spotify:track:6eoS0bxQjGdFpSI9M6DOeI
2kerqZxEIfdGlMy6BxseFy,"Prom Night",Anamanaguchi,https://open.spotify.com/track/2kerqZxEIfdGlMy6BxseFy,spotify:track:2kerqZxEIfdGlMy6BxseFy
00zPklyxwiQ7XNLmtk19y4,"Interlude (Gymnopedie No. 1)",Anamanaguchi,https://open.spotify.com/track/00zPklyxwiQ7XNLmtk19y4,spotify:track:00zPklyxwiQ7XNLmtk19y4
3zFc5Y7EczGHrfpWlOmzvT,Akira,Anamanaguchi,https://open.spotify.com/track/3zFc5Y7EczGHrfpWlOmzvT,spotify:track:3zFc5Y7EczGHrfpWlOmzvT
2nvEPYLPsngJq21VwSi12D,"SPF 420",Anamanaguchi,https://open.spotify.com/track/2nvEPYLPsngJq21VwSi12D,spotify:track:2nvEPYLPsngJq21VwSi12D
666Gq86pwKtAJcLB9Jg9aF,"Interlude (Total Tea Time)",Anamanaguchi,https://open.spotify.com/track/666Gq86pwKtAJcLB9Jg9aF,spotify:track:666Gq86pwKtAJcLB9Jg9aF
0Rx2P6lc1YIAvpalv5OL17,Meow,Anamanaguchi,https://open.spotify.com/track/0Rx2P6lc1YIAvpalv5OL17,spotify:track:0Rx2P6lc1YIAvpalv5OL17
3aIV6v1IjdWgXx3SlPoOsT,"Canal Paradise",Anamanaguchi,https://open.spotify.com/track/3aIV6v1IjdWgXx3SlPoOsT,spotify:track:3aIV6v1IjdWgXx3SlPoOsT
08J88Yor2moFkXFaRp1e07,"Snow Angels",Anamanaguchi,https://open.spotify.com/track/08J88Yor2moFkXFaRp1e07,spotify:track:08J88Yor2moFkXFaRp1e07
2tjsTHR7Det4ckieG47frW,"In The Basement",Anamanaguchi,https://open.spotify.com/track/2tjsTHR7Det4ckieG47frW,spotify:track:2tjsTHR7Det4ckieG47frW
41PiUSnjUKoOGyECqFkeAQ,"U n Me",Anamanaguchi,https://open.spotify.com/track/41PiUSnjUKoOGyECqFkeAQ,spotify:track:41PiUSnjUKoOGyECqFkeAQ
7FeGAUgHTYMyfZLDOiwTHc,"Space Wax America",Anamanaguchi,https://open.spotify.com/track/7FeGAUgHTYMyfZLDOiwTHc,spotify:track:7FeGAUgHTYMyfZLDOiwTHc
2caqs2TO8QVRlgwPVqZLAg,"EVERYTHING EXPLODES",Anamanaguchi,https://open.spotify.com/track/2caqs2TO8QVRlgwPVqZLAg,spotify:track:2caqs2TO8QVRlgwPVqZLAg
22pSecTg5aLqZjIRoExTfO,"Interlude (STILL SPLODIN THO)",Anamanaguchi,https://open.spotify.com/track/22pSecTg5aLqZjIRoExTfO,spotify:track:22pSecTg5aLqZjIRoExTfO
0xtqNYckH9GHUbEgqQCEDR,"Pastel Flags",Anamanaguchi,https://open.spotify.com/track/0xtqNYckH9GHUbEgqQCEDR,spotify:track:0xtqNYckH9GHUbEgqQCEDR
15ytCRCtcC4vBpKE0v75YD,"Bosozoku GF",Anamanaguchi,https://open.spotify.com/track/15ytCRCtcC4vBpKE0v75YD,spotify:track:15ytCRCtcC4vBpKE0v75YD
2KORn4JKTJvUMu8E3EnT5K,Fox,Shirobon,https://open.spotify.com/track/2KORn4JKTJvUMu8E3EnT5K,spotify:track:2KORn4JKTJvUMu8E3EnT5K
3yjOujoRXh8L34iw9b1HhR,Alliance,Shirobon,https://open.spotify.com/track/3yjOujoRXh8L34iw9b1HhR,spotify:track:3yjOujoRXh8L34iw9b1HhR
2UFdxJ7cQdW5n0F9Q5nyag,Crystals,Shirobon,https://open.spotify.com/track/2UFdxJ7cQdW5n0F9Q5nyag,spotify:track:2UFdxJ7cQdW5n0F9Q5nyag
0UKhQbzhH7Ph92wYvKO679,"On the Run",Shirobon,https://open.spotify.com/track/0UKhQbzhH7Ph92wYvKO679,spotify:track:0UKhQbzhH7Ph92wYvKO679
3DTsMQQAZFOrbTyHbg8m8Q,"Are You Ready",Shirobon,https://open.spotify.com/track/3DTsMQQAZFOrbTyHbg8m8Q,spotify:track:3DTsMQQAZFOrbTyHbg8m8Q
1E9VvgFED9J8QOHz2npLqy,Meteor,Shirobon,https://open.spotify.com/track/1E9VvgFED9J8QOHz2npLqy,spotify:track:1E9VvgFED9J8QOHz2npLqy
5LI0dhMGIaaFZY3WTLy5HE,"Hack the Mainframe",Shirobon,https://open.spotify.com/track/5LI0dhMGIaaFZY3WTLy5HE,spotify:track:5LI0dhMGIaaFZY3WTLy5HE
24DzSKtvPTbhoblCFV8kno,"Pump It",Shirobon,https://open.spotify.com/track/24DzSKtvPTbhoblCFV8kno,spotify:track:24DzSKtvPTbhoblCFV8kno
4MtdF4rMz0Z54nK0JoNkoQ,Chiptuna,Shirobon,https://open.spotify.com/track/4MtdF4rMz0Z54nK0JoNkoQ,spotify:track:4MtdF4rMz0Z54nK0JoNkoQ
0RQFB9Agu01EYZOxGEJhJG,(ノ◕ヮ◕)ノ*:・゚✧,"Shirobon,Protodome",https://open.spotify.com/track/0RQFB9Agu01EYZOxGEJhJG,spotify:track:0RQFB9Agu01EYZOxGEJhJG
2a5Tao0hsOTKlaF4eW8nms,Shibuya,Shirobon,https://open.spotify.com/track/2a5Tao0hsOTKlaF4eW8nms,spotify:track:2a5Tao0hsOTKlaF4eW8nms
3csl6n1vrz6dxG5bBfnHff,"This Love",Shirobon,https://open.spotify.com/track/3csl6n1vrz6dxG5bBfnHff,spotify:track:3csl6n1vrz6dxG5bBfnHff
0MIXSjvqRkAHVgsfDgNUVz,Reflections,Shirobon,https://open.spotify.com/track/0MIXSjvqRkAHVgsfDgNUVz,spotify:track:0MIXSjvqRkAHVgsfDgNUVz
20ah0Ex5VUcWhkGcVCyfKu,"Into the Zone",Shirobon,https://open.spotify.com/track/20ah0Ex5VUcWhkGcVCyfKu,spotify:track:20ah0Ex5VUcWhkGcVCyfKu
1VIto7sFDLuRZoBbinQ0tV,Renegade,Shirobon,https://open.spotify.com/track/1VIto7sFDLuRZoBbinQ0tV,spotify:track:1VIto7sFDLuRZoBbinQ0tV
6RWCGrOcad1tzTqGqooWnw,Fracture,Shirobon,https://open.spotify.com/track/6RWCGrOcad1tzTqGqooWnw,spotify:track:6RWCGrOcad1tzTqGqooWnw
4mjXc4CZoniSqIRDZ63gEs,"The Chase",Shirobon,https://open.spotify.com/track/4mjXc4CZoniSqIRDZ63gEs,spotify:track:4mjXc4CZoniSqIRDZ63gEs
1GyhdP04xQkbcZYHMoXOdC,Trident,Shirobon,https://open.spotify.com/track/1GyhdP04xQkbcZYHMoXOdC,spotify:track:1GyhdP04xQkbcZYHMoXOdC
0onQabVa7EfLF54ZsN7Qpq,Xilioh,Shirobon,https://open.spotify.com/track/0onQabVa7EfLF54ZsN7Qpq,spotify:track:0onQabVa7EfLF54ZsN7Qpq
1guxWDVxgQY00scZdyTE8T,Vectors,Shirobon,https://open.spotify.com/track/1guxWDVxgQY00scZdyTE8T,spotify:track:1guxWDVxgQY00scZdyTE8T
3S7E1qj7EuOUL3jfmZpYjm,Opia,Shirobon,https://open.spotify.com/track/3S7E1qj7EuOUL3jfmZpYjm,spotify:track:3S7E1qj7EuOUL3jfmZpYjm
0vmFswiN5MZs3wbU21N5rw,"Cloud Chaser",Shirobon,https://open.spotify.com/track/0vmFswiN5MZs3wbU21N5rw,spotify:track:0vmFswiN5MZs3wbU21N5rw
6jZ9QSPVp7BLJqYKuaF4tk,Granite,Shirobon,https://open.spotify.com/track/6jZ9QSPVp7BLJqYKuaF4tk,spotify:track:6jZ9QSPVp7BLJqYKuaF4tk
323R1dgzGBHYRBjVCCVM8b,GRG,Shirobon,https://open.spotify.com/track/323R1dgzGBHYRBjVCCVM8b,spotify:track:323R1dgzGBHYRBjVCCVM8b
4IlO7ccTabPGehN5UEizih,Nostalgia,Shirobon,https://open.spotify.com/track/4IlO7ccTabPGehN5UEizih,spotify:track:4IlO7ccTabPGehN5UEizih
1MmnGdJvhwXMpOIeXZECzA,"Swing N Shift",Shirobon,https://open.spotify.com/track/1MmnGdJvhwXMpOIeXZECzA,spotify:track:1MmnGdJvhwXMpOIeXZECzA
4MtcZGl98O3ICE9hn59MP7,"Sleez - Bonus",Shirobon,https://open.spotify.com/track/4MtcZGl98O3ICE9hn59MP7,spotify:track:4MtcZGl98O3ICE9hn59MP7
0d5Rz9v3MJhqIAWF3CekTM,"Take Me to Pleasure Island - Grimecraft Remix","Shirobon,Grimecraft",https://open.spotify.com/track/0d5Rz9v3MJhqIAWF3CekTM,spotify:track:0d5Rz9v3MJhqIAWF3CekTM
4qIOAc1cP5ynhNolVesNdq,"Sex - Faik Remix","Shirobon,FAIK",https://open.spotify.com/track/4qIOAc1cP5ynhNolVesNdq,spotify:track:4qIOAc1cP5ynhNolVesNdq
54FnblcNTZP4rEh12ES2xY,"BK 2nite - Taka Sushi Remix","Shirobon,Taka Sushi",https://open.spotify.com/track/54FnblcNTZP4rEh12ES2xY,spotify:track:54FnblcNTZP4rEh12ES2xY
2YAk6yC5bwxAGO5ukZgk5C,"Want U - Maxo Remix","Shirobon,Maxo",https://open.spotify.com/track/2YAk6yC5bwxAGO5ukZgk5C,spotify:track:2YAk6yC5bwxAGO5ukZgk5C
7pqge5YLUGqpYhXNQlnZZx,"Take Me to Pleasure Island",Shirobon,https://open.spotify.com/track/7pqge5YLUGqpYhXNQlnZZx,spotify:track:7pqge5YLUGqpYhXNQlnZZx
4BEtAgqgNPRiieNmk33df0,Sex,Shirobon,https://open.spotify.com/track/4BEtAgqgNPRiieNmk33df0,spotify:track:4BEtAgqgNPRiieNmk33df0
05m5E2Xzbd487l9h562LaU,"BK 2nite",Shirobon,https://open.spotify.com/track/05m5E2Xzbd487l9h562LaU,spotify:track:05m5E2Xzbd487l9h562LaU
7wGrBOP0zgINDWYJ8wOBjK,"Want U",Shirobon,https://open.spotify.com/track/7wGrBOP0zgINDWYJ8wOBjK,spotify:track:7wGrBOP0zgINDWYJ8wOBjK
44NbGN1xYjpmzRjNY5Hx9y,Dream-E,Shirobon,https://open.spotify.com/track/44NbGN1xYjpmzRjNY5Hx9y,spotify:track:44NbGN1xYjpmzRjNY5Hx9y
4UpDrU6nP2n0lC8Suv6Yp7,"Out of Love",Shirobon,https://open.spotify.com/track/4UpDrU6nP2n0lC8Suv6Yp7,spotify:track:4UpDrU6nP2n0lC8Suv6Yp7
7rYxRK7ZYkXafCMnZbh81M,"Regain Control",Shirobon,https://open.spotify.com/track/7rYxRK7ZYkXafCMnZbh81M,spotify:track:7rYxRK7ZYkXafCMnZbh81M
3H1LMPcHAenys0f81ft0Of,"Regain Control - Mitch Murder Remix","Shirobon,Mitch Murder",https://open.spotify.com/track/3H1LMPcHAenys0f81ft0Of,spotify:track:3H1LMPcHAenys0f81ft0Of
0AHpDs8n8ADKzejSdpMx6Q,"Regain Control - Shirobon Remix",Shirobon,https://open.spotify.com/track/0AHpDs8n8ADKzejSdpMx6Q,spotify:track:0AHpDs8n8ADKzejSdpMx6Q
1lr5yTN8R5aGCRGvSxJTE4,"Regain Control - Dougal & Gammer Remix","Shirobon,Dougal & Gammer",https://open.spotify.com/track/1lr5yTN8R5aGCRGvSxJTE4,spotify:track:1lr5yTN8R5aGCRGvSxJTE4
3bAqj49ab0hhYhW7ZxGA2f,Immune,"Shirobon,Camden Cox",https://open.spotify.com/track/3bAqj49ab0hhYhW7ZxGA2f,spotify:track:3bAqj49ab0hhYhW7ZxGA2f
0aE5OHSfaOtkawnedpDekK,"City Patrol - Stage B",Shirobon,https://open.spotify.com/track/0aE5OHSfaOtkawnedpDekK,spotify:track:0aE5OHSfaOtkawnedpDekK
5wszrErn3CKFkARtskv5V2,"Cyber Party","Shirobon,Radix",https://open.spotify.com/track/5wszrErn3CKFkARtskv5V2,spotify:track:5wszrErn3CKFkARtskv5V2
1ptz9ZyVIfxonmgtpYiXAj,"Regain Control",Shirobon,https://open.spotify.com/track/1ptz9ZyVIfxonmgtpYiXAj,spotify:track:1ptz9ZyVIfxonmgtpYiXAj
46gYfI9XnyzgaNnYlkUwCJ,"Perfect Machine",Shirobon,https://open.spotify.com/track/46gYfI9XnyzgaNnYlkUwCJ,spotify:track:46gYfI9XnyzgaNnYlkUwCJ
6Q9oUtzFUSavVJZ2setfCz,"Super Human",Shirobon,https://open.spotify.com/track/6Q9oUtzFUSavVJZ2setfCz,spotify:track:6Q9oUtzFUSavVJZ2setfCz
3vAcaunVhCNcCSEwgVHg7x,"I Need You",Shirobon,https://open.spotify.com/track/3vAcaunVhCNcCSEwgVHg7x,spotify:track:3vAcaunVhCNcCSEwgVHg7x
1pgyFFLcNJ2WR4zJAOM8xr,Trouble,"Shirobon,Brandon Marx",https://open.spotify.com/track/1pgyFFLcNJ2WR4zJAOM8xr,spotify:track:1pgyFFLcNJ2WR4zJAOM8xr
4bwa0QQbgOEWBDdA4vKDon,"Born Survivor",Shirobon,https://open.spotify.com/track/4bwa0QQbgOEWBDdA4vKDon,spotify:track:4bwa0QQbgOEWBDdA4vKDon
7r4G5AQrNEgzWXew6HiMcz,"As Vivid As You",Shirobon,https://open.spotify.com/track/7r4G5AQrNEgzWXew6HiMcz,spotify:track:7r4G5AQrNEgzWXew6HiMcz
2DLpMgh3sSnynkDhocTZl8,"Golden Apples",Shirobon,https://open.spotify.com/track/2DLpMgh3sSnynkDhocTZl8,spotify:track:2DLpMgh3sSnynkDhocTZl8
3SuvtQXq6iUILUWzG3jR6J,"High Voltage",Shirobon,https://open.spotify.com/track/3SuvtQXq6iUILUWzG3jR6J,spotify:track:3SuvtQXq6iUILUWzG3jR6J
3kIh3VaVxNYWND7CNq62JL,"Counter Format",Shirobon,https://open.spotify.com/track/3kIh3VaVxNYWND7CNq62JL,spotify:track:3kIh3VaVxNYWND7CNq62JL
77fQYOBnYUmygb77BpxDSY,"Theres Always Hope",Shirobon,https://open.spotify.com/track/77fQYOBnYUmygb77BpxDSY,spotify:track:77fQYOBnYUmygb77BpxDSY
67GtAyDzCzjeYkgV5XBTvD,"Are You Human",Shirobon,https://open.spotify.com/track/67GtAyDzCzjeYkgV5XBTvD,spotify:track:67GtAyDzCzjeYkgV5XBTvD
0xaIaRbfokBYJDfFn4PPOu,"Saffron Skyline","Boy vs Bacteria",https://open.spotify.com/track/0xaIaRbfokBYJDfFn4PPOu,spotify:track:0xaIaRbfokBYJDfFn4PPOu
3fnMCmSqxy0nwEAla1XvyG,"Boy vs Bacteria","Boy vs Bacteria",https://open.spotify.com/track/3fnMCmSqxy0nwEAla1XvyG,spotify:track:3fnMCmSqxy0nwEAla1XvyG
6G9vxA3adbFYq6rD7wjJ2h,Monstergirl,"Boy vs Bacteria",https://open.spotify.com/track/6G9vxA3adbFYq6rD7wjJ2h,spotify:track:6G9vxA3adbFYq6rD7wjJ2h
3yuUzmpuusvXTh1qoCjz8L,"Bloody Rainbow","Boy vs Bacteria",https://open.spotify.com/track/3yuUzmpuusvXTh1qoCjz8L,spotify:track:3yuUzmpuusvXTh1qoCjz8L
5edIVfguQKRvuoBcZxrOXd,Leeds,"Boy vs Bacteria",https://open.spotify.com/track/5edIVfguQKRvuoBcZxrOXd,spotify:track:5edIVfguQKRvuoBcZxrOXd
44TwbuBPmlXAcYhtxI2WRV,Monkeydrunk,"Boy vs Bacteria",https://open.spotify.com/track/44TwbuBPmlXAcYhtxI2WRV,spotify:track:44TwbuBPmlXAcYhtxI2WRV
1pb0kCMMDIuRpGQTMW638p,"Kränku Killers","Boy vs Bacteria",https://open.spotify.com/track/1pb0kCMMDIuRpGQTMW638p,spotify:track:1pb0kCMMDIuRpGQTMW638p
0440RMR3zlwWSsrscCG8IJ,"Happy Cop","Boy vs Bacteria",https://open.spotify.com/track/0440RMR3zlwWSsrscCG8IJ,spotify:track:0440RMR3zlwWSsrscCG8IJ
4VpX8vWOpv6XCnurjHBlaX,"Another Little Adventure","Boy vs Bacteria",https://open.spotify.com/track/4VpX8vWOpv6XCnurjHBlaX,spotify:track:4VpX8vWOpv6XCnurjHBlaX
2hR0jrXKzEEK5hMahjE66X,"Monsterboy In Wonderland","Boy vs Bacteria",https://open.spotify.com/track/2hR0jrXKzEEK5hMahjE66X,spotify:track:2hR0jrXKzEEK5hMahjE66X
5M50HLSu8Bm7OK1KHpVgbg,"His Theme (From ""Undertale"")","Sprightly,GameChops",https://open.spotify.com/track/5M50HLSu8Bm7OK1KHpVgbg,spotify:track:5M50HLSu8Bm7OK1KHpVgbg
2ZYsKKLlYrM4JJCEEL9P3E,Milkshake,meganeko,https://open.spotify.com/track/2ZYsKKLlYrM4JJCEEL9P3E,spotify:track:2ZYsKKLlYrM4JJCEEL9P3E
4X5u2aZ5psrkzqRhTInhQH,"Hello World",SharaX,https://open.spotify.com/track/4X5u2aZ5psrkzqRhTInhQH,spotify:track:4X5u2aZ5psrkzqRhTInhQH
4mYiuz9VwFVZDJNzgwI4Ye,"The legend of Zeta Force",zabutom,https://open.spotify.com/track/4mYiuz9VwFVZDJNzgwI4Ye,spotify:track:4mYiuz9VwFVZDJNzgwI4Ye
02EnVDPus5UXp24XmRLaMo,"Techno Boss",zabutom,https://open.spotify.com/track/02EnVDPus5UXp24XmRLaMo,spotify:track:02EnVDPus5UXp24XmRLaMo
7AuVMbBVwhMT0zRbScMyss,"Blast off into Space",zabutom,https://open.spotify.com/track/7AuVMbBVwhMT0zRbScMyss,spotify:track:7AuVMbBVwhMT0zRbScMyss
1cmWFD2SD8DGRM060LqGhg,"Zeta Force (Gameboy Version)",zabutom,https://open.spotify.com/track/1cmWFD2SD8DGRM060LqGhg,spotify:track:1cmWFD2SD8DGRM060LqGhg
3K9izCMmGc5qgcPQkWCilZ,"Level X",zabutom,https://open.spotify.com/track/3K9izCMmGc5qgcPQkWCilZ,spotify:track:3K9izCMmGc5qgcPQkWCilZ
3CTNfptI4IJJ6iXYhpqHhH,"Level 2",zabutom,https://open.spotify.com/track/3CTNfptI4IJJ6iXYhpqHhH,spotify:track:3CTNfptI4IJJ6iXYhpqHhH
12UYnL3q2Xm3U7gFCRfAKs,"Final Blast",zabutom,https://open.spotify.com/track/12UYnL3q2Xm3U7gFCRfAKs,spotify:track:12UYnL3q2Xm3U7gFCRfAKs
2O3fO8xG45dR6uYEyJpKae,"Final Victory","Boy vs Bacteria",https://open.spotify.com/track/2O3fO8xG45dR6uYEyJpKae,spotify:track:2O3fO8xG45dR6uYEyJpKae
6LKot7HgkUIcxg7htxgPsv,Prologue,Prof.Sakamoto,https://open.spotify.com/track/6LKot7HgkUIcxg7htxgPsv,spotify:track:6LKot7HgkUIcxg7htxgPsv
7GdoW0btpUfST9kzKeC6fO,Field,Prof.Sakamoto,https://open.spotify.com/track/7GdoW0btpUfST9kzKeC6fO,spotify:track:7GdoW0btpUfST9kzKeC6fO
6ZxPvXP7lXR9U1YQduYexB,Battle,Prof.Sakamoto,https://open.spotify.com/track/6ZxPvXP7lXR9U1YQduYexB,spotify:track:6ZxPvXP7lXR9U1YQduYexB
4EHPjV3iagmmW02iNN0Ojf,"Last Dungeon",Prof.Sakamoto,https://open.spotify.com/track/4EHPjV3iagmmW02iNN0Ojf,spotify:track:4EHPjV3iagmmW02iNN0Ojf
3efX53fLQ45bGs3TFmgqGe,"Final Battle",Prof.Sakamoto,https://open.spotify.com/track/3efX53fLQ45bGs3TFmgqGe,spotify:track:3efX53fLQ45bGs3TFmgqGe
0sgdgmHLUvLv7O6CcRdSgn,Epilogue,Prof.Sakamoto,https://open.spotify.com/track/0sgdgmHLUvLv7O6CcRdSgn,spotify:track:0sgdgmHLUvLv7O6CcRdSgn
0YKQvn68EhbcAFrFFCUPUi,"8bit shower for SF Hyakkei (feat. Gainax)",Prof.Sakamoto,https://open.spotify.com/track/0YKQvn68EhbcAFrFFCUPUi,spotify:track:0YKQvn68EhbcAFrFFCUPUi
59IpNhTiGZGQCDQn0Yu1GC,"We are here",Prof.Sakamoto,https://open.spotify.com/track/59IpNhTiGZGQCDQn0Yu1GC,spotify:track:59IpNhTiGZGQCDQn0Yu1GC
5xl9sNJL7KSBiir1u7jIQG,1985,Sabrepulse,https://open.spotify.com/track/5xl9sNJL7KSBiir1u7jIQG,spotify:track:5xl9sNJL7KSBiir1u7jIQG
6SSEZof6levNpwA98FP5tA,"Attack Vector",Covox,https://open.spotify.com/track/6SSEZof6levNpwA98FP5tA,spotify:track:6SSEZof6levNpwA98FP5tA
7Er064RTrwCn2r100gVPhD,"Dragon Bump","Desert planet",https://open.spotify.com/track/7Er064RTrwCn2r100gVPhD,spotify:track:7Er064RTrwCn2r100gVPhD
2nXkzYPl9zzqZbPdNW9I02,Megablast,"Desert planet",https://open.spotify.com/track/2nXkzYPl9zzqZbPdNW9I02,spotify:track:2nXkzYPl9zzqZbPdNW9I02
0xzSE0o6adIgy2raXPy7yQ,Opponent,"Desert planet",https://open.spotify.com/track/0xzSE0o6adIgy2raXPy7yQ,spotify:track:0xzSE0o6adIgy2raXPy7yQ
7hvzFCvIcFyEuagFlr8HaH,"Lost Galaxians","Desert planet",https://open.spotify.com/track/7hvzFCvIcFyEuagFlr8HaH,spotify:track:7hvzFCvIcFyEuagFlr8HaH
76DKSvuJB2P5QiTbRM0sJl,"Asteroid Hopper","Desert planet",https://open.spotify.com/track/76DKSvuJB2P5QiTbRM0sJl,spotify:track:76DKSvuJB2P5QiTbRM0sJl
2f91LIus0uRhWZdkTE2kJ0,"Aska-Osaka Virtual Highway","Desert planet",https://open.spotify.com/track/2f91LIus0uRhWZdkTE2kJ0,spotify:track:2f91LIus0uRhWZdkTE2kJ0
306iU1oz81DbtsGYjxLSeu,"Mosquito Island","Desert planet",https://open.spotify.com/track/306iU1oz81DbtsGYjxLSeu,spotify:track:306iU1oz81DbtsGYjxLSeu
3jetmrLMBZqy2Sk0iXmvtR,"Muff Pops","Desert planet",https://open.spotify.com/track/3jetmrLMBZqy2Sk0iXmvtR,spotify:track:3jetmrLMBZqy2Sk0iXmvtR
1eWudXuQbc2tsvr7wNUcV6,Delta,"Desert planet",https://open.spotify.com/track/1eWudXuQbc2tsvr7wNUcV6,spotify:track:1eWudXuQbc2tsvr7wNUcV6
3jDjliI8fh7bwkGTFWco2y,"Alien Hunters","Desert planet",https://open.spotify.com/track/3jDjliI8fh7bwkGTFWco2y,spotify:track:3jDjliI8fh7bwkGTFWco2y
0VbRtpe4bg40qOfk6fPrBU,"Sleeping Monster","Desert planet",https://open.spotify.com/track/0VbRtpe4bg40qOfk6fPrBU,spotify:track:0VbRtpe4bg40qOfk6fPrBU
4V3gcYvLn2fxSBA73mh6Op,Joysticker,"Desert planet",https://open.spotify.com/track/4V3gcYvLn2fxSBA73mh6Op,spotify:track:4V3gcYvLn2fxSBA73mh6Op
3TbpU7DniWbeT28BZUgUmN,"Gangster Puzzle","Desert planet",https://open.spotify.com/track/3TbpU7DniWbeT28BZUgUmN,spotify:track:3TbpU7DniWbeT28BZUgUmN
201Dj5QxYIqIEmLWDOdQMy,"Death Ray 13","Desert planet",https://open.spotify.com/track/201Dj5QxYIqIEmLWDOdQMy,spotify:track:201Dj5QxYIqIEmLWDOdQMy
29SwclvnkL6tvbMelCZWtX,Cherokees,"Desert planet",https://open.spotify.com/track/29SwclvnkL6tvbMelCZWtX,spotify:track:29SwclvnkL6tvbMelCZWtX
1lXhK039hg7Zmt5FJTkbDH,"Love Shuttle","Desert planet",https://open.spotify.com/track/1lXhK039hg7Zmt5FJTkbDH,spotify:track:1lXhK039hg7Zmt5FJTkbDH
2JFQX8ooMQlPuhFLGwS1kl,"Zombie Duckwalk","Desert planet",https://open.spotify.com/track/2JFQX8ooMQlPuhFLGwS1kl,spotify:track:2JFQX8ooMQlPuhFLGwS1kl
4zD9LWwO56G8Iz6jlqOG1C,"International Karate Holiday","Desert planet",https://open.spotify.com/track/4zD9LWwO56G8Iz6jlqOG1C,spotify:track:4zD9LWwO56G8Iz6jlqOG1C
2KGgKvNItvGXuLIDWLaCO2,"Leaving the Planet","Desert planet",https://open.spotify.com/track/2KGgKvNItvGXuLIDWLaCO2,spotify:track:2KGgKvNItvGXuLIDWLaCO2
0GwujBelzDaeMicErKa31X,"Opening: The Way of the Ninja",Prof.Sakamoto,https://open.spotify.com/track/0GwujBelzDaeMicErKa31X,spotify:track:0GwujBelzDaeMicErKa31X
0av9cjPeTFYFsbUl9cMVJD,"Stage 1: Hanzomon",Prof.Sakamoto,https://open.spotify.com/track/0av9cjPeTFYFsbUl9cMVJD,spotify:track:0av9cjPeTFYFsbUl9cMVJD
4WvpkdVL1Vv78BS104HTLD,"Stage 2: Kanda Myojin",Prof.Sakamoto,https://open.spotify.com/track/4WvpkdVL1Vv78BS104HTLD,spotify:track:4WvpkdVL1Vv78BS104HTLD
3o58kcb5BGNP7DIUIILCYr,"Stage 3: Shinobazu Pond",Prof.Sakamoto,https://open.spotify.com/track/3o58kcb5BGNP7DIUIILCYr,spotify:track:3o58kcb5BGNP7DIUIILCYr
4UljZLsVp0OxWRtJyqyN6f,"Stage 4: Kaminarimon",Prof.Sakamoto,https://open.spotify.com/track/4UljZLsVp0OxWRtJyqyN6f,spotify:track:4UljZLsVp0OxWRtJyqyN6f
5plDr6Q6HfW7Eu1s7Vt7xb,"Stage 5: Neo Edo Castle",Prof.Sakamoto,https://open.spotify.com/track/5plDr6Q6HfW7Eu1s7Vt7xb,spotify:track:5plDr6Q6HfW7Eu1s7Vt7xb
2R7YWZTqSmsSZjBjoVgK02,"Boss: Fuma Bottousai",Prof.Sakamoto,https://open.spotify.com/track/2R7YWZTqSmsSZjBjoVgK02,spotify:track:2R7YWZTqSmsSZjBjoVgK02
1oUGlOSSEXc6kMECNn7cEO,"Ending: The Shinobi Chronicles",Prof.Sakamoto,https://open.spotify.com/track/1oUGlOSSEXc6kMECNn7cEO,spotify:track:1oUGlOSSEXc6kMECNn7cEO
4MCC8ocmB0M1zu539FMYZa,"Opening: The Power of the Sun",Prof.Sakamoto,https://open.spotify.com/track/4MCC8ocmB0M1zu539FMYZa,spotify:track:4MCC8ocmB0M1zu539FMYZa
0qW2iFwUHN3BLYQ9ulO6vU,"Stage 1: Moon",Prof.Sakamoto,https://open.spotify.com/track/0qW2iFwUHN3BLYQ9ulO6vU,spotify:track:0qW2iFwUHN3BLYQ9ulO6vU
5PIwd9aD41aff7UyyuouYN,"Stage 2: Mars",Prof.Sakamoto,https://open.spotify.com/track/5PIwd9aD41aff7UyyuouYN,spotify:track:5PIwd9aD41aff7UyyuouYN
4pNE7SBFblJ5MqiOV9xmTx,"Stage 3: Jupiter",Prof.Sakamoto,https://open.spotify.com/track/4pNE7SBFblJ5MqiOV9xmTx,spotify:track:4pNE7SBFblJ5MqiOV9xmTx
6wjszqOBADekGFhi93MdBG,"Stage 4: Saturn",Prof.Sakamoto,https://open.spotify.com/track/6wjszqOBADekGFhi93MdBG,spotify:track:6wjszqOBADekGFhi93MdBG
2CabuGYTJXHgVpsuTO4Mqa,"Stage 5: Uranus",Prof.Sakamoto,https://open.spotify.com/track/2CabuGYTJXHgVpsuTO4Mqa,spotify:track:2CabuGYTJXHgVpsuTO4Mqa
0jHsN2qHvQ3bPX0LdML9jb,"Stage 6: Neptune",Prof.Sakamoto,https://open.spotify.com/track/0jHsN2qHvQ3bPX0LdML9jb,spotify:track:0jHsN2qHvQ3bPX0LdML9jb
4G581BOvxf4eYLu5Z64ZHz,"Boss: King Bot",Prof.Sakamoto,https://open.spotify.com/track/4G581BOvxf4eYLu5Z64ZHz,spotify:track:4G581BOvxf4eYLu5Z64ZHz
6ZqdCGmpWK6Q7cSNLfjlWg,"Ending: Return to Tomorrow",Prof.Sakamoto,https://open.spotify.com/track/6ZqdCGmpWK6Q7cSNLfjlWg,spotify:track:6ZqdCGmpWK6Q7cSNLfjlWg
7gtdjW81zwHx5U4KuWTJpI,"Dungeon Crawler Baller","8 Bit Weapon",https://open.spotify.com/track/7gtdjW81zwHx5U4KuWTJpI,spotify:track:7gtdjW81zwHx5U4KuWTJpI
7mCI5L3GovFomi8SJXdMny,"Underground Blips","8 Bit Weapon",https://open.spotify.com/track/7mCI5L3GovFomi8SJXdMny,spotify:track:7mCI5L3GovFomi8SJXdMny
2rI47ri6QDE2onY1NlD58a,"Xp Dmg Tkno (Wv Chnl Mix)","8 Bit Weapon",https://open.spotify.com/track/2rI47ri6QDE2onY1NlD58a,spotify:track:2rI47ri6QDE2onY1NlD58a
6ynyiCVmxNZo0FA9J2Kla2,"Nintechnoid (Radio Chipmusic Remix)","8 Bit Weapon",https://open.spotify.com/track/6ynyiCVmxNZo0FA9J2Kla2,spotify:track:6ynyiCVmxNZo0FA9J2Kla2
5Fd1yydxL7bLZo5uGtShEq,"Nintechnoid (Extended Chiptune Mix)","8 Bit Weapon",https://open.spotify.com/track/5Fd1yydxL7bLZo5uGtShEq,spotify:track:5Fd1yydxL7bLZo5uGtShEq
6urnsOzUnSa4Lk6O1WsmRI,"Dungeon Crawler Baller (Sid Synthwave Remix)","8 Bit Weapon",https://open.spotify.com/track/6urnsOzUnSa4Lk6O1WsmRI,spotify:track:6urnsOzUnSa4Lk6O1WsmRI
37p2nUklmPgpHROb2Hy6gx,"Fallout in the Wasteland","8 Bit Weapon",https://open.spotify.com/track/37p2nUklmPgpHROb2Hy6gx,spotify:track:37p2nUklmPgpHROb2Hy6gx
1PmCab2QqZAyRp7Z582mea,"Rocktronic Plague","8 Bit Weapon",https://open.spotify.com/track/1PmCab2QqZAyRp7Z582mea,spotify:track:1PmCab2QqZAyRp7Z582mea
6kLSyQTsBFymMj85OB77fl,"Safety Comes First","8 Bit Weapon",https://open.spotify.com/track/6kLSyQTsBFymMj85OB77fl,spotify:track:6kLSyQTsBFymMj85OB77fl
4wRGV12lqhqyJu12szq77F,"Fallout in the Wasteland (8580 remix)","8 Bit Weapon",https://open.spotify.com/track/4wRGV12lqhqyJu12szq77F,spotify:track:4wRGV12lqhqyJu12szq77F
290TZyiLu8rf49gy7EtQ1G,"Silo 64 Title Screen (8580)","8 Bit Weapon",https://open.spotify.com/track/290TZyiLu8rf49gy7EtQ1G,spotify:track:290TZyiLu8rf49gy7EtQ1G
2xRC2ACv313JPBRfwDfhdD,"Bits With Byte","8 Bit Weapon",https://open.spotify.com/track/2xRC2ACv313JPBRfwDfhdD,spotify:track:2xRC2ACv313JPBRfwDfhdD
46QGMNeexF2cveR2e80qRD,"Galactic Invasion","8 Bit Weapon",https://open.spotify.com/track/46QGMNeexF2cveR2e80qRD,spotify:track:46QGMNeexF2cveR2e80qRD
070Ji3ZTTDuZ6HE85eVFJl,"Apple Core II","8 Bit Weapon",https://open.spotify.com/track/070Ji3ZTTDuZ6HE85eVFJl,spotify:track:070Ji3ZTTDuZ6HE85eVFJl
5Vuh2RBSEEYEjxEqtsIsC5,"The Art of Video Games Anthem","8 Bit Weapon",https://open.spotify.com/track/5Vuh2RBSEEYEjxEqtsIsC5,spotify:track:5Vuh2RBSEEYEjxEqtsIsC5
2l9Ske2I8pBKBEwZI0ZMYP,"Miami Dub Bounce","8 Bit Weapon",https://open.spotify.com/track/2l9Ske2I8pBKBEwZI0ZMYP,spotify:track:2l9Ske2I8pBKBEwZI0ZMYP
1zV9E4KQzIN0NJk0ZkDiN6,"We Fight for the Users","8 Bit Weapon",https://open.spotify.com/track/1zV9E4KQzIN0NJk0ZkDiN6,spotify:track:1zV9E4KQzIN0NJk0ZkDiN6
6fm99Pm9UyUtdf8FgPDY4l,"Drive Grinder","8 Bit Weapon",https://open.spotify.com/track/6fm99Pm9UyUtdf8FgPDY4l,spotify:track:6fm99Pm9UyUtdf8FgPDY4l
3GQatkLPk6Jp123r556gf3,"Escape From Xenon","8 Bit Weapon",https://open.spotify.com/track/3GQatkLPk6Jp123r556gf3,spotify:track:3GQatkLPk6Jp123r556gf3
13S1JQJi9Qtiab4tu25xDM,"Goodbye Cochise","8 Bit Weapon",https://open.spotify.com/track/13S1JQJi9Qtiab4tu25xDM,spotify:track:13S1JQJi9Qtiab4tu25xDM
2pNCECJR1A99AOQWlBCUvR,"Closer 2.0","8 Bit Weapon",https://open.spotify.com/track/2pNCECJR1A99AOQWlBCUvR,spotify:track:2pNCECJR1A99AOQWlBCUvR
1Xxf0V8Y1WR3eyKK9B0TlC,"Micro Boogie 2.0","8 Bit Weapon",https://open.spotify.com/track/1Xxf0V8Y1WR3eyKK9B0TlC,spotify:track:1Xxf0V8Y1WR3eyKK9B0TlC
5uO30wvPBNsDTiXUsKXlk1,"Chip On Your Shoulder (Electric High Mix)","8 Bit Weapon",https://open.spotify.com/track/5uO30wvPBNsDTiXUsKXlk1,spotify:track:5uO30wvPBNsDTiXUsKXlk1
2cKQGEbJ8vtNkxA1cnIvlQ,"Chip On Your Shoulder (Sanxion7 Remix)","8 Bit Weapon",https://open.spotify.com/track/2cKQGEbJ8vtNkxA1cnIvlQ,spotify:track:2cKQGEbJ8vtNkxA1cnIvlQ
3uQcMVpl1oEU2kyRazmgQ6,"Bits With Byte Demo","8 Bit Weapon",https://open.spotify.com/track/3uQcMVpl1oEU2kyRazmgQ6,spotify:track:3uQcMVpl1oEU2kyRazmgQ6
0KBqdIy9YfLewLNYqlggtf,"The Art of Video Games Anthem Demo","8 Bit Weapon",https://open.spotify.com/track/0KBqdIy9YfLewLNYqlggtf,spotify:track:0KBqdIy9YfLewLNYqlggtf
3cMgl4xRkCUZ1PjYEOq7lk,"Galactic Invasion Demo","8 Bit Weapon",https://open.spotify.com/track/3cMgl4xRkCUZ1PjYEOq7lk,spotify:track:3cMgl4xRkCUZ1PjYEOq7lk
4xERj0425DAi74R8F2xBwS,"Vic XX","8 Bit Weapon",https://open.spotify.com/track/4xERj0425DAi74R8F2xBwS,spotify:track:4xERj0425DAi74R8F2xBwS
37WKwpi8zRaxCIUJcPlYXz,"Times changing","8 Bit Weapon",https://open.spotify.com/track/37WKwpi8zRaxCIUJcPlYXz,spotify:track:37WKwpi8zRaxCIUJcPlYXz
23aeUxntHwGh9R09LRoNUK,Chronomancer,"8 Bit Weapon",https://open.spotify.com/track/23aeUxntHwGh9R09LRoNUK,spotify:track:23aeUxntHwGh9R09LRoNUK
1SlZbq16gf7l0kO3Raj2RD,"Bonus Level","8 Bit Weapon",https://open.spotify.com/track/1SlZbq16gf7l0kO3Raj2RD,spotify:track:1SlZbq16gf7l0kO3Raj2RD
0ci3hY7CvgDUBTfy365qHF,"Micro Boogie","8 Bit Weapon",https://open.spotify.com/track/0ci3hY7CvgDUBTfy365qHF,spotify:track:0ci3hY7CvgDUBTfy365qHF
3Vy9T9ecpyUKkTQkAypKSB,"Squid Island!","Hyper Potions",https://open.spotify.com/track/3Vy9T9ecpyUKkTQkAypKSB,spotify:track:3Vy9T9ecpyUKkTQkAypKSB
5nBxoF9eQcTcSDGECbqDU7,Splattack!,Ralfington,https://open.spotify.com/track/5nBxoF9eQcTcSDGECbqDU7,spotify:track:5nBxoF9eQcTcSDGECbqDU7
3I7qmXPX2o859WBR4mw1uJ,"Sweet Victory!","Dj Cutman",https://open.spotify.com/track/3I7qmXPX2o859WBR4mw1uJ,spotify:track:3I7qmXPX2o859WBR4mw1uJ
6pl5GZGmJ9ckOy825Q8Ojg,"Octoling Assault!","Mega Flare",https://open.spotify.com/track/6pl5GZGmJ9ckOy825Q8Ojg,spotify:track:6pl5GZGmJ9ckOy825Q8Ojg
2NLC3QMLU0tqz5fBt7ZPGu,"Jet Squid Radio!","Dj Cutman",https://open.spotify.com/track/2NLC3QMLU0tqz5fBt7ZPGu,spotify:track:2NLC3QMLU0tqz5fBt7ZPGu
4Q5xvOZGrub8ccQLHXU1Rn,"Dub Splat!",Chjolo,https://open.spotify.com/track/4Q5xvOZGrub8ccQLHXU1Rn,spotify:track:4Q5xvOZGrub8ccQLHXU1Rn
1v5SppHl9CpzOdurTJH6Hs,"Squid Girls!",Ralfington,https://open.spotify.com/track/1v5SppHl9CpzOdurTJH6Hs,spotify:track:1v5SppHl9CpzOdurTJH6Hs
3D1WkPjMviDz4anh0UrnYF,"Stay Fresh!","Ben Briggs",https://open.spotify.com/track/3D1WkPjMviDz4anh0UrnYF,spotify:track:3D1WkPjMviDz4anh0UrnYF
7dTBEFXjh9A21sArgPa2Lh,"Everytime We Splat!","Party Members",https://open.spotify.com/track/7dTBEFXjh9A21sArgPa2Lh,spotify:track:7dTBEFXjh9A21sArgPa2Lh
3Ej9CxDZF4wVn4HLfjKzpM,"Show Me Dat Ink!","James Landino",https://open.spotify.com/track/3Ej9CxDZF4wVn4HLfjKzpM,spotify:track:3Ej9CxDZF4wVn4HLfjKzpM
2TG2rnZSLEb6dOtrlP5vBF,"The End!",Grimecraft,https://open.spotify.com/track/2TG2rnZSLEb6dOtrlP5vBF,spotify:track:2TG2rnZSLEb6dOtrlP5vBF
4VzuRmSif4YY1cGKp5O0Zf,"Calamari On The Funk!",RoBKTA,https://open.spotify.com/track/4VzuRmSif4YY1cGKp5O0Zf,spotify:track:4VzuRmSif4YY1cGKp5O0Zf
6IaSMGN9csuRXszO3O35BZ,"Brutal Weapons",Slagsmålsklubben,https://open.spotify.com/track/6IaSMGN9csuRXszO3O35BZ,spotify:track:6IaSMGN9csuRXszO3O35BZ
5tSHXwz0NiPMuPP93SOAkF,Phoenix,Shirobon,https://open.spotify.com/track/5tSHXwz0NiPMuPP93SOAkF,spotify:track:5tSHXwz0NiPMuPP93SOAkF
3dF6RKq4VqFaHY6t1BuvS4,"Liar to the Wire",Shirobon,https://open.spotify.com/track/3dF6RKq4VqFaHY6t1BuvS4,spotify:track:3dF6RKq4VqFaHY6t1BuvS4
6mWCOOgdt3nxLPimmKHRqv,"Forests of Aphelion",Shirobon,https://open.spotify.com/track/6mWCOOgdt3nxLPimmKHRqv,spotify:track:6mWCOOgdt3nxLPimmKHRqv
6kiqyUczdlvf6DOK4XG7ob,Meditation,Shirobon,https://open.spotify.com/track/6kiqyUczdlvf6DOK4XG7ob,spotify:track:6kiqyUczdlvf6DOK4XG7ob
4Asd26Jya45zARjxkUQkhB,Umbra,Shirobon,https://open.spotify.com/track/4Asd26Jya45zARjxkUQkhB,spotify:track:4Asd26Jya45zARjxkUQkhB
37u5v3XZSC14ibczofKkRd,Pure,Shirobon,https://open.spotify.com/track/37u5v3XZSC14ibczofKkRd,spotify:track:37u5v3XZSC14ibczofKkRd
2z7EjHiTEwdYT4rBMCB9oH,"Impact of TY-77",Shirobon,https://open.spotify.com/track/2z7EjHiTEwdYT4rBMCB9oH,spotify:track:2z7EjHiTEwdYT4rBMCB9oH
0aJ6lUWNq3JNPBnzEtKngk,Virus,Shirobon,https://open.spotify.com/track/0aJ6lUWNq3JNPBnzEtKngk,spotify:track:0aJ6lUWNq3JNPBnzEtKngk
22slFj2pqpufMr5ksC4Jjo,Exile,"LukHash,Shirobon",https://open.spotify.com/track/22slFj2pqpufMr5ksC4Jjo,spotify:track:22slFj2pqpufMr5ksC4Jjo
0fE5GanQhkiD0Eqe1VNONr,"Mind/ /Pulse","meganeko,Shirobon",https://open.spotify.com/track/0fE5GanQhkiD0Eqe1VNONr,spotify:track:0fE5GanQhkiD0Eqe1VNONr
4FWIf4kYQpqLKj1uE1xcin,"Just Shovels & Knights - La Danse Macabre - Shirobon Remix",Shirobon,https://open.spotify.com/track/4FWIf4kYQpqLKj1uE1xcin,spotify:track:4FWIf4kYQpqLKj1uE1xcin
0lvqc08lUPwrm0K2cf1w7Z,"Return Of The Ninja Droids","Desert planet",https://open.spotify.com/track/0lvqc08lUPwrm0K2cf1w7Z,spotify:track:0lvqc08lUPwrm0K2cf1w7Z
3znMwBX5DtpFgPTLssPsoD,Fumbler,"Desert planet",https://open.spotify.com/track/3znMwBX5DtpFgPTLssPsoD,spotify:track:3znMwBX5DtpFgPTLssPsoD
0NdoJFTwseryAJx5vQ93Kk,"Level up Vox (Demo) [NES C64 Mix]","8 Bit Weapon",https://open.spotify.com/track/0NdoJFTwseryAJx5vQ93Kk,spotify:track:0NdoJFTwseryAJx5vQ93Kk
3RDq3O5pEsYjtwEOpjBuZI,Cascade,Kubbi,https://open.spotify.com/track/3RDq3O5pEsYjtwEOpjBuZI,spotify:track:3RDq3O5pEsYjtwEOpjBuZI
5L85RFbWkbVnDXqNVhz7XW,Courtesy,Chipzel,https://open.spotify.com/track/5L85RFbWkbVnDXqNVhz7XW,spotify:track:5L85RFbWkbVnDXqNVhz7XW
1v5OZRTM4ioThDYrW04Q9W,Otis,Chipzel,https://open.spotify.com/track/1v5OZRTM4ioThDYrW04Q9W,spotify:track:1v5OZRTM4ioThDYrW04Q9W
2kjmOwj0RbfmLqmdbGUzF7,Focus,Chipzel,https://open.spotify.com/track/2kjmOwj0RbfmLqmdbGUzF7,spotify:track:2kjmOwj0RbfmLqmdbGUzF7
3GOUxzCCaBbQ0hkMcWarAe,Authority,Chipzel,https://open.spotify.com/track/3GOUxzCCaBbQ0hkMcWarAe,spotify:track:3GOUxzCCaBbQ0hkMcWarAe
6w4C7otpIvrEOEoNcWeT4K,Valor,Chipzel,https://open.spotify.com/track/6w4C7otpIvrEOEoNcWeT4K,spotify:track:6w4C7otpIvrEOEoNcWeT4K
3mwipbbqm9Rz3psKkLiDcD,Spirit,Chipzel,https://open.spotify.com/track/3mwipbbqm9Rz3psKkLiDcD,spotify:track:3mwipbbqm9Rz3psKkLiDcD
3R7pkoflcyWvR5Wl5GJZMr,"Only Human (7inch Edit)",Chipzel,https://open.spotify.com/track/3R7pkoflcyWvR5Wl5GJZMr,spotify:track:3R7pkoflcyWvR5Wl5GJZMr
6Imrf55W2ywisEBKNnPDMo,"Only Human (Trey Frey Remix)","Chipzel,Trey Frey",https://open.spotify.com/track/6Imrf55W2ywisEBKNnPDMo,spotify:track:6Imrf55W2ywisEBKNnPDMo
5cY0YfIqZD4wWlOB5GfF6P,"Disco Descent - Chipzel's 1-1 Remix",Chipzel,https://open.spotify.com/track/5cY0YfIqZD4wWlOB5GfF6P,spotify:track:5cY0YfIqZD4wWlOB5GfF6P
5OOoQSwaQde8VW1WD4YYHv,"Crypteque - Chipzel's 1-2 Remix",Chipzel,https://open.spotify.com/track/5OOoQSwaQde8VW1WD4YYHv,spotify:track:5OOoQSwaQde8VW1WD4YYHv
0d9gYJcOrGDVNln2SCtkYd,"Mausoleum Mash - Chipzel's 1-3 Remix",Chipzel,https://open.spotify.com/track/0d9gYJcOrGDVNln2SCtkYd,spotify:track:0d9gYJcOrGDVNln2SCtkYd
5Sy5w2IDZ273N5WLlHjD0V,"Grave Throbbing - Chipzel's 2-2 Remix",Chipzel,https://open.spotify.com/track/5Sy5w2IDZ273N5WLlHjD0V,spotify:track:5Sy5w2IDZ273N5WLlHjD0V
6rvHWUBtuCJTgw1JWNVTmy,"Portabellohead - Chipzel's 2-3 Remix",Chipzel,https://open.spotify.com/track/6rvHWUBtuCJTgw1JWNVTmy,spotify:track:6rvHWUBtuCJTgw1JWNVTmy
1brFdMO5s6fXuAlk5fKaPZ,"Stone Cold - Chipzel's 3-1 Cold Remix",Chipzel,https://open.spotify.com/track/1brFdMO5s6fXuAlk5fKaPZ,spotify:track:1brFdMO5s6fXuAlk5fKaPZ
3NkKosQrV771MBfAhx3QgT,"Igneous Rock - Chipzel's 3-1 Hot Remix",Chipzel,https://open.spotify.com/track/3NkKosQrV771MBfAhx3QgT,spotify:track:3NkKosQrV771MBfAhx3QgT
1rrXsUMwfJN70FAQyZMZhy,"Dance of the Decorous - Chipzel's 3-2 Cold Remix",Chipzel,https://open.spotify.com/track/1rrXsUMwfJN70FAQyZMZhy,spotify:track:1rrXsUMwfJN70FAQyZMZhy
4FW1JcCQY4Tkt6XjdxYxFR,"March of the Profane - Chipzel's 3-2 Hot Remix",Chipzel,https://open.spotify.com/track/4FW1JcCQY4Tkt6XjdxYxFR,spotify:track:4FW1JcCQY4Tkt6XjdxYxFR
2g9HQKLbbdPkurofYuNvdj,"A Cold Sweat - Chipzel's 3-3 Cold Remix",Chipzel,https://open.spotify.com/track/2g9HQKLbbdPkurofYuNvdj,spotify:track:2g9HQKLbbdPkurofYuNvdj
2gVLlUFoojiML4IpjcKdFX,"A Hot Mess - Chipzel's 3-3 Hot Remix",Chipzel,https://open.spotify.com/track/2gVLlUFoojiML4IpjcKdFX,spotify:track:2gVLlUFoojiML4IpjcKdFX
4jbTvT73LMun224jCz5XDH,"Styx and Stones - Chipzel's 4-1 Remix",Chipzel,https://open.spotify.com/track/4jbTvT73LMun224jCz5XDH,spotify:track:4jbTvT73LMun224jCz5XDH
5mDWRX9PvMHGtQrAKaVDy7,"Heart of the Crypt - Chipzel's 4-2 Remix",Chipzel,https://open.spotify.com/track/5mDWRX9PvMHGtQrAKaVDy7,spotify:track:5mDWRX9PvMHGtQrAKaVDy7
6UyoJM7CVi7f1BoPKQDwD5,"The Wight to Remain - Chipzel's 4-3 Remix",Chipzel,https://open.spotify.com/track/6UyoJM7CVi7f1BoPKQDwD5,spotify:track:6UyoJM7CVi7f1BoPKQDwD5
0FW3FtvD7PC32WlkP8QgpF,"Voltzwaltz - Chipzel's 5-1 Remix",Chipzel,https://open.spotify.com/track/0FW3FtvD7PC32WlkP8QgpF,spotify:track:0FW3FtvD7PC32WlkP8QgpF
6JWM4PfE3oBsHz4urQtv79,"Power Cords - Chipzel's 5-2 Remix",Chipzel,https://open.spotify.com/track/6JWM4PfE3oBsHz4urQtv79,spotify:track:6JWM4PfE3oBsHz4urQtv79
5nscyn9jRTfiX3Zr7q71NB,"Six Feet Thunder - Chipzel's 5-3 Remix",Chipzel,https://open.spotify.com/track/5nscyn9jRTfiX3Zr7q71NB,spotify:track:5nscyn9jRTfiX3Zr7q71NB
5o0eUWtdH5l3zjZICBfEMX,"Deep Sea Bass - Chipzel's Coral Riff Remix",Chipzel,https://open.spotify.com/track/5o0eUWtdH5l3zjZICBfEMX,spotify:track:5o0eUWtdH5l3zjZICBfEMX
3EDOVKbYzZxEUbqrc7SRiy,"Knight to C Sharp - Chipzel's Deep Blues Remix",Chipzel,https://open.spotify.com/track/3EDOVKbYzZxEUbqrc7SRiy,spotify:track:3EDOVKbYzZxEUbqrc7SRiy
3jt5h4CvgaHEedXCEayj2J,"Konga Conga Kappa - Chipzel's King Conga Remix",Chipzel,https://open.spotify.com/track/3jt5h4CvgaHEedXCEayj2J,spotify:track:3jt5h4CvgaHEedXCEayj2J
3khKTQ5iq76c8L94d2GUup,"Metalmancy - Chipzel's Death Metal Remix",Chipzel,https://open.spotify.com/track/3khKTQ5iq76c8L94d2GUup,spotify:track:3khKTQ5iq76c8L94d2GUup
0M4bvKXkFImEEXlpvbwaCY,"Notorious D.I.G. - Chipzel's Fortissimole Remix",Chipzel,https://open.spotify.com/track/0M4bvKXkFImEEXlpvbwaCY,spotify:track:0M4bvKXkFImEEXlpvbwaCY
5Q8WPdUDczqVE4I3crp4Em,"Rhythmortis - Chipzel's Lobby Remix",Chipzel,https://open.spotify.com/track/5Q8WPdUDczqVE4I3crp4Em,spotify:track:5Q8WPdUDczqVE4I3crp4Em
4F1hUEqTwO27ODThVv0yc9,"Interstellaria: Title",Chipzel,https://open.spotify.com/track/4F1hUEqTwO27ODThVv0yc9,spotify:track:4F1hUEqTwO27ODThVv0yc9
0cMIMVYp6UYGCSeCU4Y1Tc,Prelude,Chipzel,https://open.spotify.com/track/0cMIMVYp6UYGCSeCU4Y1Tc,spotify:track:0cMIMVYp6UYGCSeCU4Y1Tc
66hgcybXc9JajIhcgcsewu,"Home Sweet Home: Tutorial",Chipzel,https://open.spotify.com/track/66hgcybXc9JajIhcgcsewu,spotify:track:66hgcybXc9JajIhcgcsewu
3oBkQP1YghZB9FQINGzGRk,Serenity,Chipzel,https://open.spotify.com/track/3oBkQP1YghZB9FQINGzGRk,spotify:track:3oBkQP1YghZB9FQINGzGRk
73V6RdIDXC0LG8OtHgfJcy,"Mankind Will Prevail: Human Territory",Chipzel,https://open.spotify.com/track/73V6RdIDXC0LG8OtHgfJcy,spotify:track:73V6RdIDXC0LG8OtHgfJcy
3XEALMVkMP5fd91HywftxA,"Human Diplomacy",Chipzel,https://open.spotify.com/track/3XEALMVkMP5fd91HywftxA,spotify:track:3XEALMVkMP5fd91HywftxA
5JNwrwvyxEMqqB4M2azSnV,"Never Tell Me the Odds, Pt. 1",Chipzel,https://open.spotify.com/track/5JNwrwvyxEMqqB4M2azSnV,spotify:track:5JNwrwvyxEMqqB4M2azSnV
3bcLvEbRO27K9dZgNWO3xn,Victory,Chipzel,https://open.spotify.com/track/3bcLvEbRO27K9dZgNWO3xn,spotify:track:3bcLvEbRO27K9dZgNWO3xn
6AIRQTsDmdv4Hg6EA4LA57,Recovery,Chipzel,https://open.spotify.com/track/6AIRQTsDmdv4Hg6EA4LA57,spotify:track:6AIRQTsDmdv4Hg6EA4LA57
08wvyfBab9NdeOWtaCgq8B,"I Wanna Take You to the Spacebar",Chipzel,https://open.spotify.com/track/08wvyfBab9NdeOWtaCgq8B,spotify:track:08wvyfBab9NdeOWtaCgq8B
71wzj87Q5YrPekfu9ifimT,Sakari,Chipzel,https://open.spotify.com/track/71wzj87Q5YrPekfu9ifimT,spotify:track:71wzj87Q5YrPekfu9ifimT
2kJGwM3Dd1UQIl4jytLyWd,Xiwang,Chipzel,https://open.spotify.com/track/2kJGwM3Dd1UQIl4jytLyWd,spotify:track:2kJGwM3Dd1UQIl4jytLyWd
1bhQUcDFuf9CmgHIA36naK,"Never Tell Me the Odds, Pt. 2",Chipzel,https://open.spotify.com/track/1bhQUcDFuf9CmgHIA36naK,spotify:track:1bhQUcDFuf9CmgHIA36naK
2nCKUl21nRV23D8safR1El,"The Kursha Will Rise Again: Kursha Territory",Chipzel,https://open.spotify.com/track/2nCKUl21nRV23D8safR1El,spotify:track:2nCKUl21nRV23D8safR1El
6t7WjWjjxcJL6OHZEOX6Qu,"Kursha Diplomacy",Chipzel,https://open.spotify.com/track/6t7WjWjjxcJL6OHZEOX6Qu,spotify:track:6t7WjWjjxcJL6OHZEOX6Qu
5XdSC2KSHEqltLJPmWBGeA,Cylus,Chipzel,https://open.spotify.com/track/5XdSC2KSHEqltLJPmWBGeA,spotify:track:5XdSC2KSHEqltLJPmWBGeA
3qQYU64EfO5xYSL3LFkNDm,"Revive, Rebuild, Repent: Suna Territory",Chipzel,https://open.spotify.com/track/3qQYU64EfO5xYSL3LFkNDm,spotify:track:3qQYU64EfO5xYSL3LFkNDm
2XkpUl3ScKapNtHFgaKflV,"Suna Diplomacy",Chipzel,https://open.spotify.com/track/2XkpUl3ScKapNtHFgaKflV,spotify:track:2XkpUl3ScKapNtHFgaKflV
6nICw1pl4VstHSxptqB30i,Ghifi,Chipzel,https://open.spotify.com/track/6nICw1pl4VstHSxptqB30i,spotify:track:6nICw1pl4VstHSxptqB30i
1232kOSduD7BUScnAI7NH3,"Life Finds a Way: Anoa Territory",Chipzel,https://open.spotify.com/track/1232kOSduD7BUScnAI7NH3,spotify:track:1232kOSduD7BUScnAI7NH3
36YLFGnfsYKhvIHWixpEzU,"Anoa Diplomacy",Chipzel,https://open.spotify.com/track/36YLFGnfsYKhvIHWixpEzU,spotify:track:36YLFGnfsYKhvIHWixpEzU
7q31bYeySZwhTS3hlIEWEZ,Oloke,Chipzel,https://open.spotify.com/track/7q31bYeySZwhTS3hlIEWEZ,spotify:track:7q31bYeySZwhTS3hlIEWEZ
4WTEZli8Rzrq0cgsOoWIr6,"Gods Give Us Strength: Kaidun Territory",Chipzel,https://open.spotify.com/track/4WTEZli8Rzrq0cgsOoWIr6,spotify:track:4WTEZli8Rzrq0cgsOoWIr6
6vOJN34r1PZllOhgotutcr,"Kaidun Diplomacy",Chipzel,https://open.spotify.com/track/6vOJN34r1PZllOhgotutcr,spotify:track:6vOJN34r1PZllOhgotutcr
34y5eAnVY3ir9EtuQFqxJE,Aibit,Chipzel,https://open.spotify.com/track/34y5eAnVY3ir9EtuQFqxJE,spotify:track:34y5eAnVY3ir9EtuQFqxJE
49VWCSB16EX24Yus86vgGS,Gadaad,Chipzel,https://open.spotify.com/track/49VWCSB16EX24Yus86vgGS,spotify:track:49VWCSB16EX24Yus86vgGS
3TktLTVEIXeqRVHkgHzsub,"Friendly Diplomacy",Chipzel,https://open.spotify.com/track/3TktLTVEIXeqRVHkgHzsub,spotify:track:3TktLTVEIXeqRVHkgHzsub
0y1A2SUQuOKwBIbJ6wfP8J,"Friendly Encounter",Chipzel,https://open.spotify.com/track/0y1A2SUQuOKwBIbJ6wfP8J,spotify:track:0y1A2SUQuOKwBIbJ6wfP8J
2EGWE6daFZudC8R5BkSHc1,"New Terra",Chipzel,https://open.spotify.com/track/2EGWE6daFZudC8R5BkSHc1,spotify:track:2EGWE6daFZudC8R5BkSHc1
0jPEtzGjUfBVN35A2nzwLE,"Station Horizon",Chipzel,https://open.spotify.com/track/0jPEtzGjUfBVN35A2nzwLE,spotify:track:0jPEtzGjUfBVN35A2nzwLE
2wF2WEuPAOMb1I0LufkL6p,Annihilation,Chipzel,https://open.spotify.com/track/2wF2WEuPAOMb1I0LufkL6p,spotify:track:2wF2WEuPAOMb1I0LufkL6p
0wwyT9djezal35qPTuaixn,"No One Will Know Your Story: Game Over",Chipzel,https://open.spotify.com/track/0wwyT9djezal35qPTuaixn,spotify:track:0wwyT9djezal35qPTuaixn
3cPWOe5qMKVslJncLG3rSH,"Black Holes, Black Flags: Pirate Territory",Chipzel,https://open.spotify.com/track/3cPWOe5qMKVslJncLG3rSH,spotify:track:3cPWOe5qMKVslJncLG3rSH
3rUM73PgR2wbqTmVL8rWvX,"Pirate Diplomacy",Chipzel,https://open.spotify.com/track/3rUM73PgR2wbqTmVL8rWvX,spotify:track:3rUM73PgR2wbqTmVL8rWvX
2XHMFACgPJn8pYHcNmudtq,Brand,Chipzel,https://open.spotify.com/track/2XHMFACgPJn8pYHcNmudtq,spotify:track:2XHMFACgPJn8pYHcNmudtq
3FrvNscXeNRLgE0pA3XQsa,Ulu,Chipzel,https://open.spotify.com/track/3FrvNscXeNRLgE0pA3XQsa,spotify:track:3FrvNscXeNRLgE0pA3XQsa
2tfukfDZ1ItCP9FHRQxas8,Ott,Chipzel,https://open.spotify.com/track/2tfukfDZ1ItCP9FHRQxas8,spotify:track:2tfukfDZ1ItCP9FHRQxas8
5XTFltPxlStRyqeiRrINmB,"Live By the Sword",Chipzel,https://open.spotify.com/track/5XTFltPxlStRyqeiRrINmB,spotify:track:5XTFltPxlStRyqeiRrINmB
2JOOzbxKyY4nG6sXterVpf,"Why Won't You Die?",Chipzel,https://open.spotify.com/track/2JOOzbxKyY4nG6sXterVpf,spotify:track:2JOOzbxKyY4nG6sXterVpf
1bVcSbaoIWNXcb0zPSzNuu,"Let's End This",Chipzel,https://open.spotify.com/track/1bVcSbaoIWNXcb0zPSzNuu,spotify:track:1bVcSbaoIWNXcb0zPSzNuu
0K4AXEuY4jCPGz0fk6W3TR,"The Alliance",Chipzel,https://open.spotify.com/track/0K4AXEuY4jCPGz0fk6W3TR,spotify:track:0K4AXEuY4jCPGz0fk6W3TR
0IlA4Bxe9W3zvMC49gjuPO,"End Campaign",Chipzel,https://open.spotify.com/track/0IlA4Bxe9W3zvMC49gjuPO,spotify:track:0IlA4Bxe9W3zvMC49gjuPO
1QYlx3kjC5ieHehBcBPWcW,Credits,Chipzel,https://open.spotify.com/track/1QYlx3kjC5ieHehBcBPWcW,spotify:track:1QYlx3kjC5ieHehBcBPWcW
1Ti3Eo3iBfMjVPSKWtQRWJ,"We Will Find Peace",Chipzel,https://open.spotify.com/track/1Ti3Eo3iBfMjVPSKWtQRWJ,spotify:track:1Ti3Eo3iBfMjVPSKWtQRWJ
3kGfoC5yzruqYprfiaWgTB,"Cosmic Rays",Chipzel,https://open.spotify.com/track/3kGfoC5yzruqYprfiaWgTB,spotify:track:3kGfoC5yzruqYprfiaWgTB
5t7MVzH20MpV6tneX7DQPk,Eclipse,Chipzel,https://open.spotify.com/track/5t7MVzH20MpV6tneX7DQPk,spotify:track:5t7MVzH20MpV6tneX7DQPk
6n2in24fTsZSCLkbDMzNv2,"Lost in Space",Chipzel,https://open.spotify.com/track/6n2in24fTsZSCLkbDMzNv2,spotify:track:6n2in24fTsZSCLkbDMzNv2
6FclKHMb3azxk7CX2m1U6n,Somnolence,Chipzel,https://open.spotify.com/track/6FclKHMb3azxk7CX2m1U6n,spotify:track:6FclKHMb3azxk7CX2m1U6n
29uIUd2c1jDSyUOWPDL9H5,Spectra,Chipzel,https://open.spotify.com/track/29uIUd2c1jDSyUOWPDL9H5,spotify:track:29uIUd2c1jDSyUOWPDL9H5
3Z87BclnAFL8WXFfIKWelh,"Tokyo Skies",Chipzel,https://open.spotify.com/track/3Z87BclnAFL8WXFfIKWelh,spotify:track:3Z87BclnAFL8WXFfIKWelh
3IxeXHwv48YdxfEZgI5CVJ,"Forged in Stars",Chipzel,https://open.spotify.com/track/3IxeXHwv48YdxfEZgI5CVJ,spotify:track:3IxeXHwv48YdxfEZgI5CVJ
0OkbLydL23Wh7fhh3sc6wo,"Formed in the Clouds",Chipzel,https://open.spotify.com/track/0OkbLydL23Wh7fhh3sc6wo,spotify:track:0OkbLydL23Wh7fhh3sc6wo
265qbYWbIqpM6BLRGGeaG8,"Only Human",Chipzel,https://open.spotify.com/track/265qbYWbIqpM6BLRGGeaG8,spotify:track:265qbYWbIqpM6BLRGGeaG8
1soQV67vGsAHDoGAN2FSIt,"Aurora Borealis",Chipzel,https://open.spotify.com/track/1soQV67vGsAHDoGAN2FSIt,spotify:track:1soQV67vGsAHDoGAN2FSIt
3JFdGus4dZPhcpPMTwAO9A,Evolution,Chipzel,https://open.spotify.com/track/3JFdGus4dZPhcpPMTwAO9A,spotify:track:3JFdGus4dZPhcpPMTwAO9A
2qO4DBrtueSAhl7YKtLyQf,"Beyond the Cosmos",Chipzel,https://open.spotify.com/track/2qO4DBrtueSAhl7YKtLyQf,spotify:track:2qO4DBrtueSAhl7YKtLyQf
4ax1SHAXrgRWSLvOe2uA6w,Veteran,Chipzel,https://open.spotify.com/track/4ax1SHAXrgRWSLvOe2uA6w,spotify:track:4ax1SHAXrgRWSLvOe2uA6w
2Y0UwjVPWkCUU8bKqQlMWr,Sonnet,Chipzel,https://open.spotify.com/track/2Y0UwjVPWkCUU8bKqQlMWr,spotify:track:2Y0UwjVPWkCUU8bKqQlMWr
14Kac54bTQNCwwfPMZahjk,Sunday,Chipzel,https://open.spotify.com/track/14Kac54bTQNCwwfPMZahjk,spotify:track:14Kac54bTQNCwwfPMZahjk
5FEEojMjRlR6kBcn0IhCxf,"The Art of War",Chipzel,https://open.spotify.com/track/5FEEojMjRlR6kBcn0IhCxf,spotify:track:5FEEojMjRlR6kBcn0IhCxf
4iIZRqPX94iiDRWvZmfN5O,"Final Credits",Chipzel,https://open.spotify.com/track/4iIZRqPX94iiDRWvZmfN5O,spotify:track:4iIZRqPX94iiDRWvZmfN5O
5Ij1fVKf5UkygqwqtPIKLZ,"To the Sky",Chipzel,https://open.spotify.com/track/5Ij1fVKf5UkygqwqtPIKLZ,spotify:track:5Ij1fVKf5UkygqwqtPIKLZ
6WSYlhTZsV6Duee3KicHEm,"Hello Earth!",Chipzel,https://open.spotify.com/track/6WSYlhTZsV6Duee3KicHEm,spotify:track:6WSYlhTZsV6Duee3KicHEm
5G9ZmGTR0YIsfJ3niDafEC,"Engage Apocalypse",Chipzel,https://open.spotify.com/track/5G9ZmGTR0YIsfJ3niDafEC,spotify:track:5G9ZmGTR0YIsfJ3niDafEC
33LC7WPOOLjhn4kn0QpsQc,Venice,Chipzel,https://open.spotify.com/track/33LC7WPOOLjhn4kn0QpsQc,spotify:track:33LC7WPOOLjhn4kn0QpsQc
0dVZvEg026BCaGGvyzARZW,"Come Home",Chipzel,https://open.spotify.com/track/0dVZvEg026BCaGGvyzARZW,spotify:track:0dVZvEg026BCaGGvyzARZW
2cH5U1Diooe8i1zT5uyKK4,Focus,Chipzel,https://open.spotify.com/track/2cH5U1Diooe8i1zT5uyKK4,spotify:track:2cH5U1Diooe8i1zT5uyKK4
4RSlXGeBibOLIhyy9nrXkB,Ordinary,Chipzel,https://open.spotify.com/track/4RSlXGeBibOLIhyy9nrXkB,spotify:track:4RSlXGeBibOLIhyy9nrXkB
3aD7XqNniMl2cGKFcthNa2,4²,Chipzel,https://open.spotify.com/track/3aD7XqNniMl2cGKFcthNa2,spotify:track:3aD7XqNniMl2cGKFcthNa2
4UCTIBUtb9fHFlJw4BX8bQ,"Super Boy of Little Powers",Chipzel,https://open.spotify.com/track/4UCTIBUtb9fHFlJw4BX8bQ,spotify:track:4UCTIBUtb9fHFlJw4BX8bQ
657vS168uxsOSpSXcs99dU,"Catch Twenty Two",Chipzel,https://open.spotify.com/track/657vS168uxsOSpSXcs99dU,spotify:track:657vS168uxsOSpSXcs99dU
3TKdZyM7yJpu5Vul0aX2GS,"Child's Play",Chipzel,https://open.spotify.com/track/3TKdZyM7yJpu5Vul0aX2GS,spotify:track:3TKdZyM7yJpu5Vul0aX2GS
69Y7gTpMG2rrEFebcB0MQd,"Phonetic Symphony",Chipzel,https://open.spotify.com/track/69Y7gTpMG2rrEFebcB0MQd,spotify:track:69Y7gTpMG2rrEFebcB0MQd
4XVYCed4QptWVOpIbduw5c,"With Love (Outro)",Chipzel,https://open.spotify.com/track/4XVYCed4QptWVOpIbduw5c,spotify:track:4XVYCed4QptWVOpIbduw5c
3oq696R94GjZ375NH37bE3,"Something Beautiful",Chipzel,https://open.spotify.com/track/3oq696R94GjZ375NH37bE3,spotify:track:3oq696R94GjZ375NH37bE3
30uhscfBTT9qtI2cg0rCY2,Breathless,Chipzel,https://open.spotify.com/track/30uhscfBTT9qtI2cg0rCY2,spotify:track:30uhscfBTT9qtI2cg0rCY2
3G2WSDR1CGvtdrmzjem7SN,"Can't Stop Us",Chipzel,https://open.spotify.com/track/3G2WSDR1CGvtdrmzjem7SN,spotify:track:3G2WSDR1CGvtdrmzjem7SN
2jquO5XNMlAs1jHcmMOInk,Waiting,Chipzel,https://open.spotify.com/track/2jquO5XNMlAs1jHcmMOInk,spotify:track:2jquO5XNMlAs1jHcmMOInk
4nfXXlzJlrxBp1LdTQyTHJ,"Something Beautiful Part II",Chipzel,https://open.spotify.com/track/4nfXXlzJlrxBp1LdTQyTHJ,spotify:track:4nfXXlzJlrxBp1LdTQyTHJ
5lwGh3mEb7tIBox9ZnUykX,Disconnected,Chipzel,https://open.spotify.com/track/5lwGh3mEb7tIBox9ZnUykX,spotify:track:5lwGh3mEb7tIBox9ZnUykX
3Dgfqmq3Q9wGF56b4ZOq8K,"When You Realise",Chipzel,https://open.spotify.com/track/3Dgfqmq3Q9wGF56b4ZOq8K,spotify:track:3Dgfqmq3Q9wGF56b4ZOq8K
1Ad1IMVa89gHhp2MTaqvCy,"Her Heart",Chipzel,https://open.spotify.com/track/1Ad1IMVa89gHhp2MTaqvCy,spotify:track:1Ad1IMVa89gHhp2MTaqvCy
08ZlgdNtv9CJlFINV6lZnn,"If You Weren't So Difficult",Chipzel,https://open.spotify.com/track/08ZlgdNtv9CJlFINV6lZnn,spotify:track:08ZlgdNtv9CJlFINV6lZnn
7exxDpX0K4E923Ovt0Q0dI,"We Knew",Chipzel,https://open.spotify.com/track/7exxDpX0K4E923Ovt0Q0dI,spotify:track:7exxDpX0K4E923Ovt0Q0dI
2vMOPP4HyI7BS6mieeiW2X,aXXo,Binärpilot,https://open.spotify.com/track/2vMOPP4HyI7BS6mieeiW2X,spotify:track:2vMOPP4HyI7BS6mieeiW2X
6ZWsSEmaY8X9IYHYn649j7,"Tjære For Alltid",Binärpilot,https://open.spotify.com/track/6ZWsSEmaY8X9IYHYn649j7,spotify:track:6ZWsSEmaY8X9IYHYn649j7
75VFiN5ndbM4vbvUkc81yp,"Forte Da Funk",Binärpilot,https://open.spotify.com/track/75VFiN5ndbM4vbvUkc81yp,spotify:track:75VFiN5ndbM4vbvUkc81yp
3UniA2yw5OfTzTFEprOGn0,Geeks,Binärpilot,https://open.spotify.com/track/3UniA2yw5OfTzTFEprOGn0,spotify:track:3UniA2yw5OfTzTFEprOGn0
1lbiwcTZvRN3eVbBwvtx2P,Underground,Binärpilot,https://open.spotify.com/track/1lbiwcTZvRN3eVbBwvtx2P,spotify:track:1lbiwcTZvRN3eVbBwvtx2P
4PRXpBaLuNnlHjdwGZjYpP,"Penguin (Rachael's Theme)",Binärpilot,https://open.spotify.com/track/4PRXpBaLuNnlHjdwGZjYpP,spotify:track:4PRXpBaLuNnlHjdwGZjYpP
2g5RaPlWeXLeKfrnqINGya,Draugen,Binärpilot,https://open.spotify.com/track/2g5RaPlWeXLeKfrnqINGya,spotify:track:2g5RaPlWeXLeKfrnqINGya
3Mwwes0EsDsueDG86XnOVh,Elektroll,Binärpilot,https://open.spotify.com/track/3Mwwes0EsDsueDG86XnOVh,spotify:track:3Mwwes0EsDsueDG86XnOVh
19wAiiFBYNb9avlVMJMeLw,Røykmaskin,Binärpilot,https://open.spotify.com/track/19wAiiFBYNb9avlVMJMeLw,spotify:track:19wAiiFBYNb9avlVMJMeLw
2G0MVpHuzNJg37je1STUW0,Nordland,Binärpilot,https://open.spotify.com/track/2G0MVpHuzNJg37je1STUW0,spotify:track:2G0MVpHuzNJg37je1STUW0
5ufaMwiiKvi6MUNfkfUehs,Mogadishu,Binärpilot,https://open.spotify.com/track/5ufaMwiiKvi6MUNfkfUehs,spotify:track:5ufaMwiiKvi6MUNfkfUehs
3XYzoQ3yGtsNpqZFXSGvTg,Ph34r,Binärpilot,https://open.spotify.com/track/3XYzoQ3yGtsNpqZFXSGvTg,spotify:track:3XYzoQ3yGtsNpqZFXSGvTg
6PUJUyGES5NH5EvNKTtZmO,Russia,Binärpilot,https://open.spotify.com/track/6PUJUyGES5NH5EvNKTtZmO,spotify:track:6PUJUyGES5NH5EvNKTtZmO
46WnU1mpyY1sfOnZyBKkY8,Paranoia,Binärpilot,https://open.spotify.com/track/46WnU1mpyY1sfOnZyBKkY8,spotify:track:46WnU1mpyY1sfOnZyBKkY8
26WyB1R3UKpSwOExl91AOq,Itappmonrobot,Binärpilot,https://open.spotify.com/track/26WyB1R3UKpSwOExl91AOq,spotify:track:26WyB1R3UKpSwOExl91AOq
03GgePGBg0o9DMVRLmP5ZF,Pageantry,Binärpilot,https://open.spotify.com/track/03GgePGBg0o9DMVRLmP5ZF,spotify:track:03GgePGBg0o9DMVRLmP5ZF
4lfshlJdcmrcHkouo2i3tZ,"Rule 34",Binärpilot,https://open.spotify.com/track/4lfshlJdcmrcHkouo2i3tZ,spotify:track:4lfshlJdcmrcHkouo2i3tZ
07jl4HOXizaLxk9FTkcQSS,"Song for Alan Turing",Binärpilot,https://open.spotify.com/track/07jl4HOXizaLxk9FTkcQSS,spotify:track:07jl4HOXizaLxk9FTkcQSS
4hDgWXyO6xZ1T9J3PfSzfn,Goof,Binärpilot,https://open.spotify.com/track/4hDgWXyO6xZ1T9J3PfSzfn,spotify:track:4hDgWXyO6xZ1T9J3PfSzfn
67pQw5nAsyGxKaGLCNNkHs,Sandjorda,Binärpilot,https://open.spotify.com/track/67pQw5nAsyGxKaGLCNNkHs,spotify:track:67pQw5nAsyGxKaGLCNNkHs
4kYjFBbm3ancpBi7Er8dF1,Widibf,Binärpilot,https://open.spotify.com/track/4kYjFBbm3ancpBi7Er8dF1,spotify:track:4kYjFBbm3ancpBi7Er8dF1
2iRVveFdagLk1vCgSJtoxc,Fuayfsilfm,Binärpilot,https://open.spotify.com/track/2iRVveFdagLk1vCgSJtoxc,spotify:track:2iRVveFdagLk1vCgSJtoxc
6TuNTKdH654TOy27f0jiJQ,Bend,Binärpilot,https://open.spotify.com/track/6TuNTKdH654TOy27f0jiJQ,spotify:track:6TuNTKdH654TOy27f0jiJQ
3rXT2UWa5RugjCMhGrSXK7,"Destroy The Popollution",Binärpilot,https://open.spotify.com/track/3rXT2UWa5RugjCMhGrSXK7,spotify:track:3rXT2UWa5RugjCMhGrSXK7
6D8PTNTUbxP9i0KO6JVUqN,"Markell Fiksen",Binärpilot,https://open.spotify.com/track/6D8PTNTUbxP9i0KO6JVUqN,spotify:track:6D8PTNTUbxP9i0KO6JVUqN
1uMPtA5lUMJbSQeqmMrXnz,"Robot Wars",Binärpilot,https://open.spotify.com/track/1uMPtA5lUMJbSQeqmMrXnz,spotify:track:1uMPtA5lUMJbSQeqmMrXnz
1wLVO09dokYrOW8lmFRaAJ,"Tokyomatrix 3000",Binärpilot,https://open.spotify.com/track/1wLVO09dokYrOW8lmFRaAJ,spotify:track:1wLVO09dokYrOW8lmFRaAJ
0mhe3rfTG1Q8vq73xmlZpI,"Smile (Make Your Body Move)",Binärpilot,https://open.spotify.com/track/0mhe3rfTG1Q8vq73xmlZpI,spotify:track:0mhe3rfTG1Q8vq73xmlZpI
0D7F6r6rzWhEO7l8R4xhuJ,"KDR Assault",Binärpilot,https://open.spotify.com/track/0D7F6r6rzWhEO7l8R4xhuJ,spotify:track:0D7F6r6rzWhEO7l8R4xhuJ
3MnF8pDb8rjNiuMwfHbiCT,"Project Wildfire",Binärpilot,https://open.spotify.com/track/3MnF8pDb8rjNiuMwfHbiCT,spotify:track:3MnF8pDb8rjNiuMwfHbiCT
5crBqr2PKHbT1nnlU3cYn2,"On The Run",Binärpilot,https://open.spotify.com/track/5crBqr2PKHbT1nnlU3cYn2,spotify:track:5crBqr2PKHbT1nnlU3cYn2
3vCjj9O2eGSrHeviUyKLiN,"A New Galaxy",Binärpilot,https://open.spotify.com/track/3vCjj9O2eGSrHeviUyKLiN,spotify:track:3vCjj9O2eGSrHeviUyKLiN
2BGZJiMHq5fXgHWdLTL5Hs,"Get Better John","Mux Mool",https://open.spotify.com/track/2BGZJiMHq5fXgHWdLTL5Hs,spotify:track:2BGZJiMHq5fXgHWdLTL5Hs
7BpE7OymYxSd13ka8muCz8,tapage,xyce,https://open.spotify.com/track/7BpE7OymYxSd13ka8muCz8,spotify:track:7BpE7OymYxSd13ka8muCz8
7q6R0wDQByiPD00l6PriYA,"They Gave Me My Life Back",Algar,https://open.spotify.com/track/7q6R0wDQByiPD00l6PriYA,spotify:track:7q6R0wDQByiPD00l6PriYA
6FLur2L3bj8agYcW4ssCjr,"Big Brother Orange",Algar,https://open.spotify.com/track/6FLur2L3bj8agYcW4ssCjr,spotify:track:6FLur2L3bj8agYcW4ssCjr
7dSm912ZSCK4KUj1H0Oh1P,"Teddy Issues",ko0x,https://open.spotify.com/track/7dSm912ZSCK4KUj1H0Oh1P,spotify:track:7dSm912ZSCK4KUj1H0Oh1P
4EAMHS1vmO8eAM5xJVOWnz,"Artifact: Hold On",Tuxic,https://open.spotify.com/track/4EAMHS1vmO8eAM5xJVOWnz,spotify:track:4EAMHS1vmO8eAM5xJVOWnz
2ezNZExtmgLrwzvn7jd5c6,"Root Directory",MrGamer,https://open.spotify.com/track/2ezNZExtmgLrwzvn7jd5c6,spotify:track:2ezNZExtmgLrwzvn7jd5c6
1ahGo3ZY7iiHCiow2oT2xz,Runway,"Demoscene Time Machine",https://open.spotify.com/track/1ahGo3ZY7iiHCiow2oT2xz,spotify:track:1ahGo3ZY7iiHCiow2oT2xz
4MrQ0gKcJXuz6dEzYck4SN,"Tryptomine Dream",Megus,https://open.spotify.com/track/4MrQ0gKcJXuz6dEzYck4SN,spotify:track:4MrQ0gKcJXuz6dEzYck4SN
27MAqoWBB52gGGtcn5DRTm,friday,xyce,https://open.spotify.com/track/27MAqoWBB52gGGtcn5DRTm,spotify:track:27MAqoWBB52gGGtcn5DRTm
3s21Apaxcqm3sAcZGmZYvC,"8 Bytes","Unicorn Kid",https://open.spotify.com/track/3s21Apaxcqm3sAcZGmZYvC,spotify:track:3s21Apaxcqm3sAcZGmZYvC
4LjfEuGGq7aaTCpV9sLBQu,"Zeta Force - Digitone version",zabutom,https://open.spotify.com/track/4LjfEuGGq7aaTCpV9sLBQu,spotify:track:4LjfEuGGq7aaTCpV9sLBQu
4fxptbT6rxMyES0U5LTvHE,Serotonin,Zalza,https://open.spotify.com/track/4fxptbT6rxMyES0U5LTvHE,spotify:track:4fxptbT6rxMyES0U5LTvHE
15IFJNOOkLkV3TGLG1I0QR,Dunderpatrullen,Algar,https://open.spotify.com/track/15IFJNOOkLkV3TGLG1I0QR,spotify:track:15IFJNOOkLkV3TGLG1I0QR
390Tz8GJRxjPlfnVB9LiuW,"Vemodet kallar",Algar,https://open.spotify.com/track/390Tz8GJRxjPlfnVB9LiuW,spotify:track:390Tz8GJRxjPlfnVB9LiuW
01LIbUmGEEsJXEv8nkW0fs,"Mahadeva is Back in Town",Algar,https://open.spotify.com/track/01LIbUmGEEsJXEv8nkW0fs,spotify:track:01LIbUmGEEsJXEv8nkW0fs
79WN4Fwx4mFVPuwKpfLnR2,"Impactful Music","8 Bit Weapon",https://open.spotify.com/track/79WN4Fwx4mFVPuwKpfLnR2,spotify:track:79WN4Fwx4mFVPuwKpfLnR2
7IFSKGFxV8V3ID5DGYW5vR,"Playing Tag",Algar,https://open.spotify.com/track/7IFSKGFxV8V3ID5DGYW5vR,spotify:track:7IFSKGFxV8V3ID5DGYW5vR
4bfM0MFs5GCL0pXvQtewgV,"Dark Times for Humanity",Algar,https://open.spotify.com/track/4bfM0MFs5GCL0pXvQtewgV,spotify:track:4bfM0MFs5GCL0pXvQtewgV
6drQrqgmCIKBHSXoYzpnX5,"Sl33p deprived",Algar,https://open.spotify.com/track/6drQrqgmCIKBHSXoYzpnX5,spotify:track:6drQrqgmCIKBHSXoYzpnX5
0qNYSRvJUXUekyT2p86T6b,"Lost in Jamaica",Algar,https://open.spotify.com/track/0qNYSRvJUXUekyT2p86T6b,spotify:track:0qNYSRvJUXUekyT2p86T6b
3OxG65chSw9xNBMKRBT1Ap,"No Matter What",Algar,https://open.spotify.com/track/3OxG65chSw9xNBMKRBT1Ap,spotify:track:3OxG65chSw9xNBMKRBT1Ap
4B8koXywYcduIEMaBRfXaq,"Infected Lizard",Algar,https://open.spotify.com/track/4B8koXywYcduIEMaBRfXaq,spotify:track:4B8koXywYcduIEMaBRfXaq
0ecBTlKtOq50302N2xR1jq,"Party i Trollskogen",Algar,https://open.spotify.com/track/0ecBTlKtOq50302N2xR1jq,spotify:track:0ecBTlKtOq50302N2xR1jq
4GsmTkDAyRwBELjJirutMa,"Metro (Clean Edit)",Algar,https://open.spotify.com/track/4GsmTkDAyRwBELjJirutMa,spotify:track:4GsmTkDAyRwBELjJirutMa
4eX3vfpnGeSxpZht2vMwH7,"Nowhere To Hide",Algar,https://open.spotify.com/track/4eX3vfpnGeSxpZht2vMwH7,spotify:track:4eX3vfpnGeSxpZht2vMwH7
08bZ04Ios3sJ8VA1Sd3wCX,"Moksha Incoming",Algar,https://open.spotify.com/track/08bZ04Ios3sJ8VA1Sd3wCX,spotify:track:08bZ04Ios3sJ8VA1Sd3wCX
6lHkvSLBqJBnCXuAY1LOHe,"Pizza Pizza!",Algar,https://open.spotify.com/track/6lHkvSLBqJBnCXuAY1LOHe,spotify:track:6lHkvSLBqJBnCXuAY1LOHe
1zjqLfZzVEGY2Y9qq1Nt8H,"Crushed Candy",Algar,https://open.spotify.com/track/1zjqLfZzVEGY2Y9qq1Nt8H,spotify:track:1zjqLfZzVEGY2Y9qq1Nt8H
3yOJrB1w7WpeSGhOuTSNAW,"Queen O' the Hill",Algar,https://open.spotify.com/track/3yOJrB1w7WpeSGhOuTSNAW,spotify:track:3yOJrB1w7WpeSGhOuTSNAW
5Q6xJBSUVzrDk3LYCmGB0D,Starstruck,Algar,https://open.spotify.com/track/5Q6xJBSUVzrDk3LYCmGB0D,spotify:track:5Q6xJBSUVzrDk3LYCmGB0D
5TP0n403cbU01jf3nGLBLT,"Cloud Theme",Algar,https://open.spotify.com/track/5TP0n403cbU01jf3nGLBLT,spotify:track:5TP0n403cbU01jf3nGLBLT
3Tm5APR8bMsWDKinlrH2Vk,"Kim Jong Il Will Forever Lay Still",Algar,https://open.spotify.com/track/3Tm5APR8bMsWDKinlrH2Vk,spotify:track:3Tm5APR8bMsWDKinlrH2Vk
2jyI4zAsPFhVwDtsDImNZC,"Happy Go Lucky",Algar,https://open.spotify.com/track/2jyI4zAsPFhVwDtsDImNZC,spotify:track:2jyI4zAsPFhVwDtsDImNZC
25Pemj2R7gxZG2uUbd7nms,"Collect Your Horses",Algar,https://open.spotify.com/track/25Pemj2R7gxZG2uUbd7nms,spotify:track:25Pemj2R7gxZG2uUbd7nms
0UFsfrZBl898j972zZIObR,"Kim Jong Un Has No Pun",Algar,https://open.spotify.com/track/0UFsfrZBl898j972zZIObR,spotify:track:0UFsfrZBl898j972zZIObR
5mJLj7s8nc2teLl2nrzX1Q,"Crazy Frog Strikes Back",Algar,https://open.spotify.com/track/5mJLj7s8nc2teLl2nrzX1Q,spotify:track:5mJLj7s8nc2teLl2nrzX1Q
6xND6Q5xBSYlax1Bu4T8iy,Giant,Algar,https://open.spotify.com/track/6xND6Q5xBSYlax1Bu4T8iy,spotify:track:6xND6Q5xBSYlax1Bu4T8iy
1Ez6bbEShHiPxEtFtEQl1x,"Tear Me Apart",Algar,https://open.spotify.com/track/1Ez6bbEShHiPxEtFtEQl1x,spotify:track:1Ez6bbEShHiPxEtFtEQl1x
4l7DhheQyHolYHDng2MDdF,"Metroid Prime (Main Theme)","Mox Jade",https://open.spotify.com/track/4l7DhheQyHolYHDng2MDdF,spotify:track:4l7DhheQyHolYHDng2MDdF
6lhldZYdM8nZ8BpFX4JEAf,"Theme of Super Metroid","Michael Lementi",https://open.spotify.com/track/6lhldZYdM8nZ8BpFX4JEAf,spotify:track:6lhldZYdM8nZ8BpFX4JEAf
5TPNZ5503i2vGjhETKoqlF,"Main Menu (From ""Metroid Prime"")",Qumu,https://open.spotify.com/track/5TPNZ5503i2vGjhETKoqlF,spotify:track:5TPNZ5503i2vGjhETKoqlF
5WWBugzyIT9EBCwNZrqUVE,"Super Metroid - Story Dialog","Good Knight Productions",https://open.spotify.com/track/5WWBugzyIT9EBCwNZrqUVE,spotify:track:5WWBugzyIT9EBCwNZrqUVE
43E3lB8YvudVJxrcAxQAHX,"Title Screen Theme","The Versions",https://open.spotify.com/track/43E3lB8YvudVJxrcAxQAHX,spotify:track:43E3lB8YvudVJxrcAxQAHX
4PQpCNTo1hvX9EyUCCtt20,CPU,Zalza,https://open.spotify.com/track/4PQpCNTo1hvX9EyUCCtt20,spotify:track:4PQpCNTo1hvX9EyUCCtt20
2Wn8X6fqkNihu33aV9YesP,Terminal,Zalza,https://open.spotify.com/track/2Wn8X6fqkNihu33aV9YesP,spotify:track:2Wn8X6fqkNihu33aV9YesP
1DWhiguhYi470Vdvfzvgag,Revolution,Zalza,https://open.spotify.com/track/1DWhiguhYi470Vdvfzvgag,spotify:track:1DWhiguhYi470Vdvfzvgag
5IawVRxsgtrIEWy1uZNaIo,"Out Of Memory",Zalza,https://open.spotify.com/track/5IawVRxsgtrIEWy1uZNaIo,spotify:track:5IawVRxsgtrIEWy1uZNaIo
735tk4dCtv7LN06LkxgrQv,"New Road",Algar,https://open.spotify.com/track/735tk4dCtv7LN06LkxgrQv,spotify:track:735tk4dCtv7LN06LkxgrQv
7bWzfo98KECzp2FSRRUJSf,"Frantic Factory",Algar,https://open.spotify.com/track/7bWzfo98KECzp2FSRRUJSf,spotify:track:7bWzfo98KECzp2FSRRUJSf
1G0JwMJEcaBmt5iZUcW1xi,"Reprogram Yourself",Algar,https://open.spotify.com/track/1G0JwMJEcaBmt5iZUcW1xi,spotify:track:1G0JwMJEcaBmt5iZUcW1xi
6JtuOD1patay52QndUzwkA,"Dawn on Planet Zebes",Algar,https://open.spotify.com/track/6JtuOD1patay52QndUzwkA,spotify:track:6JtuOD1patay52QndUzwkA
37dkj0g95OQfxtTWmOPBWU,"Will I Be Who I Am (Vocal Edit)",Algar,https://open.spotify.com/track/37dkj0g95OQfxtTWmOPBWU,spotify:track:37dkj0g95OQfxtTWmOPBWU
5vWsP94Ortzyk231lLLpnP,"Midnight Tracking",Algar,https://open.spotify.com/track/5vWsP94Ortzyk231lLLpnP,spotify:track:5vWsP94Ortzyk231lLLpnP
3QqQLKjOPHH1ShNBHOXZ2p,"I Never Reset",Algar,https://open.spotify.com/track/3QqQLKjOPHH1ShNBHOXZ2p,spotify:track:3QqQLKjOPHH1ShNBHOXZ2p
4JqaMnKsk4zFot4ZRuxzt7,"Backpacker Chip",Algar,https://open.spotify.com/track/4JqaMnKsk4zFot4ZRuxzt7,spotify:track:4JqaMnKsk4zFot4ZRuxzt7
2Ug64YgdhgTYk8dAPSgBz0,"Rain in the Rain",Algar,https://open.spotify.com/track/2Ug64YgdhgTYk8dAPSgBz0,spotify:track:2Ug64YgdhgTYk8dAPSgBz0
6SaS1Lv8uastCGUWxuWuen,"Lust for Life",Algar,https://open.spotify.com/track/6SaS1Lv8uastCGUWxuWuen,spotify:track:6SaS1Lv8uastCGUWxuWuen
6GBjSLIYJOErGrNGA1ZGlG,"Christ is Coming",Algar,https://open.spotify.com/track/6GBjSLIYJOErGrNGA1ZGlG,spotify:track:6GBjSLIYJOErGrNGA1ZGlG
2hVmdX0TUcEPnJ3prbpuJu,"Nowhere to Hide",Algar,https://open.spotify.com/track/2hVmdX0TUcEPnJ3prbpuJu,spotify:track:2hVmdX0TUcEPnJ3prbpuJu
3yOZMV1NI4mxHle5uNKTaV,"Cloud Theme",Algar,https://open.spotify.com/track/3yOZMV1NI4mxHle5uNKTaV,spotify:track:3yOZMV1NI4mxHle5uNKTaV
19f5MfetF5XnHGfT3dtUJ1,"Interlude (Foreign Forest Theme)",Algar,https://open.spotify.com/track/19f5MfetF5XnHGfT3dtUJ1,spotify:track:19f5MfetF5XnHGfT3dtUJ1
0NFoHICSFhPCp7pmxExsDO,"Forest Escape Theme",Algar,https://open.spotify.com/track/0NFoHICSFhPCp7pmxExsDO,spotify:track:0NFoHICSFhPCp7pmxExsDO
2tGgfChCjHUAYMCOLIaHDe,"Castle Theme",Algar,https://open.spotify.com/track/2tGgfChCjHUAYMCOLIaHDe,spotify:track:2tGgfChCjHUAYMCOLIaHDe
1GsAAGg0KzAoaYE3LFbisG,"Seeing Clearly Again",Algar,https://open.spotify.com/track/1GsAAGg0KzAoaYE3LFbisG,spotify:track:1GsAAGg0KzAoaYE3LFbisG
2jMIRMeuSkwMgqAR3I3PBi,"Will I Be Who I Am (Instrumental)",Algar,https://open.spotify.com/track/2jMIRMeuSkwMgqAR3I3PBi,spotify:track:2jMIRMeuSkwMgqAR3I3PBi
6bbVuIHpf60YyUPIwYToJS,"Happy Holidays",Algar,https://open.spotify.com/track/6bbVuIHpf60YyUPIwYToJS,spotify:track:6bbVuIHpf60YyUPIwYToJS
0R4kR3iRYJlvEXxxV8GmfL,"Blow Your Mind",Algar,https://open.spotify.com/track/0R4kR3iRYJlvEXxxV8GmfL,spotify:track:0R4kR3iRYJlvEXxxV8GmfL
1FOaiSEUYi1an2spmNoEga,"Thazen (Algar remix)",illmidus,https://open.spotify.com/track/1FOaiSEUYi1an2spmNoEga,spotify:track:1FOaiSEUYi1an2spmNoEga
0FLTB9M8ZzCSVrbqLF32RE,"Collect Your Horses",Algar,https://open.spotify.com/track/0FLTB9M8ZzCSVrbqLF32RE,spotify:track:0FLTB9M8ZzCSVrbqLF32RE
0GvLvh3vYwvd1QreMnkqaW,"Ninja on Speed",Algar,https://open.spotify.com/track/0GvLvh3vYwvd1QreMnkqaW,spotify:track:0GvLvh3vYwvd1QreMnkqaW
1NrfOPnzW2NxIFD76ZGB15,"Demomans Adventure",Algar,https://open.spotify.com/track/1NrfOPnzW2NxIFD76ZGB15,spotify:track:1NrfOPnzW2NxIFD76ZGB15
3Otrw3njqQAv2gQaUditHN,"Destroying The World",Algar,https://open.spotify.com/track/3Otrw3njqQAv2gQaUditHN,spotify:track:3Otrw3njqQAv2gQaUditHN
7iWazFb6STwge64UrFPzkr,"I'm Leaving This World Tonight",Algar,https://open.spotify.com/track/7iWazFb6STwge64UrFPzkr,spotify:track:7iWazFb6STwge64UrFPzkr
5cUvgMkDtdOE05IiPfSJpR,"The Reaver",Algar,https://open.spotify.com/track/5cUvgMkDtdOE05IiPfSJpR,spotify:track:5cUvgMkDtdOE05IiPfSJpR
2fPNwhxqMkApwVHAMOHV9g,Vegetarianzzz,Algar,https://open.spotify.com/track/2fPNwhxqMkApwVHAMOHV9g,spotify:track:2fPNwhxqMkApwVHAMOHV9g
2vkFFBN5eJmCjo9uoBvv9w,"Sceners are better than gamers (2004)",Algar,https://open.spotify.com/track/2vkFFBN5eJmCjo9uoBvv9w,spotify:track:2vkFFBN5eJmCjo9uoBvv9w
7x4rpHaOzLzu26u1tV4TKU,"Ge mig nåt att leva för!",Algar,https://open.spotify.com/track/7x4rpHaOzLzu26u1tV4TKU,spotify:track:7x4rpHaOzLzu26u1tV4TKU
1yUTN36Q91j8DcWCIg9RsW,Tired...,Algar,https://open.spotify.com/track/1yUTN36Q91j8DcWCIg9RsW,spotify:track:1yUTN36Q91j8DcWCIg9RsW
36pOXEaAvCShgdOaTY01Sf,"Crazy Frog Strikes Back!",Algar,https://open.spotify.com/track/36pOXEaAvCShgdOaTY01Sf,spotify:track:36pOXEaAvCShgdOaTY01Sf
5eQ3rYENqTvvX367dbRNPu,"Castle Black",Algar,https://open.spotify.com/track/5eQ3rYENqTvvX367dbRNPu,spotify:track:5eQ3rYENqTvvX367dbRNPu
606J3APOk6J6hagJS8y5om,"Kim Jong Il Will Forever Lay Still",Algar,https://open.spotify.com/track/606J3APOk6J6hagJS8y5om,spotify:track:606J3APOk6J6hagJS8y5om
1SizBKPhcAh1pYHJ7Jsqx2,"Följ Mig Ut På Ängen",Algar,https://open.spotify.com/track/1SizBKPhcAh1pYHJ7Jsqx2,spotify:track:1SizBKPhcAh1pYHJ7Jsqx2
2FpCbu9MvCtksiqRPksMow,"Blah Pah",Algar,https://open.spotify.com/track/2FpCbu9MvCtksiqRPksMow,spotify:track:2FpCbu9MvCtksiqRPksMow
7nKPQdJoN550IGHW0Mc1ho,"Pizza Pizza",Algar,https://open.spotify.com/track/7nKPQdJoN550IGHW0Mc1ho,spotify:track:7nKPQdJoN550IGHW0Mc1ho
4zL1nFu1krbHBOK6q7nqzE,"Warrior's Spirit",Algar,https://open.spotify.com/track/4zL1nFu1krbHBOK6q7nqzE,spotify:track:4zL1nFu1krbHBOK6q7nqzE
677cCX655BPdxOoPIfbAlS,"Common Nonsense",Algar,https://open.spotify.com/track/677cCX655BPdxOoPIfbAlS,spotify:track:677cCX655BPdxOoPIfbAlS
7zjWU9Y4XSbcamWc8Zmd3A,"Ett Mirakel",Algar,https://open.spotify.com/track/7zjWU9Y4XSbcamWc8Zmd3A,spotify:track:7zjWU9Y4XSbcamWc8Zmd3A
5Bl85yFwqOpHoQIvl034ZR,"Tear Me Apart",Algar,https://open.spotify.com/track/5Bl85yFwqOpHoQIvl034ZR,spotify:track:5Bl85yFwqOpHoQIvl034ZR
5aMXflrtimpQ54ky3dBonE,"Techno Superstar",Algar,https://open.spotify.com/track/5aMXflrtimpQ54ky3dBonE,spotify:track:5aMXflrtimpQ54ky3dBonE
