1PPtUUgDpkk36XYbrJyYgF,"Bengalische Tiger",Marteria,https://open.spotify.com/track/1PPtUUgDpkk36XYbrJyYgF,spotify:track:1PPtUUgDpkk36XYbrJyYgF
6ngfhauAytTZsaQgZyJIeK,OMG!,Marteria,https://open.spotify.com/track/6ngfhauAytTZsaQgZyJIeK,spotify:track:6ngfhauAytTZsaQgZyJIeK
6lxTIMeCLEkj48TlCRG3XX,"Kids (2 Finger an den Kopf)",Marteria,https://open.spotify.com/track/6lxTIMeCLEkj48TlCRG3XX,spotify:track:6lxTIMeCLEkj48TlCRG3XX
0T0axNRa2AB3LWFndtmULE,"Big Bang",Marteria,https://open.spotify.com/track/0T0axNRa2AB3LWFndtmULE,spotify:track:0T0axNRa2AB3LWFndtmULE
1Z6dvTUGZuhqDfMi55WPlT,Endboss,Marteria,https://open.spotify.com/track/1Z6dvTUGZuhqDfMi55WPlT,spotify:track:1Z6dvTUGZuhqDfMi55WPlT
3hBpldTaQRjyM8hGUOMnrs,Yolo,"MC Fitti",https://open.spotify.com/track/3hBpldTaQRjyM8hGUOMnrs,spotify:track:3hBpldTaQRjyM8hGUOMnrs
2VH5G4uT8KDp4bYzne1foE,"Mama halblang","MC Fitti",https://open.spotify.com/track/2VH5G4uT8KDp4bYzne1foE,spotify:track:2VH5G4uT8KDp4bYzne1foE
49IOWZKQjVV5tb4dZpTV55,#futuretechnik,"MC Fitti",https://open.spotify.com/track/49IOWZKQjVV5tb4dZpTV55,spotify:track:49IOWZKQjVV5tb4dZpTV55
5M0tSYTMEaETWEF8sl6lw6,"Joko Diss","Eko Fresh,Frauenarzt,Manny Marc,Bass Sultan Hengzt",https://open.spotify.com/track/5M0tSYTMEaETWEF8sl6lw6,spotify:track:5M0tSYTMEaETWEF8sl6lw6
3jkp8fGwMxKVGZbNNYccnZ,"An Tagen wie diesen","Fettes Brot,Pascal Finkenauer",https://open.spotify.com/track/3jkp8fGwMxKVGZbNNYccnZ,spotify:track:3jkp8fGwMxKVGZbNNYccnZ
7AdV2DBo2GdC5Lr72eFFAi,"Liebs oder lass es","Genetikk,Sido",https://open.spotify.com/track/7AdV2DBo2GdC5Lr72eFFAi,spotify:track:7AdV2DBo2GdC5Lr72eFFAi
27zgcTyd3pVXVa9vUVmHoP,DDDD,"Ronny Trettmann",https://open.spotify.com/track/27zgcTyd3pVXVa9vUVmHoP,spotify:track:27zgcTyd3pVXVa9vUVmHoP
0HBdrRjDE1t56e2sTquhxl,Roswell,Marteria,https://open.spotify.com/track/0HBdrRjDE1t56e2sTquhxl,spotify:track:0HBdrRjDE1t56e2sTquhxl
3ckwU0TBQ0NUJ1elmDLMtZ,"Happy Go Sucky Fucky","Die Antwoord",https://open.spotify.com/track/3ckwU0TBQ0NUJ1elmDLMtZ,spotify:track:3ckwU0TBQ0NUJ1elmDLMtZ
2z3bxv6KtND0SPwngyhZeJ,"Raging Zef Boner","Die Antwoord",https://open.spotify.com/track/2z3bxv6KtND0SPwngyhZeJ,spotify:track:2z3bxv6KtND0SPwngyhZeJ
7pX7v3nQCz2bzPI02cbLmB,"Cookie Thumper!","Die Antwoord",https://open.spotify.com/track/7pX7v3nQCz2bzPI02cbLmB,spotify:track:7pX7v3nQCz2bzPI02cbLmB
080Dlo1EZbVhsjfKLuSo4J,"I Dont Dwank","Die Antwoord",https://open.spotify.com/track/080Dlo1EZbVhsjfKLuSo4J,spotify:track:080Dlo1EZbVhsjfKLuSo4J
58GHMdiQNYJ9aAZavLb0IJ,"Never Le Nkemise 1","Die Antwoord",https://open.spotify.com/track/58GHMdiQNYJ9aAZavLb0IJ,spotify:track:58GHMdiQNYJ9aAZavLb0IJ
6yDu6UVWQ820sn3nkh1sag,"I Fink U Freeky","Die Antwoord",https://open.spotify.com/track/6yDu6UVWQ820sn3nkh1sag,spotify:track:6yDu6UVWQ820sn3nkh1sag
2Ts1UxZn53VkDdbkngfdGV,"Fatty Boom Boom","Die Antwoord",https://open.spotify.com/track/2Ts1UxZn53VkDdbkngfdGV,spotify:track:2Ts1UxZn53VkDdbkngfdGV
0rEk0NGalbkqbKkTca5747,"So What?","Die Antwoord",https://open.spotify.com/track/0rEk0NGalbkqbKkTca5747,spotify:track:0rEk0NGalbkqbKkTca5747
7zZik8q9UsuY3QgkJJeYFg,"Fok Julle Naaiers","Die Antwoord",https://open.spotify.com/track/7zZik8q9UsuY3QgkJJeYFg,spotify:track:7zZik8q9UsuY3QgkJJeYFg
7KUareyRcXdq0KG5XSNPax,"In Your Face","Die Antwoord",https://open.spotify.com/track/7KUareyRcXdq0KG5XSNPax,spotify:track:7KUareyRcXdq0KG5XSNPax
7vLHDdIIO862CZeRSx62mp,"Enter The Ninja","Die Antwoord",https://open.spotify.com/track/7vLHDdIIO862CZeRSx62mp,spotify:track:7vLHDdIIO862CZeRSx62mp
5Ar7TB13XZYF6sDb6RoyWz,"Fish Paste","Die Antwoord",https://open.spotify.com/track/5Ar7TB13XZYF6sDb6RoyWz,spotify:track:5Ar7TB13XZYF6sDb6RoyWz
4kConEFvuD11ytv0rT6xvh,"ENTER DA NINJA - The Black Goat Decapitator Remix","Die Antwoord,Blackgoat",https://open.spotify.com/track/4kConEFvuD11ytv0rT6xvh,spotify:track:4kConEFvuD11ytv0rT6xvh
1RXok2dwrF4nyeAqX3aSft,"We Have Candy","Die Antwoord",https://open.spotify.com/track/1RXok2dwrF4nyeAqX3aSft,spotify:track:1RXok2dwrF4nyeAqX3aSft
6N0s8tBTo5WWmC98XKV4sB,Unstable,"Krizz Kaliko",https://open.spotify.com/track/6N0s8tBTo5WWmC98XKV4sB,spotify:track:6N0s8tBTo5WWmC98XKV4sB
5ZqQsCSxOfvSt6LkF83ioH,"Stürzende Helden",Frittenbude,https://open.spotify.com/track/5ZqQsCSxOfvSt6LkF83ioH,spotify:track:5ZqQsCSxOfvSt6LkF83ioH
0zQF85XdGZB9DFugL2XYdj,Daddy,"Die Antwoord",https://open.spotify.com/track/0zQF85XdGZB9DFugL2XYdj,spotify:track:0zQF85XdGZB9DFugL2XYdj
2BRSVYCEZ3vE4wrRhtfGYe,"Shit Just Got Real","Die Antwoord,Sen Dog",https://open.spotify.com/track/2BRSVYCEZ3vE4wrRhtfGYe,spotify:track:2BRSVYCEZ3vE4wrRhtfGYe
5YHSGex9c3ggMuMdBDHZej,"Gucci Coochie","Die Antwoord,Dita Von Teese",https://open.spotify.com/track/5YHSGex9c3ggMuMdBDHZej,spotify:track:5YHSGex9c3ggMuMdBDHZej
0l35DafWA7n3E6i5yjcd7t,"Hier bin ich wieder",Sido,https://open.spotify.com/track/0l35DafWA7n3E6i5yjcd7t,spotify:track:0l35DafWA7n3E6i5yjcd7t
3VMquffaOPNzlPwhBwrC6D,"Es war einmal",Sido,https://open.spotify.com/track/3VMquffaOPNzlPwhBwrC6D,spotify:track:3VMquffaOPNzlPwhBwrC6D
5J4HhRGnvCqEDCohMBrf3c,"Einer muss es machen",Sido,https://open.spotify.com/track/5J4HhRGnvCqEDCohMBrf3c,spotify:track:5J4HhRGnvCqEDCohMBrf3c
5cBx2v7XJSErfesDmgNtr2,Liebe,Sido,https://open.spotify.com/track/5cBx2v7XJSErfesDmgNtr2,spotify:track:5cBx2v7XJSErfesDmgNtr2
5c3iNCYCoaBxkihcQHNt1A,30-11-80,Sido,https://open.spotify.com/track/5c3iNCYCoaBxkihcQHNt1A,spotify:track:5c3iNCYCoaBxkihcQHNt1A
0TfFHERnDki6De7QDNcGCx,Maskerade,"Sido,Genetikk,Marsimoto",https://open.spotify.com/track/0TfFHERnDki6De7QDNcGCx,spotify:track:0TfFHERnDki6De7QDNcGCx
2REbRLUdZhKOslEv1gjMEQ,"Wieder da",257ers,https://open.spotify.com/track/2REbRLUdZhKOslEv1gjMEQ,spotify:track:2REbRLUdZhKOslEv1gjMEQ
1sWtX7nkDUdIBxXTo6Nwci,"Save Money",257ers,https://open.spotify.com/track/1sWtX7nkDUdIBxXTo6Nwci,spotify:track:1sWtX7nkDUdIBxXTo6Nwci
6SpE8A5auqnlmVcMQ4ekYK,Holland,257ers,https://open.spotify.com/track/6SpE8A5auqnlmVcMQ4ekYK,spotify:track:6SpE8A5auqnlmVcMQ4ekYK
1RQ2gFCoqIs98y8WifEAHE,Jibbitbongbier,257ers,https://open.spotify.com/track/1RQ2gFCoqIs98y8WifEAHE,spotify:track:1RQ2gFCoqIs98y8WifEAHE
0eyNsPBgblwuWDT9knjpVE,"Out of Se Window",257ers,https://open.spotify.com/track/0eyNsPBgblwuWDT9knjpVE,spotify:track:0eyNsPBgblwuWDT9knjpVE
6ZhG3oAmMcoH5NrrHRCdxM,Mama,"257ers,Horntje",https://open.spotify.com/track/6ZhG3oAmMcoH5NrrHRCdxM,spotify:track:6ZhG3oAmMcoH5NrrHRCdxM
7ANwns8cojEPx5e2HckOLn,Platzverweis,257ers,https://open.spotify.com/track/7ANwns8cojEPx5e2HckOLn,spotify:track:7ANwns8cojEPx5e2HckOLn
4FvfJ30VJbhjjGRkM0BvWP,ESDZDA,257ers,https://open.spotify.com/track/4FvfJ30VJbhjjGRkM0BvWP,spotify:track:4FvfJ30VJbhjjGRkM0BvWP
77MRunPkvUjx2lfeUncHH3,Püppchen,257ers,https://open.spotify.com/track/77MRunPkvUjx2lfeUncHH3,spotify:track:77MRunPkvUjx2lfeUncHH3
0CnsJ83BK0eHFcduqqjSdj,"Weil ich kann",257ers,https://open.spotify.com/track/0CnsJ83BK0eHFcduqqjSdj,spotify:track:0CnsJ83BK0eHFcduqqjSdj
136Wbq3vhDiHjVRGskH8ac,"Diggy Diggy",257ers,https://open.spotify.com/track/136Wbq3vhDiHjVRGskH8ac,spotify:track:136Wbq3vhDiHjVRGskH8ac
7eINNUMHd6YAPldsUlCz9q,Holz,257ers,https://open.spotify.com/track/7eINNUMHd6YAPldsUlCz9q,spotify:track:7eINNUMHd6YAPldsUlCz9q
5rmzbtxMNIpDPmDnYmCtZb,"Selfmade Deal",257ers,https://open.spotify.com/track/5rmzbtxMNIpDPmDnYmCtZb,spotify:track:5rmzbtxMNIpDPmDnYmCtZb
3Xc8Gx3IfLsibdQX8YucVh,Spinat,257ers,https://open.spotify.com/track/3Xc8Gx3IfLsibdQX8YucVh,spotify:track:3Xc8Gx3IfLsibdQX8YucVh
7gMhaY18rTSDr07ECuc7IS,"Wir sind geil",257ers,https://open.spotify.com/track/7gMhaY18rTSDr07ECuc7IS,spotify:track:7gMhaY18rTSDr07ECuc7IS
3UNIzzOO90h5EX4EF1KudZ,"Rappen is gangsta",257ers,https://open.spotify.com/track/3UNIzzOO90h5EX4EF1KudZ,spotify:track:3UNIzzOO90h5EX4EF1KudZ
137W7S6OWy0m37G0CCTNCv,"Bis dahin bin ich tot","257ers,Favorite",https://open.spotify.com/track/137W7S6OWy0m37G0CCTNCv,spotify:track:137W7S6OWy0m37G0CCTNCv
6RZUeZ6ME47yRQWZxjIvTM,"Go Ninja",257ers,https://open.spotify.com/track/6RZUeZ6ME47yRQWZxjIvTM,spotify:track:6RZUeZ6ME47yRQWZxjIvTM
3ZiSQ7E4qnMzPNGUTFg4HL,Scheißegal,257ers,https://open.spotify.com/track/3ZiSQ7E4qnMzPNGUTFg4HL,spotify:track:3ZiSQ7E4qnMzPNGUTFg4HL
5PB07lIeHKEsXul0CIqI9q,"Mein Schwanz sagt",257ers,https://open.spotify.com/track/5PB07lIeHKEsXul0CIqI9q,spotify:track:5PB07lIeHKEsXul0CIqI9q
1Au7n1qYMIPqq7oVlv9rdw,Auseinanda,257ers,https://open.spotify.com/track/1Au7n1qYMIPqq7oVlv9rdw,spotify:track:1Au7n1qYMIPqq7oVlv9rdw
3dXzDITnxvrve0QllE2N0B,"Red nicht mit mir",257ers,https://open.spotify.com/track/3dXzDITnxvrve0QllE2N0B,spotify:track:3dXzDITnxvrve0QllE2N0B
4CNhrTBLgGXepfV6hPf6NS,"Seite an Seite","257ers,Favorite",https://open.spotify.com/track/4CNhrTBLgGXepfV6hPf6NS,spotify:track:4CNhrTBLgGXepfV6hPf6NS
7BU7440Aw2oq732I7WstO8,"Pass mal die Seife",257ers,https://open.spotify.com/track/7BU7440Aw2oq732I7WstO8,spotify:track:7BU7440Aw2oq732I7WstO8
38h63PUMRHWpQ5Pzm0DXUe,Abgehn!,257ers,https://open.spotify.com/track/38h63PUMRHWpQ5Pzm0DXUe,spotify:track:38h63PUMRHWpQ5Pzm0DXUe
0HdFlg7A9Uj2ljex5pGIFD,"Über alle Berge","257ers,Alligatoah",https://open.spotify.com/track/0HdFlg7A9Uj2ljex5pGIFD,spotify:track:0HdFlg7A9Uj2ljex5pGIFD
5F3PiHJU7KRvHZIS0qt4ao,"Alles brennt","Zugezogen Maskulin",https://open.spotify.com/track/5F3PiHJU7KRvHZIS0qt4ao,spotify:track:5F3PiHJU7KRvHZIS0qt4ao
2xJB2jhFsA75X9XHRpjNYX,Ayahuasca,"Zugezogen Maskulin",https://open.spotify.com/track/2xJB2jhFsA75X9XHRpjNYX,spotify:track:2xJB2jhFsA75X9XHRpjNYX
4IhAmseGUrNPD2dGg7S4jy,Oranienplatz,"Zugezogen Maskulin",https://open.spotify.com/track/4IhAmseGUrNPD2dGg7S4jy,spotify:track:4IhAmseGUrNPD2dGg7S4jy
4ovyPkokl845pyDpbt7kuv,"Endlich wieder Krieg","Zugezogen Maskulin",https://open.spotify.com/track/4ovyPkokl845pyDpbt7kuv,spotify:track:4ovyPkokl845pyDpbt7kuv
5vW8J4zXuMODycjWwCZCeP,Oi!,"Zugezogen Maskulin",https://open.spotify.com/track/5vW8J4zXuMODycjWwCZCeP,spotify:track:5vW8J4zXuMODycjWwCZCeP
6NDL1GuaUaaMyvpiM978d7,Agenturensohn,"Zugezogen Maskulin",https://open.spotify.com/track/6NDL1GuaUaaMyvpiM978d7,spotify:track:6NDL1GuaUaaMyvpiM978d7
7vmFKb95ABqazUNwEHL2rv,Vatermord,"Zugezogen Maskulin",https://open.spotify.com/track/7vmFKb95ABqazUNwEHL2rv,spotify:track:7vmFKb95ABqazUNwEHL2rv
2pLEX7AoWXsYTyTLUacveR,"Was für eine Zeit","Zugezogen Maskulin",https://open.spotify.com/track/2pLEX7AoWXsYTyTLUacveR,spotify:track:2pLEX7AoWXsYTyTLUacveR
15uoAzc6rVijqyF5uWkfHx,"Uwe & Heiko","Zugezogen Maskulin",https://open.spotify.com/track/15uoAzc6rVijqyF5uWkfHx,spotify:track:15uoAzc6rVijqyF5uWkfHx
1GnAsdnt3jGLnL8Hjpjvxc,Brummer,"MC Fitti,Udo Zwackel",https://open.spotify.com/track/1GnAsdnt3jGLnL8Hjpjvxc,spotify:track:1GnAsdnt3jGLnL8Hjpjvxc
7cEGRtJzF81Jf1nh1eFhU1,"Fitti mitm Bart","MC Fitti",https://open.spotify.com/track/7cEGRtJzF81Jf1nh1eFhU1,spotify:track:7cEGRtJzF81Jf1nh1eFhU1
3FFuJ3e08zoJfwHDHG8taz,#Geilon,"MC Fitti",https://open.spotify.com/track/3FFuJ3e08zoJfwHDHG8taz,spotify:track:3FFuJ3e08zoJfwHDHG8taz
76sdfLFae3HNBMj3wrJYW4,"Schöne Mädchen","MC Fitti",https://open.spotify.com/track/76sdfLFae3HNBMj3wrJYW4,spotify:track:76sdfLFae3HNBMj3wrJYW4
7zrUXYSR1se7RGJTg0MK0h,Fancy,"MC Fitti,Moonbootica",https://open.spotify.com/track/7zrUXYSR1se7RGJTg0MK0h,spotify:track:7zrUXYSR1se7RGJTg0MK0h
4N2Mm1fp6KGGtmQ8mxv3qT,"Du willst so sein wie Fitti","MC Fitti",https://open.spotify.com/track/4N2Mm1fp6KGGtmQ8mxv3qT,spotify:track:4N2Mm1fp6KGGtmQ8mxv3qT
7biyUpjYrAwZysmYvBDTI1,"It Boys","MC Fitti,Felix Brummer",https://open.spotify.com/track/7biyUpjYrAwZysmYvBDTI1,spotify:track:7biyUpjYrAwZysmYvBDTI1
3KYCHzCxbYAMldCUTOmRII,"Grüne Welle","MC Fitti,Bonnie Strange",https://open.spotify.com/track/3KYCHzCxbYAMldCUTOmRII,spotify:track:3KYCHzCxbYAMldCUTOmRII
2ZtQKBB8wDTtPPqDZhy7xZ,Roflcopter,"MC Fitti",https://open.spotify.com/track/2ZtQKBB8wDTtPPqDZhy7xZ,spotify:track:2ZtQKBB8wDTtPPqDZhy7xZ
0YQ4rXoevIjW2BPIKwttsM,"WG Party","MC Fitti,Vokalmatador",https://open.spotify.com/track/0YQ4rXoevIjW2BPIKwttsM,spotify:track:0YQ4rXoevIjW2BPIKwttsM
6VMRt6Hvny0FPwuMfYa2nE,"18 Zoll","MC Fitti,Marsimoto",https://open.spotify.com/track/6VMRt6Hvny0FPwuMfYa2nE,spotify:track:6VMRt6Hvny0FPwuMfYa2nE
66eZB5o46KT6UdYClaDdvT,"Penn in der Bahn","MC Fitti",https://open.spotify.com/track/66eZB5o46KT6UdYClaDdvT,spotify:track:66eZB5o46KT6UdYClaDdvT
3MtIGlcy8w6EBzwjyzGvNU,Whatsapper,"MC Fitti",https://open.spotify.com/track/3MtIGlcy8w6EBzwjyzGvNU,spotify:track:3MtIGlcy8w6EBzwjyzGvNU
6XjJGKKZwFTWn56IGTaKZr,"30 Grad","MC Fitti",https://open.spotify.com/track/6XjJGKKZwFTWn56IGTaKZr,spotify:track:6XjJGKKZwFTWn56IGTaKZr
7uoPmeNapU6J0ruLvl31Mc,Vollgas,"MC Fitti",https://open.spotify.com/track/7uoPmeNapU6J0ruLvl31Mc,spotify:track:7uoPmeNapU6J0ruLvl31Mc
5jT2XG32mc6pMhenTop18M,"Flamingo Girls","MC Fitti",https://open.spotify.com/track/5jT2XG32mc6pMhenTop18M,spotify:track:5jT2XG32mc6pMhenTop18M
37An7i5TNw7nwI0itKwx4s,Zauberei,"MC Fitti",https://open.spotify.com/track/37An7i5TNw7nwI0itKwx4s,spotify:track:37An7i5TNw7nwI0itKwx4s
30wxKTu7whiP89qG9PjyJY,"Hauptsache Gold","MC Fitti,DCVDNS",https://open.spotify.com/track/30wxKTu7whiP89qG9PjyJY,spotify:track:30wxKTu7whiP89qG9PjyJY
5Z8S5z4WuoXWS0nq45LyQS,"Mama Halblang","MC Fitti",https://open.spotify.com/track/5Z8S5z4WuoXWS0nq45LyQS,spotify:track:5Z8S5z4WuoXWS0nq45LyQS
7f7GF0GfkQLFfjpYwRvG2H,Tattoo,"MC Fitti,Sido",https://open.spotify.com/track/7f7GF0GfkQLFfjpYwRvG2H,spotify:track:7f7GF0GfkQLFfjpYwRvG2H
4E5gjV8yt422uAmPaCrGRJ,Ghettoblaster,"MC Fitti",https://open.spotify.com/track/4E5gjV8yt422uAmPaCrGRJ,spotify:track:4E5gjV8yt422uAmPaCrGRJ
5I8vJInbCX7qNFGPyqIS3H,"Arbeit macht mega Bock","MC Fitti",https://open.spotify.com/track/5I8vJInbCX7qNFGPyqIS3H,spotify:track:5I8vJInbCX7qNFGPyqIS3H
6IrAzxYWGIEQe8I2ogsMtC,"Was habt ihr?",Deichkind,https://open.spotify.com/track/6IrAzxYWGIEQe8I2ogsMtC,spotify:track:6IrAzxYWGIEQe8I2ogsMtC
0230juQKKziLI7yWA1w0l7,"Powered By Emotion",Deichkind,https://open.spotify.com/track/0230juQKKziLI7yWA1w0l7,spotify:track:0230juQKKziLI7yWA1w0l7
5WsrGp3sAI4OIZFMt8ijri,"Like mich am Arsch",Deichkind,https://open.spotify.com/track/5WsrGp3sAI4OIZFMt8ijri,spotify:track:5WsrGp3sAI4OIZFMt8ijri
5b44IIBre0xAgV4CjACOCN,"Denken Sie groß",Deichkind,https://open.spotify.com/track/5b44IIBre0xAgV4CjACOCN,spotify:track:5b44IIBre0xAgV4CjACOCN
4GqLvfkDkoFjuEoUXFUnZg,"So'ne Musik",Deichkind,https://open.spotify.com/track/4GqLvfkDkoFjuEoUXFUnZg,spotify:track:4GqLvfkDkoFjuEoUXFUnZg
5DlHli6t8Sq2iKZkFDleJN,"Ich habe eine Fahne","Deichkind,Das Bo",https://open.spotify.com/track/5DlHli6t8Sq2iKZkFDleJN,spotify:track:5DlHli6t8Sq2iKZkFDleJN
48hO60wxxZJpR4XP1KUNpp,"Ich habe eine Fahne - 1 Promille","Deichkind,Das Bo",https://open.spotify.com/track/48hO60wxxZJpR4XP1KUNpp,spotify:track:48hO60wxxZJpR4XP1KUNpp
6Jtib0FCdMpXHTwfOItdBN,"Ich habe eine Fahne - 2 Promille","Deichkind,Das Bo",https://open.spotify.com/track/6Jtib0FCdMpXHTwfOItdBN,spotify:track:6Jtib0FCdMpXHTwfOItdBN
6aAlI4jdEIpBT46kkju3dI,"Ich habe eine Fahne - 3 Promille","Deichkind,Das Bo",https://open.spotify.com/track/6aAlI4jdEIpBT46kkju3dI,spotify:track:6aAlI4jdEIpBT46kkju3dI
4royV2QgCva7EwnXo2KmnT,"Wer Sagt Denn Das?",Deichkind,https://open.spotify.com/track/4royV2QgCva7EwnXo2KmnT,spotify:track:4royV2QgCva7EwnXo2KmnT
6CigYG7e4MopCEvD6JcRlj,"1000 Jahre Bier",Deichkind,https://open.spotify.com/track/6CigYG7e4MopCEvD6JcRlj,spotify:track:6CigYG7e4MopCEvD6JcRlj
4fLQWb5ruLANadQfAgWh6h,Dinge,Deichkind,https://open.spotify.com/track/4fLQWb5ruLANadQfAgWh6h,spotify:track:4fLQWb5ruLANadQfAgWh6h
4TtWTubGuCv8Gh9SWtrIab,Cliffhänger,Deichkind,https://open.spotify.com/track/4TtWTubGuCv8Gh9SWtrIab,spotify:track:4TtWTubGuCv8Gh9SWtrIab
3fXg6DwM2XYvCNc3q4CpcL,"Bude Voll People",Deichkind,https://open.spotify.com/track/3fXg6DwM2XYvCNc3q4CpcL,spotify:track:3fXg6DwM2XYvCNc3q4CpcL
22aWbG7ReC5n0P2GuGCcAr,"Richtig Gutes Zeug",Deichkind,https://open.spotify.com/track/22aWbG7ReC5n0P2GuGCcAr,spotify:track:22aWbG7ReC5n0P2GuGCcAr
5X5EC071cbNoSHvNdD0wC7,Quasi,Deichkind,https://open.spotify.com/track/5X5EC071cbNoSHvNdD0wC7,spotify:track:5X5EC071cbNoSHvNdD0wC7
40jFrZzb4HYizXdqaeHMkd,"Neo Christian Flow","BewhY,Son Simba",https://open.spotify.com/track/40jFrZzb4HYizXdqaeHMkd,spotify:track:40jFrZzb4HYizXdqaeHMkd
633DZBMHMcTHfogMUSK5Wz,BUKKAKE,"Hiyadam,JP THE WAVY,MIYACHI",https://open.spotify.com/track/633DZBMHMcTHfogMUSK5Wz,spotify:track:633DZBMHMcTHfogMUSK5Wz
3pWI8iqtzGQL4rS9dEnRmr,ProMille,"Das Bo,Hängergäng",https://open.spotify.com/track/3pWI8iqtzGQL4rS9dEnRmr,spotify:track:3pWI8iqtzGQL4rS9dEnRmr
08cOzjMCeMfhRBzk8yvFQZ,Fumbananana,"Das Bo,Hängergäng",https://open.spotify.com/track/08cOzjMCeMfhRBzk8yvFQZ,spotify:track:08cOzjMCeMfhRBzk8yvFQZ
3IkchjQs1Z0h3ANdko3a5S,"Arne Garnichts","Das Bo,Hängergäng",https://open.spotify.com/track/3IkchjQs1Z0h3ANdko3a5S,spotify:track:3IkchjQs1Z0h3ANdko3a5S
3ReNbdw5tNl4uXn1Xx1lpL,"Wir gehn steil","Das Bo,Hängergäng",https://open.spotify.com/track/3ReNbdw5tNl4uXn1Xx1lpL,spotify:track:3ReNbdw5tNl4uXn1Xx1lpL
41o3Dpk4m28QAoawOOGUkq,Fachjargon,Deichkind,https://open.spotify.com/track/41o3Dpk4m28QAoawOOGUkq,spotify:track:41o3Dpk4m28QAoawOOGUkq
0Gfxp327WRMgy1iMJD4KIi,Smogcity,Deichkind,https://open.spotify.com/track/0Gfxp327WRMgy1iMJD4KIi,spotify:track:0Gfxp327WRMgy1iMJD4KIi
1a2gggxtBItQain3PAURtJ,"Bon Voyage (feat. Nina)","Deichkind,Nina Tenge",https://open.spotify.com/track/1a2gggxtBItQain3PAURtJ,spotify:track:1a2gggxtBItQain3PAURtJ
2zrtXVuffXQjojXMhMRgXZ,Evergreens,Deichkind,https://open.spotify.com/track/2zrtXVuffXQjojXMhMRgXZ,spotify:track:2zrtXVuffXQjojXMhMRgXZ
6FWOtXB9XeR2LpkWwSXM0J,"Was der Anlass",Deichkind,https://open.spotify.com/track/6FWOtXB9XeR2LpkWwSXM0J,spotify:track:6FWOtXB9XeR2LpkWwSXM0J
50NS4VgB9IgPZNzJvi55cK,"Flammenmeer, Pt. 1",Deichkind,https://open.spotify.com/track/50NS4VgB9IgPZNzJvi55cK,spotify:track:50NS4VgB9IgPZNzJvi55cK
7xULmBalRZ5Sw7hEmxtLLn,"T2wei (feat. Nico Suave & Dendemann)","Deichkind,Dendemann,Nico Suave",https://open.spotify.com/track/7xULmBalRZ5Sw7hEmxtLLn,spotify:track:7xULmBalRZ5Sw7hEmxtLLn
6EbMPG243tLNiECyVZa2ZZ,"Kabeljau Inferno - Don Dougie Remix","Deichkind,B. Ekambi im Tonofen,Don Dougie,Hamburg",https://open.spotify.com/track/6EbMPG243tLNiECyVZa2ZZ,spotify:track:6EbMPG243tLNiECyVZa2ZZ
5oFacNDrHbw9xx72lYNDGb,"Weit weg (feat. Bintia)","Deichkind,Bintia",https://open.spotify.com/track/5oFacNDrHbw9xx72lYNDGb,spotify:track:5oFacNDrHbw9xx72lYNDGb
7FNOeYgz0xWKdZ4fBtsVeI,"Schweiss und Tränen",Deichkind,https://open.spotify.com/track/7FNOeYgz0xWKdZ4fBtsVeI,spotify:track:7FNOeYgz0xWKdZ4fBtsVeI
5PDkyA1tgpYLHEIguuKptI,"Komm schon!",Deichkind,https://open.spotify.com/track/5PDkyA1tgpYLHEIguuKptI,spotify:track:5PDkyA1tgpYLHEIguuKptI
7hwrLUS8Uur46Kbv8R1keI,"Imbissmief 040",Deichkind,https://open.spotify.com/track/7hwrLUS8Uur46Kbv8R1keI,spotify:track:7hwrLUS8Uur46Kbv8R1keI
38GbKAPPoE7vU4hhRFC7st,"Rauf und wieder runter '97",Deichkind,https://open.spotify.com/track/38GbKAPPoE7vU4hhRFC7st,spotify:track:38GbKAPPoE7vU4hhRFC7st
6LDX9t1Mgav63V81fn1ieN,"Schwiegervater (Kassetten Mischung)",Deichkind,https://open.spotify.com/track/6LDX9t1Mgav63V81fn1ieN,spotify:track:6LDX9t1Mgav63V81fn1ieN
0REirpMMRQUxT33vLC9ts7,Bonaqua,Deichkind,https://open.spotify.com/track/0REirpMMRQUxT33vLC9ts7,spotify:track:0REirpMMRQUxT33vLC9ts7
68u03Y6QzyG7ahFNr63WHe,"Wer bremst das?!",Deichkind,https://open.spotify.com/track/68u03Y6QzyG7ahFNr63WHe,spotify:track:68u03Y6QzyG7ahFNr63WHe
1lqjcOFQ50X8Ma474iI7Xy,Profession,Deichkind,https://open.spotify.com/track/1lqjcOFQ50X8Ma474iI7Xy,spotify:track:1lqjcOFQ50X8Ma474iI7Xy
6oZ7drGO9BGkeZ936aWLog,"Bon Voyage (feat. Nina) - C.L.A.S. Remix","Deichkind,Nina Tenge,C.L.A.S.,C.L.A.S. Productions,Hamburg",https://open.spotify.com/track/6oZ7drGO9BGkeZ936aWLog,spotify:track:6oZ7drGO9BGkeZ936aWLog
4kLYGYI6htlgEo7T4W2coN,"Weit weg (feat. Bintia) - I.L.L. Will Remix","Deichkind,Bintia,I.L.L. Will",https://open.spotify.com/track/4kLYGYI6htlgEo7T4W2coN,spotify:track:4kLYGYI6htlgEo7T4W2coN
0FmiZz4cgPTz5G6dQJlWeh,"....und andere Prioritäten","Deichkind,Eins Zwo",https://open.spotify.com/track/0FmiZz4cgPTz5G6dQJlWeh,spotify:track:0FmiZz4cgPTz5G6dQJlWeh
3ThJAGDz50iFGEFeqjLoYr,"Crew Vom Deich",Deichkind,https://open.spotify.com/track/3ThJAGDz50iFGEFeqjLoYr,spotify:track:3ThJAGDz50iFGEFeqjLoYr
17yUU3I8P3lO1Gx5iuIF9u,"Geborn' Für Das!",Deichkind,https://open.spotify.com/track/17yUU3I8P3lO1Gx5iuIF9u,spotify:track:17yUU3I8P3lO1Gx5iuIF9u
373d3d1Bqs8nIJxJ9Dz4W6,Geheimnis,Deichkind,https://open.spotify.com/track/373d3d1Bqs8nIJxJ9Dz4W6,spotify:track:373d3d1Bqs8nIJxJ9Dz4W6
37cAkeNVPFdoc9gTYf3Fzj,"Gib Mir Mehr",Deichkind,https://open.spotify.com/track/37cAkeNVPFdoc9gTYf3Fzj,spotify:track:37cAkeNVPFdoc9gTYf3Fzj
70KDBv06gUysPV370tyuuH,"Königlich Royal",Deichkind,https://open.spotify.com/track/70KDBv06gUysPV370tyuuH,spotify:track:70KDBv06gUysPV370tyuuH
2pZGS0c48OafwUHjaxRP5w,"Tarantuhla In The Darkness",Deichkind,https://open.spotify.com/track/2pZGS0c48OafwUHjaxRP5w,spotify:track:2pZGS0c48OafwUHjaxRP5w
2MC8BunfYs71B26LSJubn7,"Wer Sind Die Goern?",Deichkind,https://open.spotify.com/track/2MC8BunfYs71B26LSJubn7,spotify:track:2MC8BunfYs71B26LSJubn7
77zZvFexl7Cojk6qoqeZsp,"La Playa",Deichkind,https://open.spotify.com/track/77zZvFexl7Cojk6qoqeZsp,spotify:track:77zZvFexl7Cojk6qoqeZsp
2vGXMH4xxZzMzE29c2jvps,"Sex Im Kopf",Deichkind,https://open.spotify.com/track/2vGXMH4xxZzMzE29c2jvps,spotify:track:2vGXMH4xxZzMzE29c2jvps
1VXZq9JrImo7hGBMtCc8ex,Drogenrausch,Deichkind,https://open.spotify.com/track/1VXZq9JrImo7hGBMtCc8ex,spotify:track:1VXZq9JrImo7hGBMtCc8ex
2Hbgb02krHyJeNpSkyX8xO,Limit,Deichkind,https://open.spotify.com/track/2Hbgb02krHyJeNpSkyX8xO,spotify:track:2Hbgb02krHyJeNpSkyX8xO
61FW49aO8nIgkylyUdORh3,"Pferd Im Stall",Deichkind,https://open.spotify.com/track/61FW49aO8nIgkylyUdORh3,spotify:track:61FW49aO8nIgkylyUdORh3
6pqjz5A4g6NNYWzfVARjPG,"Da Wo",Deichkind,https://open.spotify.com/track/6pqjz5A4g6NNYWzfVARjPG,spotify:track:6pqjz5A4g6NNYWzfVARjPG
2opiyi2cIKmigkUvpkoWWU,"Pferd Im Stall - Entspannt Brosch Remix","Deichkind,Brosch,Markus Brosch",https://open.spotify.com/track/2opiyi2cIKmigkUvpkoWWU,spotify:track:2opiyi2cIKmigkUvpkoWWU
1uZV21sjHeSssnp6Qo5sFF,Voodoo,Deichkind,https://open.spotify.com/track/1uZV21sjHeSssnp6Qo5sFF,spotify:track:1uZV21sjHeSssnp6Qo5sFF
31sD77U64ym70wYEMpnSrQ,"Remmidemmi (Yippie Yippie Yeah)",Deichkind,https://open.spotify.com/track/31sD77U64ym70wYEMpnSrQ,spotify:track:31sD77U64ym70wYEMpnSrQ
1Yvjy21OFudyDvOh6i2lBz,"Aufstand im Schlaraffenland",Deichkind,https://open.spotify.com/track/1Yvjy21OFudyDvOh6i2lBz,spotify:track:1Yvjy21OFudyDvOh6i2lBz
5eRXsC5VPEqlvcLArxCDv4,"Show 'n Shine",Deichkind,https://open.spotify.com/track/5eRXsC5VPEqlvcLArxCDv4,spotify:track:5eRXsC5VPEqlvcLArxCDv4
6PiPPXzZpheJARdulwyckJ,"Ich betäube mich","Deichkind,Sarah Walker",https://open.spotify.com/track/6PiPPXzZpheJARdulwyckJ,spotify:track:6PiPPXzZpheJARdulwyckJ
6iKWTEX588Jc3caXhFPefN,Silberweidenpark,Deichkind,https://open.spotify.com/track/6iKWTEX588Jc3caXhFPefN,spotify:track:6iKWTEX588Jc3caXhFPefN
1RoQoIjnIQg4tmFuEZquK9,Papillion,Deichkind,https://open.spotify.com/track/1RoQoIjnIQg4tmFuEZquK9,spotify:track:1RoQoIjnIQg4tmFuEZquK9
6r9bhrnfIKuhFgusT4y3UI,E.S.D.B.,Deichkind,https://open.spotify.com/track/6r9bhrnfIKuhFgusT4y3UI,spotify:track:6r9bhrnfIKuhFgusT4y3UI
0mfVtlTtg1CLWYLtv0xWIN,Prost,"Deichkind,Das Bo",https://open.spotify.com/track/0mfVtlTtg1CLWYLtv0xWIN,spotify:track:0mfVtlTtg1CLWYLtv0xWIN
4jogTQrBq2HH14DVDP9xMv,Krieg,Deichkind,https://open.spotify.com/track/4jogTQrBq2HH14DVDP9xMv,spotify:track:4jogTQrBq2HH14DVDP9xMv
3serldiHzOUGgt0zZkptJ2,"Hört ihr die Signale","Deichkind,Bjørn",https://open.spotify.com/track/3serldiHzOUGgt0zZkptJ2,spotify:track:3serldiHzOUGgt0zZkptJ2
4YTCke3uCKCnxuTPvxmyTp,"Dicker Bauch",Deichkind,https://open.spotify.com/track/4YTCke3uCKCnxuTPvxmyTp,spotify:track:4YTCke3uCKCnxuTPvxmyTp
1PzWE6FRyQzyUIQ60DSceN,"Arbeit nervt",Deichkind,https://open.spotify.com/track/1PzWE6FRyQzyUIQ60DSceN,spotify:track:1PzWE6FRyQzyUIQ60DSceN
42VNSb4P3vehGOBTy2FNHU,"Ich und mein Computer",Deichkind,https://open.spotify.com/track/42VNSb4P3vehGOBTy2FNHU,spotify:track:42VNSb4P3vehGOBTy2FNHU
0YgCrN4OT9thOnzt5yIfrY,"23 Dohlen",Deichkind,https://open.spotify.com/track/0YgCrN4OT9thOnzt5yIfrY,spotify:track:0YgCrN4OT9thOnzt5yIfrY
28VHPpOFGdY2PByaTe10ZX,Luftbahn,Deichkind,https://open.spotify.com/track/28VHPpOFGdY2PByaTe10ZX,spotify:track:28VHPpOFGdY2PByaTe10ZX
4flh8ncbqodbbCfODpdSDN,Metro,Deichkind,https://open.spotify.com/track/4flh8ncbqodbbCfODpdSDN,spotify:track:4flh8ncbqodbbCfODpdSDN
6fzUg1ysWANClucbITsIlx,"Gut dabei",Deichkind,https://open.spotify.com/track/6fzUg1ysWANClucbITsIlx,spotify:track:6fzUg1ysWANClucbITsIlx
2fVEhilp6S3OxIMobBqcyc,Travelpussy,Deichkind,https://open.spotify.com/track/2fVEhilp6S3OxIMobBqcyc,spotify:track:2fVEhilp6S3OxIMobBqcyc
3DZrRCVTBGvYFfHHR0zXCS,Hoverkraft,Deichkind,https://open.spotify.com/track/3DZrRCVTBGvYFfHHR0zXCS,spotify:track:3DZrRCVTBGvYFfHHR0zXCS
3C1OpkaQuZaCd1E1fj2NUo,"Komm rüber",Deichkind,https://open.spotify.com/track/3C1OpkaQuZaCd1E1fj2NUo,spotify:track:3C1OpkaQuZaCd1E1fj2NUo
5V0BO48bfweQPUqGrXba8m,"Urlaub vom Urlaub",Deichkind,https://open.spotify.com/track/5V0BO48bfweQPUqGrXba8m,spotify:track:5V0BO48bfweQPUqGrXba8m
5wPGTh9rFc9gHXi331o58K,"Arbeit nervt - Punker Version",Deichkind,https://open.spotify.com/track/5wPGTh9rFc9gHXi331o58K,spotify:track:5wPGTh9rFc9gHXi331o58K
4AxLKbetRjbo4kOgoFq6dG,"99 Bierkanister",Deichkind,https://open.spotify.com/track/4AxLKbetRjbo4kOgoFq6dG,spotify:track:4AxLKbetRjbo4kOgoFq6dG
74XCHVLuSPLKq41jSS0sOU,"Befehl von ganz unten",Deichkind,https://open.spotify.com/track/74XCHVLuSPLKq41jSS0sOU,spotify:track:74XCHVLuSPLKq41jSS0sOU
3gmxpKRiDdCe6ub96LvKx5,"Leider geil (Leider geil)",Deichkind,https://open.spotify.com/track/3gmxpKRiDdCe6ub96LvKx5,spotify:track:3gmxpKRiDdCe6ub96LvKx5
42cYUYNxZRbWGDzEtGGw0B,"Der Mond",Deichkind,https://open.spotify.com/track/42cYUYNxZRbWGDzEtGGw0B,spotify:track:42cYUYNxZRbWGDzEtGGw0B
6kuNT7fS1AP4WnmkJuphdt,"Illegale Fans",Deichkind,https://open.spotify.com/track/6kuNT7fS1AP4WnmkJuphdt,spotify:track:6kuNT7fS1AP4WnmkJuphdt
2iUIS2YKqvBma19Z1g4eRq,Partnerlook,Deichkind,https://open.spotify.com/track/2iUIS2YKqvBma19Z1g4eRq,spotify:track:2iUIS2YKqvBma19Z1g4eRq
1fARWKNn6zOhHoxDRX2gq8,"Bück dich hoch",Deichkind,https://open.spotify.com/track/1fARWKNn6zOhHoxDRX2gq8,spotify:track:1fARWKNn6zOhHoxDRX2gq8
3eS3sY8FNevFgzEXGLzocN,Egolution,Deichkind,https://open.spotify.com/track/3eS3sY8FNevFgzEXGLzocN,spotify:track:3eS3sY8FNevFgzEXGLzocN
1aWgejdEKIDmMOwDovMsOY,"Pferd aus Glas",Deichkind,https://open.spotify.com/track/1aWgejdEKIDmMOwDovMsOY,spotify:track:1aWgejdEKIDmMOwDovMsOY
0bEOP4DKqxUugDYVAQxhhB,"Roll das Fass rein","Deichkind,Der Tobi & Das Bo",https://open.spotify.com/track/0bEOP4DKqxUugDYVAQxhhB,spotify:track:0bEOP4DKqxUugDYVAQxhhB
0nW0wyLiYEqpc8bhDaWUqH,"Herz aus Hack",Deichkind,https://open.spotify.com/track/0nW0wyLiYEqpc8bhDaWUqH,spotify:track:0nW0wyLiYEqpc8bhDaWUqH
3UWMhUp0mY8BYN09mS7b63,"Porzellan und Elefanten",Deichkind,https://open.spotify.com/track/3UWMhUp0mY8BYN09mS7b63,spotify:track:3UWMhUp0mY8BYN09mS7b63
0R3bKh4t2MTdoyzEwLaJiI,"Mehr als lebensgefährlich",Deichkind,https://open.spotify.com/track/0R3bKh4t2MTdoyzEwLaJiI,spotify:track:0R3bKh4t2MTdoyzEwLaJiI
3fKxe5Mdjqx0GNvzvvopAn,"Der Flohmarkt ruft","Deichkind,Herr Spiegelei",https://open.spotify.com/track/3fKxe5Mdjqx0GNvzvvopAn,spotify:track:3fKxe5Mdjqx0GNvzvvopAn
22oGZiTh4BJch99OloZPPJ,Naschfuchs,Deichkind,https://open.spotify.com/track/22oGZiTh4BJch99OloZPPJ,spotify:track:22oGZiTh4BJch99OloZPPJ
4DfBzH5HLv2nnUyzefA7Zr,"Die Welt ist fertig",Deichkind,https://open.spotify.com/track/4DfBzH5HLv2nnUyzefA7Zr,spotify:track:4DfBzH5HLv2nnUyzefA7Zr
7EPNH8lGP8CEtKWmc865cx,"Niveau Weshalb Warum",Deichkind,https://open.spotify.com/track/7EPNH8lGP8CEtKWmc865cx,spotify:track:7EPNH8lGP8CEtKWmc865cx
5YangOErkwqsCDoovbySrb,"Hauptsache nichts mit Menschen",Deichkind,https://open.spotify.com/track/5YangOErkwqsCDoovbySrb,spotify:track:5YangOErkwqsCDoovbySrb
7ktxNLHpLvL8610TlyacV3,"Oma gib Handtasche",Deichkind,https://open.spotify.com/track/7ktxNLHpLvL8610TlyacV3,spotify:track:7ktxNLHpLvL8610TlyacV3
0Z5usJ8uFDyghGMBlQSafX,"Selber machen lassen - Bonus Track",Deichkind,https://open.spotify.com/track/0Z5usJ8uFDyghGMBlQSafX,spotify:track:0Z5usJ8uFDyghGMBlQSafX
6fEYTvbzcOoLsJsEo2bQvw,"Schlafwandler - Bonus Track",Deichkind,https://open.spotify.com/track/6fEYTvbzcOoLsJsEo2bQvw,spotify:track:6fEYTvbzcOoLsJsEo2bQvw
1JQxJvRfmlV0UKKZY6ErM8,#wsdd,Deichkind,https://open.spotify.com/track/1JQxJvRfmlV0UKKZY6ErM8,spotify:track:1JQxJvRfmlV0UKKZY6ErM8
4t9kYSMtQUtyyWGDZWmedj,"Wer Sagt Denn Das?",Deichkind,https://open.spotify.com/track/4t9kYSMtQUtyyWGDZWmedj,spotify:track:4t9kYSMtQUtyyWGDZWmedj
1F58hJyWIDS1JLVrosopMG,"1000 Jahre Bier",Deichkind,https://open.spotify.com/track/1F58hJyWIDS1JLVrosopMG,spotify:track:1F58hJyWIDS1JLVrosopMG
3WJI0P6KnNdAWpOIejRuS0,Dinge,Deichkind,https://open.spotify.com/track/3WJI0P6KnNdAWpOIejRuS0,spotify:track:3WJI0P6KnNdAWpOIejRuS0
6wLa9msMuoKWyJez65x8pU,Cliffhänger,Deichkind,https://open.spotify.com/track/6wLa9msMuoKWyJez65x8pU,spotify:track:6wLa9msMuoKWyJez65x8pU
17NTBIPPmU6eR0QCEzw2y2,"Keine Party",Deichkind,https://open.spotify.com/track/17NTBIPPmU6eR0QCEzw2y2,spotify:track:17NTBIPPmU6eR0QCEzw2y2
6N1hrS1miRLIgrxbg9CHjg,Knallbonbon,Deichkind,https://open.spotify.com/track/6N1hrS1miRLIgrxbg9CHjg,spotify:track:6N1hrS1miRLIgrxbg9CHjg
4IRciL3NvQaAz4bl8whA4b,"Bude Voll People",Deichkind,https://open.spotify.com/track/4IRciL3NvQaAz4bl8whA4b,spotify:track:4IRciL3NvQaAz4bl8whA4b
1l2GJOkwmR3RyWffICLXqz,"Gewinne Gewinne",Deichkind,https://open.spotify.com/track/1l2GJOkwmR3RyWffICLXqz,spotify:track:1l2GJOkwmR3RyWffICLXqz
4B4S9o7Cn3h3lJr1cg2WUb,"Party 2",Deichkind,https://open.spotify.com/track/4B4S9o7Cn3h3lJr1cg2WUb,spotify:track:4B4S9o7Cn3h3lJr1cg2WUb
6mvehsKY9lZnLkBU648zHe,"Richtig Gutes Zeug",Deichkind,https://open.spotify.com/track/6mvehsKY9lZnLkBU648zHe,spotify:track:6mvehsKY9lZnLkBU648zHe
6YByWdDLg8JhZAvAqgb6eY,Quasi,Deichkind,https://open.spotify.com/track/6YByWdDLg8JhZAvAqgb6eY,spotify:track:6YByWdDLg8JhZAvAqgb6eY
5eOIp90ALK3GPcPWvfyiGo,Powerbank,Deichkind,https://open.spotify.com/track/5eOIp90ALK3GPcPWvfyiGo,spotify:track:5eOIp90ALK3GPcPWvfyiGo
07JQrX2iOzkkRzhIvWfUF0,"Ich Bin Ein Geist",Deichkind,https://open.spotify.com/track/07JQrX2iOzkkRzhIvWfUF0,spotify:track:07JQrX2iOzkkRzhIvWfUF0
1C4Tn3Q7chs9ka4TwzX9II,"Sonate in f-Doll",Deichkind,https://open.spotify.com/track/1C4Tn3Q7chs9ka4TwzX9II,spotify:track:1C4Tn3Q7chs9ka4TwzX9II
22DUB1yhj77nuAaIgetaey,"Wo's Das Feuer?",Deichkind,https://open.spotify.com/track/22DUB1yhj77nuAaIgetaey,spotify:track:22DUB1yhj77nuAaIgetaey
6WEbRMaHM9GrWYbk7N3l5b,Geradeaus,"Deichkind,Roger Rekless",https://open.spotify.com/track/6WEbRMaHM9GrWYbk7N3l5b,spotify:track:6WEbRMaHM9GrWYbk7N3l5b
