0V88d2I3ZdEgaudRw9W5U6,Kannibale,"Das Ich",https://open.spotify.com/track/0V88d2I3ZdEgaudRw9W5U6,spotify:track:0V88d2I3ZdEgaudRw9W5U6
26pysb2Jhy7FTRPvteiqyf,"Sing Mir dein Lied - Tanznorm: Rebellion Mix","Das Ich",https://open.spotify.com/track/26pysb2Jhy7FTRPvteiqyf,spotify:track:26pysb2Jhy7FTRPvteiqyf
6eZi1PQd0OboFEpDrWowu1,"Kannibale - Remix by N3XU5","Das Ich",https://open.spotify.com/track/6eZi1PQd0OboFEpDrWowu1,spotify:track:6eZi1PQd0OboFEpDrWowu1
39f7Ey6E2dPdKPP4nPQjCO,"Die Hand an der Wiege","Das Ich",https://open.spotify.com/track/39f7Ey6E2dPdKPP4nPQjCO,spotify:track:39f7Ey6E2dPdKPP4nPQjCO
4uVgSoQN19LCauQ4Lq3E0N,"Mr T","Sturm Café",https://open.spotify.com/track/4uVgSoQN19LCauQ4Lq3E0N,spotify:track:4uVgSoQN19LCauQ4Lq3E0N
7CVZ0ptuO7ZLg9C6jkUtm7,Radiosüchtig,"Sturm Café",https://open.spotify.com/track/7CVZ0ptuO7ZLg9C6jkUtm7,spotify:track:7CVZ0ptuO7ZLg9C6jkUtm7
6Y6eGlRvHlvU5rFnZ4OawU,"Ich Spekuliere","Sturm Café",https://open.spotify.com/track/6Y6eGlRvHlvU5rFnZ4OawU,spotify:track:6Y6eGlRvHlvU5rFnZ4OawU
0evUSOrHNr2Idb9mAMVqxv,Mozart-Ideal,"Sturm Café",https://open.spotify.com/track/0evUSOrHNr2Idb9mAMVqxv,spotify:track:0evUSOrHNr2Idb9mAMVqxv
1eep0ug18O1F2YSWUTZcHP,"Die Wahrheit","Sturm Café",https://open.spotify.com/track/1eep0ug18O1F2YSWUTZcHP,spotify:track:1eep0ug18O1F2YSWUTZcHP
431SBuq2pjmesnH02eFJms,"Die Terroristen","Sturm Café",https://open.spotify.com/track/431SBuq2pjmesnH02eFJms,spotify:track:431SBuq2pjmesnH02eFJms
5bYfH1EAowF2Ga5dfBl4jT,"In Meinem Griff","Sturm Café",https://open.spotify.com/track/5bYfH1EAowF2Ga5dfBl4jT,spotify:track:5bYfH1EAowF2Ga5dfBl4jT
4QGp375aChupzvJXqlylK0,"Der Grosse Schwein","Sturm Café",https://open.spotify.com/track/4QGp375aChupzvJXqlylK0,spotify:track:4QGp375aChupzvJXqlylK0
1hVS8ebBV8nizG1FTlIK5J,Stiefelfabrik,"Sturm Café",https://open.spotify.com/track/1hVS8ebBV8nizG1FTlIK5J,spotify:track:1hVS8ebBV8nizG1FTlIK5J
3l86GtLNJHuPHulwQlDmuF,"Die Bizarre Mischung","Sturm Café",https://open.spotify.com/track/3l86GtLNJHuPHulwQlDmuF,spotify:track:3l86GtLNJHuPHulwQlDmuF
6Bt3fS5GgcnE9M28x6cetn,"Die Zombiejäger","Sturm Café",https://open.spotify.com/track/6Bt3fS5GgcnE9M28x6cetn,spotify:track:6Bt3fS5GgcnE9M28x6cetn
7vpBsWcCOsrMNAVjP6vH2V,"Ein Mann und Sein Bart","Sturm Café",https://open.spotify.com/track/7vpBsWcCOsrMNAVjP6vH2V,spotify:track:7vpBsWcCOsrMNAVjP6vH2V
1pP68d6MM77sJKwQdSDCSU,"Lass Uns Wieder Sehen","Sturm Café",https://open.spotify.com/track/1pP68d6MM77sJKwQdSDCSU,spotify:track:1pP68d6MM77sJKwQdSDCSU
45rMSuzaYUDX7GaFrc8XaF,Europa,"Sturm Café",https://open.spotify.com/track/45rMSuzaYUDX7GaFrc8XaF,spotify:track:45rMSuzaYUDX7GaFrc8XaF
6KGsZiRsJgmQ145thy9Z8k,"Koka Kola Freiheit","Sturm Café",https://open.spotify.com/track/6KGsZiRsJgmQ145thy9Z8k,spotify:track:6KGsZiRsJgmQ145thy9Z8k
7z0d6jnJC69pHWLhhrVmnc,Sicherheit,"Sturm Café",https://open.spotify.com/track/7z0d6jnJC69pHWLhhrVmnc,spotify:track:7z0d6jnJC69pHWLhhrVmnc
1ZeZf1o0fewVTPOIIeV33R,Scheissnormal,"Sturm Café",https://open.spotify.com/track/1ZeZf1o0fewVTPOIIeV33R,spotify:track:1ZeZf1o0fewVTPOIIeV33R
6YQSNLIWbsj8t7uZMFQrWI,Kaufkraft,"Sturm Café",https://open.spotify.com/track/6YQSNLIWbsj8t7uZMFQrWI,spotify:track:6YQSNLIWbsj8t7uZMFQrWI
09TMR3M8EmBjQ1kWtV7R7V,"Der Lowe ist Zurück","Sturm Café",https://open.spotify.com/track/09TMR3M8EmBjQ1kWtV7R7V,spotify:track:09TMR3M8EmBjQ1kWtV7R7V
100zq7xkusatS8XWrecwo3,Purity,Dismantled,https://open.spotify.com/track/100zq7xkusatS8XWrecwo3,spotify:track:100zq7xkusatS8XWrecwo3
4upUWxPZOprQ8neTGbOyvI,Human,Dismantled,https://open.spotify.com/track/4upUWxPZOprQ8neTGbOyvI,spotify:track:4upUWxPZOprQ8neTGbOyvI
4Yv4JPNF7XNOlNH5e55YPk,Dystopia,Dismantled,https://open.spotify.com/track/4Yv4JPNF7XNOlNH5e55YPk,spotify:track:4Yv4JPNF7XNOlNH5e55YPk
3VqetvcUmMJ10gKEaUtw0a,Survivor,Dismantled,https://open.spotify.com/track/3VqetvcUmMJ10gKEaUtw0a,spotify:track:3VqetvcUmMJ10gKEaUtw0a
0fvZ08wQ3AZ9PSQpP6KqzP,Extirpation,Dismantled,https://open.spotify.com/track/0fvZ08wQ3AZ9PSQpP6KqzP,spotify:track:0fvZ08wQ3AZ9PSQpP6KqzP
2Rul6QdpVc3TgOwyYkY5PD,Shift,Dismantled,https://open.spotify.com/track/2Rul6QdpVc3TgOwyYkY5PD,spotify:track:2Rul6QdpVc3TgOwyYkY5PD
0Sfb4b6HnLjDXaqXgJjCkM,Circular,Dismantled,https://open.spotify.com/track/0Sfb4b6HnLjDXaqXgJjCkM,spotify:track:0Sfb4b6HnLjDXaqXgJjCkM
6BwjqKGZBMEcwjY5gs0zqg,Hypersleep,Dismantled,https://open.spotify.com/track/6BwjqKGZBMEcwjY5gs0zqg,spotify:track:6BwjqKGZBMEcwjY5gs0zqg
0MjMS8Cvxj3KlsLheMLWqS,"Armed And Ready",Dismantled,https://open.spotify.com/track/0MjMS8Cvxj3KlsLheMLWqS,spotify:track:0MjMS8Cvxj3KlsLheMLWqS
3b7MN0C5FlJFtb6DV7Gjjw,Backwards,Dismantled,https://open.spotify.com/track/3b7MN0C5FlJFtb6DV7Gjjw,spotify:track:3b7MN0C5FlJFtb6DV7Gjjw
0Umjsm1MBA45MfJj6YvyUz,"The Swarm",Dismantled,https://open.spotify.com/track/0Umjsm1MBA45MfJj6YvyUz,spotify:track:0Umjsm1MBA45MfJj6YvyUz
5A2ilmWNMTIpJgaJ25O5Ka,"Had A Life",Dismantled,https://open.spotify.com/track/5A2ilmWNMTIpJgaJ25O5Ka,spotify:track:5A2ilmWNMTIpJgaJ25O5Ka
0Ok7Gfjy15NjQQUrAJO4xZ,Insecthead,Dismantled,https://open.spotify.com/track/0Ok7Gfjy15NjQQUrAJO4xZ,spotify:track:0Ok7Gfjy15NjQQUrAJO4xZ
2BUb9KdCYOtPUGSz2wsKYd,"All The Love In The World","Nine Inch Nails",https://open.spotify.com/track/2BUb9KdCYOtPUGSz2wsKYd,spotify:track:2BUb9KdCYOtPUGSz2wsKYd
4Hs5Fu5fHNPwHvKAiUXotu,"You Know What You Are?","Nine Inch Nails",https://open.spotify.com/track/4Hs5Fu5fHNPwHvKAiUXotu,spotify:track:4Hs5Fu5fHNPwHvKAiUXotu
74a9wwkQvx2jxu8JcReK08,"The Collector","Nine Inch Nails",https://open.spotify.com/track/74a9wwkQvx2jxu8JcReK08,spotify:track:74a9wwkQvx2jxu8JcReK08
5ugzDiilhy6ILKmKfhEzd7,"The Hand That Feeds","Nine Inch Nails",https://open.spotify.com/track/5ugzDiilhy6ILKmKfhEzd7,spotify:track:5ugzDiilhy6ILKmKfhEzd7
0ypg59NyOVCpWVzd0SUsT5,"Every Day Is Exactly The Same","Nine Inch Nails",https://open.spotify.com/track/0ypg59NyOVCpWVzd0SUsT5,spotify:track:0ypg59NyOVCpWVzd0SUsT5
0m1DJ5Jkv3kdnGrcZsJFmC,Only,"Nine Inch Nails",https://open.spotify.com/track/0m1DJ5Jkv3kdnGrcZsJFmC,spotify:track:0m1DJ5Jkv3kdnGrcZsJFmC
7K4agN9Ul3LX0jbC2UxcYs,"Getting Smaller","Nine Inch Nails",https://open.spotify.com/track/7K4agN9Ul3LX0jbC2UxcYs,spotify:track:7K4agN9Ul3LX0jbC2UxcYs
33Po4wZNmlLhd5VJTkA0RC,"The Line Begins To Blur","Nine Inch Nails",https://open.spotify.com/track/33Po4wZNmlLhd5VJTkA0RC,spotify:track:33Po4wZNmlLhd5VJTkA0RC
6j0Q06QmlWdd8xlS8NrOhl,"Head Like A Hole","Nine Inch Nails",https://open.spotify.com/track/6j0Q06QmlWdd8xlS8NrOhl,spotify:track:6j0Q06QmlWdd8xlS8NrOhl
55BRo8RYC2Kge75UXI1oYe,"Terrible Lie","Nine Inch Nails",https://open.spotify.com/track/55BRo8RYC2Kge75UXI1oYe,spotify:track:55BRo8RYC2Kge75UXI1oYe
3wLyeM7EVwyWNVuLnSDjeJ,"Down In It","Nine Inch Nails",https://open.spotify.com/track/3wLyeM7EVwyWNVuLnSDjeJ,spotify:track:3wLyeM7EVwyWNVuLnSDjeJ
5ECySGXI4N8MCv6jf7HU9n,"Copy of a","Nine Inch Nails",https://open.spotify.com/track/5ECySGXI4N8MCv6jf7HU9n,spotify:track:5ECySGXI4N8MCv6jf7HU9n
0jem8KSDqhiOoIWIqrJZbI,"Came Back Haunted","Nine Inch Nails",https://open.spotify.com/track/0jem8KSDqhiOoIWIqrJZbI,spotify:track:0jem8KSDqhiOoIWIqrJZbI
6I24Xy88JD96TpC1zInwhj,Closer,"Nine Inch Nails",https://open.spotify.com/track/6I24Xy88JD96TpC1zInwhj,spotify:track:6I24Xy88JD96TpC1zInwhj
6PLLzSQEx444MY7Gp53PSa,"All Time Low","Nine Inch Nails",https://open.spotify.com/track/6PLLzSQEx444MY7Gp53PSa,spotify:track:6PLLzSQEx444MY7Gp53PSa
0P8yfWvDPk3sqfod1kySRu,Satellite,"Nine Inch Nails",https://open.spotify.com/track/0P8yfWvDPk3sqfod1kySRu,spotify:track:0P8yfWvDPk3sqfod1kySRu
3vr8V1JkwLR3XQYaaPzSmK,"In Two","Nine Inch Nails",https://open.spotify.com/track/3vr8V1JkwLR3XQYaaPzSmK,spotify:track:3vr8V1JkwLR3XQYaaPzSmK
6m44QcsdbzCOL1Gacaxo8N,"Mr. Self Destruct","Nine Inch Nails",https://open.spotify.com/track/6m44QcsdbzCOL1Gacaxo8N,spotify:track:6m44QcsdbzCOL1Gacaxo8N
2U6XVpYnXEIbHodzlRYweB,Piggy,"Nine Inch Nails",https://open.spotify.com/track/2U6XVpYnXEIbHodzlRYweB,spotify:track:2U6XVpYnXEIbHodzlRYweB
6pzLYIFvcV5w3ePpGIIyqw,Heresy,"Nine Inch Nails",https://open.spotify.com/track/6pzLYIFvcV5w3ePpGIIyqw,spotify:track:6pzLYIFvcV5w3ePpGIIyqw
4iBgmqQ0cPGyRPGMyySiaB,"March Of The Pigs","Nine Inch Nails",https://open.spotify.com/track/4iBgmqQ0cPGyRPGMyySiaB,spotify:track:4iBgmqQ0cPGyRPGMyySiaB
5mc6EyF1OIEOhAkD0Gg9Lc,Closer,"Nine Inch Nails",https://open.spotify.com/track/5mc6EyF1OIEOhAkD0Gg9Lc,spotify:track:5mc6EyF1OIEOhAkD0Gg9Lc
0KIwLmhPmSJNHWJjCRBhd9,Ruiner,"Nine Inch Nails",https://open.spotify.com/track/0KIwLmhPmSJNHWJjCRBhd9,spotify:track:0KIwLmhPmSJNHWJjCRBhd9
2Ci4G7UQsI3CzhZTgF6jYF,"The Becoming","Nine Inch Nails",https://open.spotify.com/track/2Ci4G7UQsI3CzhZTgF6jYF,spotify:track:2Ci4G7UQsI3CzhZTgF6jYF
7BHOCLm5ZYpbOB1nVjAj2i,"I Do Not Want This","Nine Inch Nails",https://open.spotify.com/track/7BHOCLm5ZYpbOB1nVjAj2i,spotify:track:7BHOCLm5ZYpbOB1nVjAj2i
44RkSiqtWOJf16XkJbHJ39,"Big Man With A Gun","Nine Inch Nails",https://open.spotify.com/track/44RkSiqtWOJf16XkJbHJ39,spotify:track:44RkSiqtWOJf16XkJbHJ39
1Rn5TLiCpbtZLlXCUel5Ge,Reptile,"Nine Inch Nails",https://open.spotify.com/track/1Rn5TLiCpbtZLlXCUel5Ge,spotify:track:1Rn5TLiCpbtZLlXCUel5Ge
06E2wdQZkuZCErWNK26l0U,Hurt,"Nine Inch Nails",https://open.spotify.com/track/06E2wdQZkuZCErWNK26l0U,spotify:track:06E2wdQZkuZCErWNK26l0U
2oDqmfa2g8W893LlwJG1qu,Closer,"Nine Inch Nails",https://open.spotify.com/track/2oDqmfa2g8W893LlwJG1qu,spotify:track:2oDqmfa2g8W893LlwJG1qu
3ckd4YA4LcD3j50rfIVwUe,"Head Like A Hole","Nine Inch Nails",https://open.spotify.com/track/3ckd4YA4LcD3j50rfIVwUe,spotify:track:3ckd4YA4LcD3j50rfIVwUe
14tKBoKXxGakkoEmYuFfor,"The Perfect Drug","Nine Inch Nails",https://open.spotify.com/track/14tKBoKXxGakkoEmYuFfor,spotify:track:14tKBoKXxGakkoEmYuFfor
3aN2V18W3EiW7eg5tHALpF,"We're In This Together","Nine Inch Nails",https://open.spotify.com/track/3aN2V18W3EiW7eg5tHALpF,spotify:track:3aN2V18W3EiW7eg5tHALpF
0XfNjyJcb7d2ZAscVM4K7J,Wish,"Nine Inch Nails",https://open.spotify.com/track/0XfNjyJcb7d2ZAscVM4K7J,spotify:track:0XfNjyJcb7d2ZAscVM4K7J
0yUyPe5c1o5cCyV7aJkz6F,"Somewhat Damaged","Nine Inch Nails",https://open.spotify.com/track/0yUyPe5c1o5cCyV7aJkz6F,spotify:track:0yUyPe5c1o5cCyV7aJkz6F
44sz0rNbTA687rs9CYi0IN,"The Day The World Went Away","Nine Inch Nails",https://open.spotify.com/track/44sz0rNbTA687rs9CYi0IN,spotify:track:44sz0rNbTA687rs9CYi0IN
0f23gGmTozARE1nllTlNlN,"The Frail","Nine Inch Nails",https://open.spotify.com/track/0f23gGmTozARE1nllTlNlN,spotify:track:0f23gGmTozARE1nllTlNlN
75Ds4Zq9dfMgS0BypKrQNN,"The Wretched","Nine Inch Nails",https://open.spotify.com/track/75Ds4Zq9dfMgS0BypKrQNN,spotify:track:75Ds4Zq9dfMgS0BypKrQNN
3aN2V18W3EiW7eg5tHALpF,"We're In This Together","Nine Inch Nails",https://open.spotify.com/track/3aN2V18W3EiW7eg5tHALpF,spotify:track:3aN2V18W3EiW7eg5tHALpF
0MKeZp4SppjBqwoprLxV5u,"The Fragile","Nine Inch Nails",https://open.spotify.com/track/0MKeZp4SppjBqwoprLxV5u,spotify:track:0MKeZp4SppjBqwoprLxV5u
184ImITRjcX2h1awZ4WVT1,"Just Like You Imagined","Nine Inch Nails",https://open.spotify.com/track/184ImITRjcX2h1awZ4WVT1,spotify:track:184ImITRjcX2h1awZ4WVT1
0PzeNRVeNKBKW5KEJwboiy,"Even Deeper","Nine Inch Nails",https://open.spotify.com/track/0PzeNRVeNKBKW5KEJwboiy,spotify:track:0PzeNRVeNKBKW5KEJwboiy
5A560HwQAgEC2ta48xKfJ3,Pilgrimage,"Nine Inch Nails",https://open.spotify.com/track/5A560HwQAgEC2ta48xKfJ3,spotify:track:5A560HwQAgEC2ta48xKfJ3
70gH71Zh5NQCBFPp0C434B,"No, You Don't","Nine Inch Nails",https://open.spotify.com/track/70gH71Zh5NQCBFPp0C434B,spotify:track:70gH71Zh5NQCBFPp0C434B
7oI8v7Y0E1RQRvtv8zvPaC,"La Mer","Nine Inch Nails",https://open.spotify.com/track/7oI8v7Y0E1RQRvtv8zvPaC,spotify:track:7oI8v7Y0E1RQRvtv8zvPaC
7LBWAib31Cthfz2KoI611Z,"The Great Below","Nine Inch Nails",https://open.spotify.com/track/7LBWAib31Cthfz2KoI611Z,spotify:track:7LBWAib31Cthfz2KoI611Z
4sAwN7w0Gs5bJ8BHcp7fmO,"The Way Out Is Through","Nine Inch Nails",https://open.spotify.com/track/4sAwN7w0Gs5bJ8BHcp7fmO,spotify:track:4sAwN7w0Gs5bJ8BHcp7fmO
55Ilqi0tkzElAOqDPixuDU,"Into The Void","Nine Inch Nails",https://open.spotify.com/track/55Ilqi0tkzElAOqDPixuDU,spotify:track:55Ilqi0tkzElAOqDPixuDU
3igeWkfoyimX5hfD3DbpER,"Where Is Everybody?","Nine Inch Nails",https://open.spotify.com/track/3igeWkfoyimX5hfD3DbpER,spotify:track:3igeWkfoyimX5hfD3DbpER
3PZz2vAQq0i6nmL2BMD2Pp,"The Mark Has Been Made","Nine Inch Nails",https://open.spotify.com/track/3PZz2vAQq0i6nmL2BMD2Pp,spotify:track:3PZz2vAQq0i6nmL2BMD2Pp
5Vvh2QYkwuDCSdf4xOJZKP,Please,"Nine Inch Nails",https://open.spotify.com/track/5Vvh2QYkwuDCSdf4xOJZKP,spotify:track:5Vvh2QYkwuDCSdf4xOJZKP
5RxKqRKJva5ZcVa0ltdxuX,"Starfuckers, Inc.","Nine Inch Nails",https://open.spotify.com/track/5RxKqRKJva5ZcVa0ltdxuX,spotify:track:5RxKqRKJva5ZcVa0ltdxuX
1FJUFWBAKv5CitlZMPVFX3,Complication,"Nine Inch Nails",https://open.spotify.com/track/1FJUFWBAKv5CitlZMPVFX3,spotify:track:1FJUFWBAKv5CitlZMPVFX3
7hZ59R6Kg7oV5WEmpPFC64,"I'm Looking Forward To Joining You, Finally","Nine Inch Nails",https://open.spotify.com/track/7hZ59R6Kg7oV5WEmpPFC64,spotify:track:7hZ59R6Kg7oV5WEmpPFC64
3cl42VFcRop14wAduvSeaH,"The Big Come Down","Nine Inch Nails",https://open.spotify.com/track/3cl42VFcRop14wAduvSeaH,spotify:track:3cl42VFcRop14wAduvSeaH
1yoMPp0IbEcHGgeHa9zjVK,"Underneath It All","Nine Inch Nails",https://open.spotify.com/track/1yoMPp0IbEcHGgeHa9zjVK,spotify:track:1yoMPp0IbEcHGgeHa9zjVK
5OBdXi74CMvaa5bqsiHess,"Ripe (With Decay)","Nine Inch Nails",https://open.spotify.com/track/5OBdXi74CMvaa5bqsiHess,spotify:track:5OBdXi74CMvaa5bqsiHess
5x3G5K6rWz2MEHjBTvWQiI,"Welcome To The Suicide",Blutengel,https://open.spotify.com/track/5x3G5K6rWz2MEHjBTvWQiI,spotify:track:5x3G5K6rWz2MEHjBTvWQiI
3CxclDnOCN9YEZ1uK2uIHi,Seelenschmerz,Blutengel,https://open.spotify.com/track/3CxclDnOCN9YEZ1uK2uIHi,spotify:track:3CxclDnOCN9YEZ1uK2uIHi
1CC6U0pVPDOJ4nbi273Vc5,"Im Dying Alone",Blutengel,https://open.spotify.com/track/1CC6U0pVPDOJ4nbi273Vc5,spotify:track:1CC6U0pVPDOJ4nbi273Vc5
5brcEmVI4f9LJ1plsmNeTU,"Der Spiegel",Blutengel,https://open.spotify.com/track/5brcEmVI4f9LJ1plsmNeTU,spotify:track:5brcEmVI4f9LJ1plsmNeTU
1BrI84fP7BFOQfetuiwvYR,"Die With You",Blutengel,https://open.spotify.com/track/1BrI84fP7BFOQfetuiwvYR,spotify:track:1BrI84fP7BFOQfetuiwvYR
3NVDRQM1avPB1AIULF3rIU,"Run Away",Blutengel,https://open.spotify.com/track/3NVDRQM1avPB1AIULF3rIU,spotify:track:3NVDRQM1avPB1AIULF3rIU
1lobcT9lUDKbEKSSJM3Sub,"Soul Of Ice",Blutengel,https://open.spotify.com/track/1lobcT9lUDKbEKSSJM3Sub,spotify:track:1lobcT9lUDKbEKSSJM3Sub
6svxovzPLLd9Xi8xwBon8R,"Schmerz 2 - Lust",Blutengel,https://open.spotify.com/track/6svxovzPLLd9Xi8xwBon8R,spotify:track:6svxovzPLLd9Xi8xwBon8R
1wgvou9Jvfs941aTTPBpOs,"Bloody Pleasures",Blutengel,https://open.spotify.com/track/1wgvou9Jvfs941aTTPBpOs,spotify:track:1wgvou9Jvfs941aTTPBpOs
6bTIXeF5mD2ehZJH4CflWj,"Children Of The Night",Blutengel,https://open.spotify.com/track/6bTIXeF5mD2ehZJH4CflWj,spotify:track:6bTIXeF5mD2ehZJH4CflWj
6uirO7FfRS97cy32l3Ksy0,"Schmerz 3 - Einsamkeit",Blutengel,https://open.spotify.com/track/6uirO7FfRS97cy32l3Ksy0,spotify:track:6uirO7FfRS97cy32l3Ksy0
6wwnViHAMZrDe7RTBro3Ee,"Any Chance?",Blutengel,https://open.spotify.com/track/6wwnViHAMZrDe7RTBro3Ee,spotify:track:6wwnViHAMZrDe7RTBro3Ee
4beK8RA0cohIE7HhtinVOo,"Road To Hell",Blutengel,https://open.spotify.com/track/4beK8RA0cohIE7HhtinVOo,spotify:track:4beK8RA0cohIE7HhtinVOo
4k95ZvsjVT8ruLqp1G89Fn,"Schmerz 4 - Tod",Blutengel,https://open.spotify.com/track/4k95ZvsjVT8ruLqp1G89Fn,spotify:track:4k95ZvsjVT8ruLqp1G89Fn
5ZuTCh13OaI1oxvOztXew4,"After Death",Blutengel,https://open.spotify.com/track/5ZuTCh13OaI1oxvOztXew4,spotify:track:5ZuTCh13OaI1oxvOztXew4
7DixIEPAk8cyMeOtDG45XT,Käfigseele,"Stillste Stund",https://open.spotify.com/track/7DixIEPAk8cyMeOtDG45XT,spotify:track:7DixIEPAk8cyMeOtDG45XT
20MR0DRBCmMRwjF6y3xYoQ,"Viktor (Von Rosen Und Nekrosen)","Stillste Stund",https://open.spotify.com/track/20MR0DRBCmMRwjF6y3xYoQ,spotify:track:20MR0DRBCmMRwjF6y3xYoQ
1IgLir1T6C9HPFL1jeRxeH,"Alice III (Schwesterherz)","Stillste Stund",https://open.spotify.com/track/1IgLir1T6C9HPFL1jeRxeH,spotify:track:1IgLir1T6C9HPFL1jeRxeH
6kDzUooflafJgasZFWk2fs,Tiefenritt,"Stillste Stund",https://open.spotify.com/track/6kDzUooflafJgasZFWk2fs,spotify:track:6kDzUooflafJgasZFWk2fs
2WZ6tePNTKWa0HSIga59T6,Kammerspiel,"Stillste Stund",https://open.spotify.com/track/2WZ6tePNTKWa0HSIga59T6,spotify:track:2WZ6tePNTKWa0HSIga59T6
19vnXFeVjupE16Q7Iv9usD,Sternenwacht,"Stillste Stund",https://open.spotify.com/track/19vnXFeVjupE16Q7Iv9usD,spotify:track:19vnXFeVjupE16Q7Iv9usD
4lZJWP0gBr3fejULBTFeMO,"Speichel, Laub Und Saitenspiel","Stillste Stund",https://open.spotify.com/track/4lZJWP0gBr3fejULBTFeMO,spotify:track:4lZJWP0gBr3fejULBTFeMO
2BlP6yBwTJljNJJ23K505P,"Heidnisch Barbastella","Stillste Stund",https://open.spotify.com/track/2BlP6yBwTJljNJJ23K505P,spotify:track:2BlP6yBwTJljNJJ23K505P
7JiSktyMA6VQTYCiETOb9E,"Marsch in Unschärfe Verlorener","Stillste Stund",https://open.spotify.com/track/7JiSktyMA6VQTYCiETOb9E,spotify:track:7JiSktyMA6VQTYCiETOb9E
4XBK9A8abdg7GU9DrFgWoX,"Die Hure Babylon","Stillste Stund",https://open.spotify.com/track/4XBK9A8abdg7GU9DrFgWoX,spotify:track:4XBK9A8abdg7GU9DrFgWoX
0Nx6bxPLdz9G2SMLb68wtW,"Licht Frisst Stille, Schwarz Frisst Licht","Stillste Stund",https://open.spotify.com/track/0Nx6bxPLdz9G2SMLb68wtW,spotify:track:0Nx6bxPLdz9G2SMLb68wtW
2nkwiN9NqO5C5SAB8IyxBS,"Multiple Spiegelwelt (Prolog)","Stillste Stund",https://open.spotify.com/track/2nkwiN9NqO5C5SAB8IyxBS,spotify:track:2nkwiN9NqO5C5SAB8IyxBS
3hdna7e2U5fQOZhleEnMrm,"Alice (Der Spiegeltanz) - Remastered","Stillste Stund",https://open.spotify.com/track/3hdna7e2U5fQOZhleEnMrm,spotify:track:3hdna7e2U5fQOZhleEnMrm
2p3L3gtvyWRhVZ3lTHr1vW,"Dissoziatives Wunderland (Zwischenspiel I)","Stillste Stund",https://open.spotify.com/track/2p3L3gtvyWRhVZ3lTHr1vW,spotify:track:2p3L3gtvyWRhVZ3lTHr1vW
3QeOZtAcuk9VxpZbWYSOUY,"Alice II (Nie Allein Mit Dir) - Ungekürzte Version","Stillste Stund",https://open.spotify.com/track/3QeOZtAcuk9VxpZbWYSOUY,spotify:track:3QeOZtAcuk9VxpZbWYSOUY
3x0S6XBCy8mlLfebv4qkbj,"Diffuse Leibhaft (Zwischenspiel II)","Stillste Stund",https://open.spotify.com/track/3x0S6XBCy8mlLfebv4qkbj,spotify:track:3x0S6XBCy8mlLfebv4qkbj
5WS0AfnPqZug8uVxB4kjrW,"Alice III (Schwesterherz) - Ungekürzte Version","Stillste Stund",https://open.spotify.com/track/5WS0AfnPqZug8uVxB4kjrW,spotify:track:5WS0AfnPqZug8uVxB4kjrW
3POHiI1wrK7e0b46hUN237,"Präfinales Schattenwerk (Epilog)","Stillste Stund",https://open.spotify.com/track/3POHiI1wrK7e0b46hUN237,spotify:track:3POHiI1wrK7e0b46hUN237
16rUJpqylCYHVXXiXt21lF,"Letzte Führung","Stillste Stund",https://open.spotify.com/track/16rUJpqylCYHVXXiXt21lF,spotify:track:16rUJpqylCYHVXXiXt21lF
6fULIKPk0e4qFXuuFshhNz,"Nekrolog A. (Lesung)","Stillste Stund",https://open.spotify.com/track/6fULIKPk0e4qFXuuFshhNz,spotify:track:6fULIKPk0e4qFXuuFshhNz
5oJWsSdhy7GFoNuQjACLTm,"Alice III (Das Ich-Remix)","Stillste Stund",https://open.spotify.com/track/5oJWsSdhy7GFoNuQjACLTm,spotify:track:5oJWsSdhy7GFoNuQjACLTm
6emmqZsaZgYRXTxXILIxsz,"Schwarzes Loch","Black Heaven",https://open.spotify.com/track/6emmqZsaZgYRXTxXILIxsz,spotify:track:6emmqZsaZgYRXTxXILIxsz
72KKDK8sjw73qYW0VMODbR,Babylon,"Black Heaven",https://open.spotify.com/track/72KKDK8sjw73qYW0VMODbR,spotify:track:72KKDK8sjw73qYW0VMODbR
41rdIqgkeBiyOPgPX56PyK,"Durch Leere Strassen","Black Heaven",https://open.spotify.com/track/41rdIqgkeBiyOPgPX56PyK,spotify:track:41rdIqgkeBiyOPgPX56PyK
3pdEzJUzOpAZjkHculEJqI,"Kein Zurück","Black Heaven",https://open.spotify.com/track/3pdEzJUzOpAZjkHculEJqI,spotify:track:3pdEzJUzOpAZjkHculEJqI
3E3fXuQ7UhjzDEM5swrRR2,"Dieser Weg","Black Heaven",https://open.spotify.com/track/3E3fXuQ7UhjzDEM5swrRR2,spotify:track:3E3fXuQ7UhjzDEM5swrRR2
4SCuN8kyeKx62MftsIQOfm,"Zweite Sonne","Black Heaven",https://open.spotify.com/track/4SCuN8kyeKx62MftsIQOfm,spotify:track:4SCuN8kyeKx62MftsIQOfm
2bPn3i2H4XoE5IaiSoskQQ,Kunstwerk,"Black Heaven",https://open.spotify.com/track/2bPn3i2H4XoE5IaiSoskQQ,spotify:track:2bPn3i2H4XoE5IaiSoskQQ
1mUTJGuGniyd04V49MaVr9,Zentrum,"Black Heaven",https://open.spotify.com/track/1mUTJGuGniyd04V49MaVr9,spotify:track:1mUTJGuGniyd04V49MaVr9
6yHVz9QH5xUWZpywol2Bzd,"Aus Gold","Black Heaven",https://open.spotify.com/track/6yHVz9QH5xUWZpywol2Bzd,spotify:track:6yHVz9QH5xUWZpywol2Bzd
0TAjP2banSOFqTp3SRS7cu,Tansania,"Black Heaven",https://open.spotify.com/track/0TAjP2banSOFqTp3SRS7cu,spotify:track:0TAjP2banSOFqTp3SRS7cu
61z9zW9IxC26aAYPMqDsQT,"Ein Dämon","Black Heaven",https://open.spotify.com/track/61z9zW9IxC26aAYPMqDsQT,spotify:track:61z9zW9IxC26aAYPMqDsQT
6CEgCqLsHr1cRu5S9ilijN,"Aus Der Stille","Black Heaven",https://open.spotify.com/track/6CEgCqLsHr1cRu5S9ilijN,spotify:track:6CEgCqLsHr1cRu5S9ilijN
5DShOygej9orRHtEnSsXfF,Epilog,"Black Heaven",https://open.spotify.com/track/5DShOygej9orRHtEnSsXfF,spotify:track:5DShOygej9orRHtEnSsXfF
0wmDW4TKS2wsHVpHa2bopF,"In deinen Augen","Black Heaven",https://open.spotify.com/track/0wmDW4TKS2wsHVpHa2bopF,spotify:track:0wmDW4TKS2wsHVpHa2bopF
1EWCqFdSLTJyhCb3o1ggmT,Trugbild,"Black Heaven",https://open.spotify.com/track/1EWCqFdSLTJyhCb3o1ggmT,spotify:track:1EWCqFdSLTJyhCb3o1ggmT
6rlUOgHmMbEs2mL5w1MUmA,Horizont,"Black Heaven",https://open.spotify.com/track/6rlUOgHmMbEs2mL5w1MUmA,spotify:track:6rlUOgHmMbEs2mL5w1MUmA
46CbPXlnkGa9YZU4lY37P7,"Ohne Zeit","Black Heaven",https://open.spotify.com/track/46CbPXlnkGa9YZU4lY37P7,spotify:track:46CbPXlnkGa9YZU4lY37P7
5RdgzOUZqCvmBujjdbmrO2,"Natur und Kunst","Black Heaven",https://open.spotify.com/track/5RdgzOUZqCvmBujjdbmrO2,spotify:track:5RdgzOUZqCvmBujjdbmrO2
3lyfoNlDgM2QEUw1JLjonf,"Der alte Mann","Black Heaven",https://open.spotify.com/track/3lyfoNlDgM2QEUw1JLjonf,spotify:track:3lyfoNlDgM2QEUw1JLjonf
3sjWBI6FEQFQXVtPKZaTUQ,"Im Regen","Black Heaven",https://open.spotify.com/track/3sjWBI6FEQFQXVtPKZaTUQ,spotify:track:3sjWBI6FEQFQXVtPKZaTUQ
5HyTCaoIbUpBFQ5gNpeQCO,Schmerz,"Black Heaven",https://open.spotify.com/track/5HyTCaoIbUpBFQ5gNpeQCO,spotify:track:5HyTCaoIbUpBFQ5gNpeQCO
12qJN15ubX9df00JFCvglb,Niemand,"Black Heaven",https://open.spotify.com/track/12qJN15ubX9df00JFCvglb,spotify:track:12qJN15ubX9df00JFCvglb
5Iw7JgRRoCctUujef0DRSW,"In deinen Augen - Alternative Version","Black Heaven",https://open.spotify.com/track/5Iw7JgRRoCctUujef0DRSW,spotify:track:5Iw7JgRRoCctUujef0DRSW
0FOO3pkKY3IUKO2EWCvxE1,"Schmerz - Alternative Version","Black Heaven",https://open.spotify.com/track/0FOO3pkKY3IUKO2EWCvxE1,spotify:track:0FOO3pkKY3IUKO2EWCvxE1
5wIZM2pHLFwgFKHPnFJwV7,"Schwarze Rosen","Black Heaven,Mantus",https://open.spotify.com/track/5wIZM2pHLFwgFKHPnFJwV7,spotify:track:5wIZM2pHLFwgFKHPnFJwV7
5bNJgs4wkdSzsQ5GUn4oI5,"Ein Hauch von Wirklichkeit","Black Heaven,Mantus",https://open.spotify.com/track/5bNJgs4wkdSzsQ5GUn4oI5,spotify:track:5bNJgs4wkdSzsQ5GUn4oI5
1cKdWo9mSJG8VkNWxO0c7y,"Herr der Welt","Black Heaven,Mantus",https://open.spotify.com/track/1cKdWo9mSJG8VkNWxO0c7y,spotify:track:1cKdWo9mSJG8VkNWxO0c7y
54tZ7SX3Lh6GT1PbnerLdj,"Kleiner Engel flügellos","Black Heaven,Mantus",https://open.spotify.com/track/54tZ7SX3Lh6GT1PbnerLdj,spotify:track:54tZ7SX3Lh6GT1PbnerLdj
7lpgPOQvMizafsPcytnxZa,Phönix,"Black Heaven,Mantus",https://open.spotify.com/track/7lpgPOQvMizafsPcytnxZa,spotify:track:7lpgPOQvMizafsPcytnxZa
1XMjlJyAhTdmYDxzU3UuXi,"Stummes Gebet","Black Heaven,Mantus",https://open.spotify.com/track/1XMjlJyAhTdmYDxzU3UuXi,spotify:track:1XMjlJyAhTdmYDxzU3UuXi
0fX7PsGApnIfmXo5AyXkGG,"Die Letzten der Welt","Black Heaven,Mantus",https://open.spotify.com/track/0fX7PsGApnIfmXo5AyXkGG,spotify:track:0fX7PsGApnIfmXo5AyXkGG
6JBXutPJN4xl6fgTLd5uO2,"In This Together - Flipside Club Mix","Apoptygma Berzerk,Flipside",https://open.spotify.com/track/6JBXutPJN4xl6fgTLd5uO2,spotify:track:6JBXutPJN4xl6fgTLd5uO2
462JUWclhs1cTQJyqvL9sp,"Weight Of The World","Apoptygma Berzerk",https://open.spotify.com/track/462JUWclhs1cTQJyqvL9sp,spotify:track:462JUWclhs1cTQJyqvL9sp
519YroX2bcZ0KvdPdoUoso,"Apollo (Live On Your TV)","Apoptygma Berzerk,Benji Madden",https://open.spotify.com/track/519YroX2bcZ0KvdPdoUoso,spotify:track:519YroX2bcZ0KvdPdoUoso
1iLGThZ2aUTcv35R6avIXt,"Asleep Or Awake?","Apoptygma Berzerk",https://open.spotify.com/track/1iLGThZ2aUTcv35R6avIXt,spotify:track:1iLGThZ2aUTcv35R6avIXt
4UtCwU4hunizpCqw3vOWMw,"In This Together","Apoptygma Berzerk",https://open.spotify.com/track/4UtCwU4hunizpCqw3vOWMw,spotify:track:4UtCwU4hunizpCqw3vOWMw
1TNtYDtYKh0eKAcZa75S5m,"Love To Blame","Apoptygma Berzerk",https://open.spotify.com/track/1TNtYDtYKh0eKAcZa75S5m,spotify:track:1TNtYDtYKh0eKAcZa75S5m
7rl9CWBaD9Gyte7E7ZLcsj,"You Keep Me From Breaking Apart","Apoptygma Berzerk",https://open.spotify.com/track/7rl9CWBaD9Gyte7E7ZLcsj,spotify:track:7rl9CWBaD9Gyte7E7ZLcsj
3BDE7Pb3ds6sotSlJRMhIu,Cambodia,"Apoptygma Berzerk",https://open.spotify.com/track/3BDE7Pb3ds6sotSlJRMhIu,spotify:track:3BDE7Pb3ds6sotSlJRMhIu
33BySxtFpYx1Csy0TjCsBn,"Mercy Kill","Apoptygma Berzerk",https://open.spotify.com/track/33BySxtFpYx1Csy0TjCsBn,spotify:track:33BySxtFpYx1Csy0TjCsBn
05OXFPZR9UajeYHbMhjGhW,"Into The Unknown","Apoptygma Berzerk",https://open.spotify.com/track/05OXFPZR9UajeYHbMhjGhW,spotify:track:05OXFPZR9UajeYHbMhjGhW
5O0wCkijARoIg3685DAlJd,"Shine On","Apoptygma Berzerk",https://open.spotify.com/track/5O0wCkijARoIg3685DAlJd,spotify:track:5O0wCkijARoIg3685DAlJd
7fchKMANejRKplNRN2v75x,"Is Electronic Love To Blame?","Apoptygma Berzerk",https://open.spotify.com/track/7fchKMANejRKplNRN2v75x,spotify:track:7fchKMANejRKplNRN2v75x
2KkYkZmtundCnkmEeXhZDD,"More Serotonin... Please","Apoptygma Berzerk",https://open.spotify.com/track/2KkYkZmtundCnkmEeXhZDD,spotify:track:2KkYkZmtundCnkmEeXhZDD
2n96D7LUOLOKh2y7I8A4QB,"Suffer In Silence","Apoptygma Berzerk,Sebastian Komor",https://open.spotify.com/track/2n96D7LUOLOKh2y7I8A4QB,spotify:track:2n96D7LUOLOKh2y7I8A4QB
29AkgjitYoZnCi5VAuFsRE,"Unicorn (Duet Version)","Apoptygma Berzerk,Claudia Brücken",https://open.spotify.com/track/29AkgjitYoZnCi5VAuFsRE,spotify:track:29AkgjitYoZnCi5VAuFsRE
3zHXsywWD1eRE4KIKXGK8q,"Until The End Of The World","Apoptygma Berzerk",https://open.spotify.com/track/3zHXsywWD1eRE4KIKXGK8q,spotify:track:3zHXsywWD1eRE4KIKXGK8q
1CEoHRQcC5jw6zCUJsKCKJ,Rollergirl,"Apoptygma Berzerk",https://open.spotify.com/track/1CEoHRQcC5jw6zCUJsKCKJ,spotify:track:1CEoHRQcC5jw6zCUJsKCKJ
1wxpgZgeCyitsxldqWd1o4,"O.K. AMP - Let Me Out","Apoptygma Berzerk",https://open.spotify.com/track/1wxpgZgeCyitsxldqWd1o4,spotify:track:1wxpgZgeCyitsxldqWd1o4
7FecWIzYBtbHucTRRXqQa6,Spindizzy,"Apoptygma Berzerk",https://open.spotify.com/track/7FecWIzYBtbHucTRRXqQa6,spotify:track:7FecWIzYBtbHucTRRXqQa6
4YU21SEKpZjtGksshVTcB1,"Something I Should Know","Apoptygma Berzerk,Echo Image",https://open.spotify.com/track/4YU21SEKpZjtGksshVTcB1,spotify:track:4YU21SEKpZjtGksshVTcB1
7C5wygAhB3qkY0CiqZxjZI,Starsign,"Apoptygma Berzerk",https://open.spotify.com/track/7C5wygAhB3qkY0CiqZxjZI,spotify:track:7C5wygAhB3qkY0CiqZxjZI
215kPFTnVJfubMfKl1ySEv,Eclipse,"Apoptygma Berzerk",https://open.spotify.com/track/215kPFTnVJfubMfKl1ySEv,spotify:track:215kPFTnVJfubMfKl1ySEv
6sUXk2XinsRKYPuVJXgIzA,"Kathy's Song (Come Lie Next To Me)","Apoptygma Berzerk",https://open.spotify.com/track/6sUXk2XinsRKYPuVJXgIzA,spotify:track:6sUXk2XinsRKYPuVJXgIzA
0FM0xkltvNLejZ0rhrEI3t,"Scorch the Ground",Seabound,https://open.spotify.com/track/0FM0xkltvNLejZ0rhrEI3t,spotify:track:0FM0xkltvNLejZ0rhrEI3t
2jubyjq78ELEUt06DbGJpg,"The Promise",Seabound,https://open.spotify.com/track/2jubyjq78ELEUt06DbGJpg,spotify:track:2jubyjq78ELEUt06DbGJpg
7v3AxWykxqOm43Q9sAiYAO,Domination,Seabound,https://open.spotify.com/track/7v3AxWykxqOm43Q9sAiYAO,spotify:track:7v3AxWykxqOm43Q9sAiYAO
4BHnzna9KJWmao0EMBKVon,Castaway,Seabound,https://open.spotify.com/track/4BHnzna9KJWmao0EMBKVon,spotify:track:4BHnzna9KJWmao0EMBKVon
0d5lh10832YpTs1zX6Auqx,"October Song",Seabound,https://open.spotify.com/track/0d5lh10832YpTs1zX6Auqx,spotify:track:0d5lh10832YpTs1zX6Auqx
4V4WcqK96ll4Nh1QMrigSt,"Traitor - Extended",Seabound,https://open.spotify.com/track/4V4WcqK96ll4Nh1QMrigSt,spotify:track:4V4WcqK96ll4Nh1QMrigSt
3XXl7ZY1IkGxhwSSBH38Mw,Breathe,Seabound,https://open.spotify.com/track/3XXl7ZY1IkGxhwSSBH38Mw,spotify:track:3XXl7ZY1IkGxhwSSBH38Mw
54eKk1jUCc60Evx3ekvt1W,"Halt Mich Fest",Melotron,https://open.spotify.com/track/54eKk1jUCc60Evx3ekvt1W,spotify:track:54eKk1jUCc60Evx3ekvt1W
6y4UIxgSJ9Ja1wuDKmJpVe,Menschenfresser,Melotron,https://open.spotify.com/track/6y4UIxgSJ9Ja1wuDKmJpVe,spotify:track:6y4UIxgSJ9Ja1wuDKmJpVe
4XwRr0U8uc58yv8sIOTy4q,"Stirb Fur Mich",Melotron,https://open.spotify.com/track/4XwRr0U8uc58yv8sIOTy4q,spotify:track:4XwRr0U8uc58yv8sIOTy4q
45Pst0HaEDxT5yWgZeCSSR,"Alles Gesagt",Melotron,https://open.spotify.com/track/45Pst0HaEDxT5yWgZeCSSR,spotify:track:45Pst0HaEDxT5yWgZeCSSR
4Y73YH95NCvf2ZVZg1nsFi,"Wenn Wir Wollten",Melotron,https://open.spotify.com/track/4Y73YH95NCvf2ZVZg1nsFi,spotify:track:4Y73YH95NCvf2ZVZg1nsFi
5068vuJEENJMO9NE8uamkS,Lebenslauf,Melotron,https://open.spotify.com/track/5068vuJEENJMO9NE8uamkS,spotify:track:5068vuJEENJMO9NE8uamkS
5FTdMRNqV3gqJTAB2RUCv9,Propaganda,Melotron,https://open.spotify.com/track/5FTdMRNqV3gqJTAB2RUCv9,spotify:track:5FTdMRNqV3gqJTAB2RUCv9
1T0ZTsaFmEia0B9EjC3n5G,Griechisch/Romisch,Melotron,https://open.spotify.com/track/1T0ZTsaFmEia0B9EjC3n5G,spotify:track:1T0ZTsaFmEia0B9EjC3n5G
5fK4fqJi8tMmMIGpJsJAHX,"Glaserne Zeiten",Melotron,https://open.spotify.com/track/5fK4fqJi8tMmMIGpJsJAHX,spotify:track:5fK4fqJi8tMmMIGpJsJAHX
3MUiJiyvswRwsQj4TJJGvr,Sandstrom,Melotron,https://open.spotify.com/track/3MUiJiyvswRwsQj4TJJGvr,spotify:track:3MUiJiyvswRwsQj4TJJGvr
5qTvpEetzK7bmSkyughC1i,"Kein Problem",Melotron,https://open.spotify.com/track/5qTvpEetzK7bmSkyughC1i,spotify:track:5qTvpEetzK7bmSkyughC1i
0A2UnZmWkrk14Wa5QXAmBR,"Folge Mir Ins Licht",Melotron,https://open.spotify.com/track/0A2UnZmWkrk14Wa5QXAmBR,spotify:track:0A2UnZmWkrk14Wa5QXAmBR
10ByCvPthYsUH9ZVuwJoSN,"Der Anfang",Melotron,https://open.spotify.com/track/10ByCvPthYsUH9ZVuwJoSN,spotify:track:10ByCvPthYsUH9ZVuwJoSN
4Ex2EZ7L0QPXdnTiSfFCzM,"Der Kosmonaut",Melotron,https://open.spotify.com/track/4Ex2EZ7L0QPXdnTiSfFCzM,spotify:track:4Ex2EZ7L0QPXdnTiSfFCzM
5M2jaZtshKh1xNJmCiCw2D,"Wunsch Mich Nicht Zuruck",Melotron,https://open.spotify.com/track/5M2jaZtshKh1xNJmCiCw2D,spotify:track:5M2jaZtshKh1xNJmCiCw2D
5I78wfbWGNgfOhqHAmReC7,Erwartungen,Melotron,https://open.spotify.com/track/5I78wfbWGNgfOhqHAmReC7,spotify:track:5I78wfbWGNgfOhqHAmReC7
1e9aAVIQxoo4RsffuLnKIx,"Kein Morgen",Melotron,https://open.spotify.com/track/1e9aAVIQxoo4RsffuLnKIx,spotify:track:1e9aAVIQxoo4RsffuLnKIx
5E9KW3RhhTGbUAlu5LDyFg,Manchmal,Melotron,https://open.spotify.com/track/5E9KW3RhhTGbUAlu5LDyFg,spotify:track:5E9KW3RhhTGbUAlu5LDyFg
3DQEUcuG9oY8G2YHQi9ngf,"Shelter - Single Edit","Icon Of Coil",https://open.spotify.com/track/3DQEUcuG9oY8G2YHQi9ngf,spotify:track:3DQEUcuG9oY8G2YHQi9ngf
0n9g0p0r8WHMMuhSOoNmEo,"For Life",Seabound,https://open.spotify.com/track/0n9g0p0r8WHMMuhSOoNmEo,spotify:track:0n9g0p0r8WHMMuhSOoNmEo
05fwgPfTDg65xx4ulSQpSL,Contraband,Seabound,https://open.spotify.com/track/05fwgPfTDg65xx4ulSQpSL,spotify:track:05fwgPfTDg65xx4ulSQpSL
4m1VsAuolGmGxgO3CeMqde,"For Another Day",Seabound,https://open.spotify.com/track/4m1VsAuolGmGxgO3CeMqde,spotify:track:4m1VsAuolGmGxgO3CeMqde
28Bz813ZRTeSFUGZbTfVq1,"Liberty Rose",Seabound,https://open.spotify.com/track/28Bz813ZRTeSFUGZbTfVq1,spotify:track:28Bz813ZRTeSFUGZbTfVq1
01FA9LQ37UmM8zvSdwF1TZ,"A Grown Man",Seabound,https://open.spotify.com/track/01FA9LQ37UmM8zvSdwF1TZ,spotify:track:01FA9LQ37UmM8zvSdwF1TZ
4zW9fRaItqecFht897Fnkn,Everything,Seabound,https://open.spotify.com/track/4zW9fRaItqecFht897Fnkn,spotify:track:4zW9fRaItqecFht897Fnkn
3Q58mjn0PFaZJC1DA1dH5v,"The Escape",Seabound,https://open.spotify.com/track/3Q58mjn0PFaZJC1DA1dH5v,spotify:track:3Q58mjn0PFaZJC1DA1dH5v
1qi0vwjKJlV0fsAsPVF6cP,"Nothing But Love",Seabound,https://open.spotify.com/track/1qi0vwjKJlV0fsAsPVF6cP,spotify:track:1qi0vwjKJlV0fsAsPVF6cP
2o4E1ITwGCPoNxiMfRZdVy,"Black Feathers",Seabound,https://open.spotify.com/track/2o4E1ITwGCPoNxiMfRZdVy,spotify:track:2o4E1ITwGCPoNxiMfRZdVy
7o7QSWIDd1olpKvM7ptKMd,"When She's Hungry",Seabound,https://open.spotify.com/track/7o7QSWIDd1olpKvM7ptKMd,spotify:track:7o7QSWIDd1olpKvM7ptKMd
3h7uDr5DrhYwXFFCUWhK45,Transformer,Seabound,https://open.spotify.com/track/3h7uDr5DrhYwXFFCUWhK45,spotify:track:3h7uDr5DrhYwXFFCUWhK45
6Wi7mmcOO6Yu5ERzoih8oD,Contact,Seabound,https://open.spotify.com/track/6Wi7mmcOO6Yu5ERzoih8oD,spotify:track:6Wi7mmcOO6Yu5ERzoih8oD
2Q49GrhmOnkbSk4mFh0tCu,"Soul Diver",Seabound,https://open.spotify.com/track/2Q49GrhmOnkbSk4mFh0tCu,spotify:track:2Q49GrhmOnkbSk4mFh0tCu
6PTOfpD3VqU87nFoO2H7QW,Digital,Seabound,https://open.spotify.com/track/6PTOfpD3VqU87nFoO2H7QW,spotify:track:6PTOfpD3VqU87nFoO2H7QW
1iZTFbuGLxr7OVw0ihKWQB,"Poisonous Friend",Seabound,https://open.spotify.com/track/1iZTFbuGLxr7OVw0ihKWQB,spotify:track:1iZTFbuGLxr7OVw0ihKWQB
4ZpCuUxLHseYvx8DtMWRkM,Separation,Seabound,https://open.spotify.com/track/4ZpCuUxLHseYvx8DtMWRkM,spotify:track:4ZpCuUxLHseYvx8DtMWRkM
014aMk70LYosguAJB3afxR,Torch,Seabound,https://open.spotify.com/track/014aMk70LYosguAJB3afxR,spotify:track:014aMk70LYosguAJB3afxR
553NXwHOLPGNVQatBfQ0AM,"Go International",Seabound,https://open.spotify.com/track/553NXwHOLPGNVQatBfQ0AM,spotify:track:553NXwHOLPGNVQatBfQ0AM
3QRrq8b6iFpZ6zbVe7htze,"Watching over You",Seabound,https://open.spotify.com/track/3QRrq8b6iFpZ6zbVe7htze,spotify:track:3QRrq8b6iFpZ6zbVe7htze
77MLbzAv8FEYvfN4Z8hj7k,Icarus,Seabound,https://open.spotify.com/track/77MLbzAv8FEYvfN4Z8hj7k,spotify:track:77MLbzAv8FEYvfN4Z8hj7k
5uLdAGJqoNYKvFgrqQCFCp,Wonders,"VNV Nation",https://open.spotify.com/track/5uLdAGJqoNYKvFgrqQCFCp,spotify:track:5uLdAGJqoNYKvFgrqQCFCp
3fdaRiQSPRnF21CqcTxPRg,"When Is the Future","VNV Nation",https://open.spotify.com/track/3fdaRiQSPRnF21CqcTxPRg,spotify:track:3fdaRiQSPRnF21CqcTxPRg
3r7QVzNRToFSMzAdYX4zNa,"Only Satellites","VNV Nation",https://open.spotify.com/track/3r7QVzNRToFSMzAdYX4zNa,spotify:track:3r7QVzNRToFSMzAdYX4zNa
4GtWn0Wi0TnHYPbVmjaTVQ,Aeroscope,"VNV Nation",https://open.spotify.com/track/4GtWn0Wi0TnHYPbVmjaTVQ,spotify:track:4GtWn0Wi0TnHYPbVmjaTVQ
3ytTm0iia20PeReYx4ynQV,Defiant,"VNV Nation",https://open.spotify.com/track/3ytTm0iia20PeReYx4ynQV,spotify:track:3ytTm0iia20PeReYx4ynQV
4VJD6Oqg7pp7H7AUkkp3oa,"The Farthest Star","VNV Nation",https://open.spotify.com/track/4VJD6Oqg7pp7H7AUkkp3oa,spotify:track:4VJD6Oqg7pp7H7AUkkp3oa
6epwZmnhnRTRPcdcBdtccx,Testament,"VNV Nation",https://open.spotify.com/track/6epwZmnhnRTRPcdcBdtccx,spotify:track:6epwZmnhnRTRPcdcBdtccx
7C8JfZhakV7Gz9xALVuX2o,Momentum,"VNV Nation",https://open.spotify.com/track/7C8JfZhakV7Gz9xALVuX2o,spotify:track:7C8JfZhakV7Gz9xALVuX2o
5DxW0gp4HK99iYx9mCuQQq,Nemesis,"VNV Nation",https://open.spotify.com/track/5DxW0gp4HK99iYx9mCuQQq,spotify:track:5DxW0gp4HK99iYx9mCuQQq
1hx7w7Csn4m3H9jPw60Ptp,Chrome,"VNV Nation",https://open.spotify.com/track/1hx7w7Csn4m3H9jPw60Ptp,spotify:track:1hx7w7Csn4m3H9jPw60Ptp
5c39h9ERWJTSpE79TCcAZu,Strata,"VNV Nation",https://open.spotify.com/track/5c39h9ERWJTSpE79TCcAZu,spotify:track:5c39h9ERWJTSpE79TCcAZu
0lyt26RxgGSUtcGKaxWBnh,Lightwave,"VNV Nation",https://open.spotify.com/track/0lyt26RxgGSUtcGKaxWBnh,spotify:track:0lyt26RxgGSUtcGKaxWBnh
1xly67V56WIImoKV45itZp,Perpetual,"VNV Nation",https://open.spotify.com/track/1xly67V56WIImoKV45itZp,spotify:track:1xly67V56WIImoKV45itZp
62hpfjuKLw0w8POWYeuvvL,"8 Bits",Mind.in.a.box,https://open.spotify.com/track/62hpfjuKLw0w8POWYeuvvL,spotify:track:62hpfjuKLw0w8POWYeuvvL
3kLgaag9HksRvt1HJTnbe5,Genesis,"VNV Nation",https://open.spotify.com/track/3kLgaag9HksRvt1HJTnbe5,spotify:track:3kLgaag9HksRvt1HJTnbe5
4OvyV484U9sTbeHN9Ki1Gq,Epicentre,"VNV Nation",https://open.spotify.com/track/4OvyV484U9sTbeHN9Ki1Gq,spotify:track:4OvyV484U9sTbeHN9Ki1Gq
6F3NhyiBlTtZQuc5X3GWZa,Resolution,"VNV Nation",https://open.spotify.com/track/6F3NhyiBlTtZQuc5X3GWZa,spotify:track:6F3NhyiBlTtZQuc5X3GWZa
1eB3hFkoBZHMWrCvJk6MoW,"Space & Time","VNV Nation",https://open.spotify.com/track/1eB3hFkoBZHMWrCvJk6MoW,spotify:track:1eB3hFkoBZHMWrCvJk6MoW
3sVtHABPEvuks0qbr5b24j,"Tomorrow Never Comes","VNV Nation",https://open.spotify.com/track/3sVtHABPEvuks0qbr5b24j,spotify:track:3sVtHABPEvuks0qbr5b24j
7aO14BVjYZlXJWf6k3WuD3,Darkangel,"VNV Nation",https://open.spotify.com/track/7aO14BVjYZlXJWf6k3WuD3,spotify:track:7aO14BVjYZlXJWf6k3WuD3
2ZUsCH9UeJ2D8zvZCE8RW0,"Der letzte Tanz - Tanzmix","Funker Vogt",https://open.spotify.com/track/2ZUsCH9UeJ2D8zvZCE8RW0,spotify:track:2ZUsCH9UeJ2D8zvZCE8RW0
1zyhQZpGGHVPWGaJ8Wu4U0,"Momentary Absolution","System Syn",https://open.spotify.com/track/1zyhQZpGGHVPWGaJ8Wu4U0,spotify:track:1zyhQZpGGHVPWGaJ8Wu4U0
52FW54c8RhIQ8vlJpfpUXX,Indifference,"System Syn",https://open.spotify.com/track/52FW54c8RhIQ8vlJpfpUXX,spotify:track:52FW54c8RhIQ8vlJpfpUXX
7wIS6ydzndMQuOkfL6Tgj3,"To Be Nothing","System Syn",https://open.spotify.com/track/7wIS6ydzndMQuOkfL6Tgj3,spotify:track:7wIS6ydzndMQuOkfL6Tgj3
5icFzigLHJQD4uOXZTdMvC,"Burning Out","System Syn",https://open.spotify.com/track/5icFzigLHJQD4uOXZTdMvC,spotify:track:5icFzigLHJQD4uOXZTdMvC
5eddTafkPA13LKFe6fei9U,"Into My Veins","System Syn",https://open.spotify.com/track/5eddTafkPA13LKFe6fei9U,spotify:track:5eddTafkPA13LKFe6fei9U
1s739oNIpzyM126BlnjFNh,"If You Never Heal","System Syn",https://open.spotify.com/track/1s739oNIpzyM126BlnjFNh,spotify:track:1s739oNIpzyM126BlnjFNh
6f91bLR2DYKkyvTa8erFQ9,"All The Human Things","System Syn",https://open.spotify.com/track/6f91bLR2DYKkyvTa8erFQ9,spotify:track:6f91bLR2DYKkyvTa8erFQ9
1PdrMot4gB5vDlFePnPZPG,"Start of a New Day","Pride And Fall",https://open.spotify.com/track/1PdrMot4gB5vDlFePnPZPG,spotify:track:1PdrMot4gB5vDlFePnPZPG
11w6tAg9KDDGdzW8BGkcH5,Pale,"Pride And Fall",https://open.spotify.com/track/11w6tAg9KDDGdzW8BGkcH5,spotify:track:11w6tAg9KDDGdzW8BGkcH5
7uVIVTGimCIjFkc73DgdIW,Intro,"Pride And Fall",https://open.spotify.com/track/7uVIVTGimCIjFkc73DgdIW,spotify:track:7uVIVTGimCIjFkc73DgdIW
4as6mjTJKpADOWrpj1bpFZ,"The Painful Regret","Pride And Fall",https://open.spotify.com/track/4as6mjTJKpADOWrpj1bpFZ,spotify:track:4as6mjTJKpADOWrpj1bpFZ
4ZbMa3cIJ6PsCUe5lVHQ7p,"I Wither","Pride And Fall",https://open.spotify.com/track/4ZbMa3cIJ6PsCUe5lVHQ7p,spotify:track:4ZbMa3cIJ6PsCUe5lVHQ7p
53tBsGUF5Mk3OmtbG27M2x,"The Black Gate","Pride And Fall",https://open.spotify.com/track/53tBsGUF5Mk3OmtbG27M2x,spotify:track:53tBsGUF5Mk3OmtbG27M2x
4wBNEBlkh28yK9cAcs2gzw,Adored,"Pride And Fall",https://open.spotify.com/track/4wBNEBlkh28yK9cAcs2gzw,spotify:track:4wBNEBlkh28yK9cAcs2gzw
1TCefKSbcQV5XTyOWgZVmr,"My Little","Pride And Fall",https://open.spotify.com/track/1TCefKSbcQV5XTyOWgZVmr,spotify:track:1TCefKSbcQV5XTyOWgZVmr
4ytwSrPd7GXVHH8z5Wsegm,"The Burning Faith","Pride And Fall",https://open.spotify.com/track/4ytwSrPd7GXVHH8z5Wsegm,spotify:track:4ytwSrPd7GXVHH8z5Wsegm
1MynYz17jJzQFbdZczc1Gu,"Sacred and Profane","Pride And Fall",https://open.spotify.com/track/1MynYz17jJzQFbdZczc1Gu,spotify:track:1MynYz17jJzQFbdZczc1Gu
1Ap6Y1ddmz5UAKn666oLOY,Blood,"Pride And Fall",https://open.spotify.com/track/1Ap6Y1ddmz5UAKn666oLOY,spotify:track:1Ap6Y1ddmz5UAKn666oLOY
6Fxd7mK7PqfkUnKXBvFfz2,"Free Me from My Demon","Pride And Fall",https://open.spotify.com/track/6Fxd7mK7PqfkUnKXBvFfz2,spotify:track:6Fxd7mK7PqfkUnKXBvFfz2
4ey5LxA8atIJyWTzFWmxF0,"In My Time of Dying","Pride And Fall",https://open.spotify.com/track/4ey5LxA8atIJyWTzFWmxF0,spotify:track:4ey5LxA8atIJyWTzFWmxF0
5ulrNLH9NvB84wlbR7s81x,Ineo,"Pride And Fall",https://open.spotify.com/track/5ulrNLH9NvB84wlbR7s81x,spotify:track:5ulrNLH9NvB84wlbR7s81x
0Vc1FxBuI5C24LmPJJqq2a,Retrospect,"Pride And Fall",https://open.spotify.com/track/0Vc1FxBuI5C24LmPJJqq2a,spotify:track:0Vc1FxBuI5C24LmPJJqq2a
0bodcyWcwQZ2yI9tCE2UtJ,Sacrament,"Pride And Fall",https://open.spotify.com/track/0bodcyWcwQZ2yI9tCE2UtJ,spotify:track:0bodcyWcwQZ2yI9tCE2UtJ
6f99PksY58fGKygZEwf3tw,Scarred,"Pride And Fall",https://open.spotify.com/track/6f99PksY58fGKygZEwf3tw,spotify:track:6f99PksY58fGKygZEwf3tw
7uAXbtLYRBSbej6YBi4Ujr,Border,"Pride And Fall",https://open.spotify.com/track/7uAXbtLYRBSbej6YBi4Ujr,spotify:track:7uAXbtLYRBSbej6YBi4Ujr
5wipRqv8ENt2tIV5N274QR,Pathogen,"Pride And Fall",https://open.spotify.com/track/5wipRqv8ENt2tIV5N274QR,spotify:track:5wipRqv8ENt2tIV5N274QR
0SVlWkp9RyNcXqCNkvMm87,"Elements of Silence","Pride And Fall",https://open.spotify.com/track/0SVlWkp9RyNcXqCNkvMm87,spotify:track:0SVlWkp9RyNcXqCNkvMm87
2HwLr3FerjyyOAdY4KHtkb,"The Guiding Light","Pride And Fall",https://open.spotify.com/track/2HwLr3FerjyyOAdY4KHtkb,spotify:track:2HwLr3FerjyyOAdY4KHtkb
0MSDaNwJ9cEnWIoTQ1pUXV,Ego,"Pride And Fall",https://open.spotify.com/track/0MSDaNwJ9cEnWIoTQ1pUXV,spotify:track:0MSDaNwJ9cEnWIoTQ1pUXV
2YGUZidVgTwnGxaoX6eg6X,"The Perfect Circle","Pride And Fall",https://open.spotify.com/track/2YGUZidVgTwnGxaoX6eg6X,spotify:track:2YGUZidVgTwnGxaoX6eg6X
5zap3Vx9StMGcepdWPjgkV,"Essence of Angels","Pride And Fall",https://open.spotify.com/track/5zap3Vx9StMGcepdWPjgkV,spotify:track:5zap3Vx9StMGcepdWPjgkV
2V5FrhOSriC4bP5SM8UtR3,"The Approach","Pride And Fall",https://open.spotify.com/track/2V5FrhOSriC4bP5SM8UtR3,spotify:track:2V5FrhOSriC4bP5SM8UtR3
2mm2MLPibWA7WIgL1b1USp,Inside,"Pride And Fall",https://open.spotify.com/track/2mm2MLPibWA7WIgL1b1USp,spotify:track:2mm2MLPibWA7WIgL1b1USp
6k8PIpUXeAV2i2B7KtPhXH,Paragon,"Pride And Fall",https://open.spotify.com/track/6k8PIpUXeAV2i2B7KtPhXH,spotify:track:6k8PIpUXeAV2i2B7KtPhXH
3yiwsfOLHUUkeBUx7yocAn,Matriarch,"Pride And Fall",https://open.spotify.com/track/3yiwsfOLHUUkeBUx7yocAn,spotify:track:3yiwsfOLHUUkeBUx7yocAn
3JtE0rB6N3FG45MdLtnN2G,Omniscient,"Pride And Fall",https://open.spotify.com/track/3JtE0rB6N3FG45MdLtnN2G,spotify:track:3JtE0rB6N3FG45MdLtnN2G
6soWxnpsXqgR28bgn4lrw7,December,"Pride And Fall",https://open.spotify.com/track/6soWxnpsXqgR28bgn4lrw7,spotify:track:6soWxnpsXqgR28bgn4lrw7
7I2yS99jUejstGFvCyOU9N,Construct,"Pride And Fall",https://open.spotify.com/track/7I2yS99jUejstGFvCyOU9N,spotify:track:7I2yS99jUejstGFvCyOU9N
5w2Z7G7Vd3FzPe7wbHLW3F,"Extinction Means Forever","Pride And Fall",https://open.spotify.com/track/5w2Z7G7Vd3FzPe7wbHLW3F,spotify:track:5w2Z7G7Vd3FzPe7wbHLW3F
5Rn7ZMiksU314IZhjatTca,Floorkiller,"Icon Of Coil",https://open.spotify.com/track/5Rn7ZMiksU314IZhjatTca,spotify:track:5Rn7ZMiksU314IZhjatTca
1p7WaQiCVhIqR0tgWm6Rao,Regret,"Icon Of Coil",https://open.spotify.com/track/1p7WaQiCVhIqR0tgWm6Rao,spotify:track:1p7WaQiCVhIqR0tgWm6Rao
5s0qzv2KJJpfY347iQVgJQ,Shelter,"Icon Of Coil",https://open.spotify.com/track/5s0qzv2KJJpfY347iQVgJQ,spotify:track:5s0qzv2KJJpfY347iQVgJQ
3NIZPk60YaCYz5i2NCLaVZ,"Existence In Progress","Icon Of Coil",https://open.spotify.com/track/3NIZPk60YaCYz5i2NCLaVZ,spotify:track:3NIZPk60YaCYz5i2NCLaVZ
1ngCV8TJmcHedtJfE0tX7p,"Dead Enough For Life","Icon Of Coil",https://open.spotify.com/track/1ngCV8TJmcHedtJfE0tX7p,spotify:track:1ngCV8TJmcHedtJfE0tX7p
2u2kYYihIzEvVF6Hbt4J64,"Everything Is Real?","Icon Of Coil",https://open.spotify.com/track/2u2kYYihIzEvVF6Hbt4J64,spotify:track:2u2kYYihIzEvVF6Hbt4J64
0Bo2oLYxy0Ofg4CTZ1rfqc,"Access And Amplify","Icon Of Coil",https://open.spotify.com/track/0Bo2oLYxy0Ofg4CTZ1rfqc,spotify:track:0Bo2oLYxy0Ofg4CTZ1rfqc
3n9sXphfDxaHwINgi1yKRq,"Fassade: 1. Satz",Lacrimosa,https://open.spotify.com/track/3n9sXphfDxaHwINgi1yKRq,spotify:track:3n9sXphfDxaHwINgi1yKRq
6g8xOPinaQ21Y1bLgKbWam,"Der morgen danach",Lacrimosa,https://open.spotify.com/track/6g8xOPinaQ21Y1bLgKbWam,spotify:track:6g8xOPinaQ21Y1bLgKbWam
2ecxLKlT9B6fOTtIWLSxFq,Liebesspiel,Lacrimosa,https://open.spotify.com/track/2ecxLKlT9B6fOTtIWLSxFq,spotify:track:2ecxLKlT9B6fOTtIWLSxFq
3RtxwSRYnaFAxUfp7ITlN8,"Spilling Blood","Necessary Response",https://open.spotify.com/track/3RtxwSRYnaFAxUfp7ITlN8,spotify:track:3RtxwSRYnaFAxUfp7ITlN8
0Or8IJacuj698vfW7cbFlj,Forever,"Necessary Response",https://open.spotify.com/track/0Or8IJacuj698vfW7cbFlj,spotify:track:0Or8IJacuj698vfW7cbFlj
07Jeh00dOhwof5CV2E1aPe,Vapor,"Necessary Response",https://open.spotify.com/track/07Jeh00dOhwof5CV2E1aPe,spotify:track:07Jeh00dOhwof5CV2E1aPe
2CbHn4imQnVDzWUSuPh9uz,"This Distance","Necessary Response",https://open.spotify.com/track/2CbHn4imQnVDzWUSuPh9uz,spotify:track:2CbHn4imQnVDzWUSuPh9uz
0WNbHwMkaBKkX81PbF0yIU,Tomorrow,"Necessary Response",https://open.spotify.com/track/0WNbHwMkaBKkX81PbF0yIU,spotify:track:0WNbHwMkaBKkX81PbF0yIU
2mvVuOy7aXdcqPw5c4GPyp,Devotion,"Necessary Response",https://open.spotify.com/track/2mvVuOy7aXdcqPw5c4GPyp,spotify:track:2mvVuOy7aXdcqPw5c4GPyp
16ZIqalaTsmczEmYSzodSS,Flashover,"In Strict Confidence",https://open.spotify.com/track/16ZIqalaTsmczEmYSzodSS,spotify:track:16ZIqalaTsmczEmYSzodSS
43aZNw9nHjMHG1B3vbqOB9,Mercy,"In Strict Confidence",https://open.spotify.com/track/43aZNw9nHjMHG1B3vbqOB9,spotify:track:43aZNw9nHjMHG1B3vbqOB9
67mG06FPHQnX0QHwP9iXfj,"Devil's Trident","In Strict Confidence",https://open.spotify.com/track/67mG06FPHQnX0QHwP9iXfj,spotify:track:67mG06FPHQnX0QHwP9iXfj
7Egq9T1waikj1as7UI4tWu,"All Coordinates Are Wrong","Edge Of Dawn",https://open.spotify.com/track/7Egq9T1waikj1as7UI4tWu,spotify:track:7Egq9T1waikj1as7UI4tWu
0Hv0nfvuCZfpJ3kCiWs3eb,"Black Heart","Edge Of Dawn",https://open.spotify.com/track/0Hv0nfvuCZfpJ3kCiWs3eb,spotify:track:0Hv0nfvuCZfpJ3kCiWs3eb
1YHPAJIQUKAXK4C1ebrdbQ,Damage,"Edge Of Dawn",https://open.spotify.com/track/1YHPAJIQUKAXK4C1ebrdbQ,spotify:track:1YHPAJIQUKAXK4C1ebrdbQ
0lsfripjiFKCsofwvdgjmk,"The Flight (Version)","Edge Of Dawn",https://open.spotify.com/track/0lsfripjiFKCsofwvdgjmk,spotify:track:0lsfripjiFKCsofwvdgjmk
5a1aiQAkqUcXfzHJcWNryF,"Descent (Version)","Edge Of Dawn",https://open.spotify.com/track/5a1aiQAkqUcXfzHJcWNryF,spotify:track:5a1aiQAkqUcXfzHJcWNryF
0OYSkOJAA6h5v9ehbfLPfD,"Beauty Lies Within","Edge Of Dawn",https://open.spotify.com/track/0OYSkOJAA6h5v9ehbfLPfD,spotify:track:0OYSkOJAA6h5v9ehbfLPfD
3QU8CyyMlqqiTBn6GgQz95,"Pray For Love","Edge Of Dawn",https://open.spotify.com/track/3QU8CyyMlqqiTBn6GgQz95,spotify:track:3QU8CyyMlqqiTBn6GgQz95
7LpmkrmCy0SZ4fCiw5YgRc,"Chamber Six","Edge Of Dawn",https://open.spotify.com/track/7LpmkrmCy0SZ4fCiw5YgRc,spotify:track:7LpmkrmCy0SZ4fCiw5YgRc
1fii0wyBVYw3azYzVgFUcx,"Elegance (Version)","Edge Of Dawn",https://open.spotify.com/track/1fii0wyBVYw3azYzVgFUcx,spotify:track:1fii0wyBVYw3azYzVgFUcx
6G84zQTphjBd0yWpuWRIL3,"The Nightmare I Am","Edge Of Dawn",https://open.spotify.com/track/6G84zQTphjBd0yWpuWRIL3,spotify:track:6G84zQTphjBd0yWpuWRIL3
32oPG7B0NhSpF1uc4xInFw,Isolation,"Edge Of Dawn",https://open.spotify.com/track/32oPG7B0NhSpF1uc4xInFw,spotify:track:32oPG7B0NhSpF1uc4xInFw
2NjSYMWmsPzVaBL2u3MVd1,Gedanken,Heimataerde,https://open.spotify.com/track/2NjSYMWmsPzVaBL2u3MVd1,spotify:track:2NjSYMWmsPzVaBL2u3MVd1
5FUx1AP3ZmKjQMFNcgiWy5,"Lebloser Koerper",Heimataerde,https://open.spotify.com/track/5FUx1AP3ZmKjQMFNcgiWy5,spotify:track:5FUx1AP3ZmKjQMFNcgiWy5
3zeL97JcISiPNv2hvgQGZc,"Eins Sein",Heimataerde,https://open.spotify.com/track/3zeL97JcISiPNv2hvgQGZc,spotify:track:3zeL97JcISiPNv2hvgQGZc
6GcDyWI4ybTDbFPYOECTU7,"Gott Will Es",Heimataerde,https://open.spotify.com/track/6GcDyWI4ybTDbFPYOECTU7,spotify:track:6GcDyWI4ybTDbFPYOECTU7
1ZEzRMCjapPDhYFFo6MqsK,"Morituri Salutant",Heimataerde,https://open.spotify.com/track/1ZEzRMCjapPDhYFFo6MqsK,spotify:track:1ZEzRMCjapPDhYFFo6MqsK
3iINHtpStq4PRrmjTKgya1,"Koenig von Thule",Heimataerde,https://open.spotify.com/track/3iINHtpStq4PRrmjTKgya1,spotify:track:3iINHtpStq4PRrmjTKgya1
5kFtlaqVhDM0741K9oey6B,"Dona Nobis Pacem",Heimataerde,https://open.spotify.com/track/5kFtlaqVhDM0741K9oey6B,spotify:track:5kFtlaqVhDM0741K9oey6B
3kuhbnFgrsDEUGRBm5pg1r,"Die Schlacht",Heimataerde,https://open.spotify.com/track/3kuhbnFgrsDEUGRBm5pg1r,spotify:track:3kuhbnFgrsDEUGRBm5pg1r
0YBMKGOLzy5NZbn5dsNe18,Morte,Heimataerde,https://open.spotify.com/track/0YBMKGOLzy5NZbn5dsNe18,spotify:track:0YBMKGOLzy5NZbn5dsNe18
4hyQaSKhsdLEymcOWRRFd6,Verflucht,Heimataerde,https://open.spotify.com/track/4hyQaSKhsdLEymcOWRRFd6,spotify:track:4hyQaSKhsdLEymcOWRRFd6
3mCo8gXQ6RenGW4YXlPafA,"Warum Das Leiden Lohnt",Heimataerde,https://open.spotify.com/track/3mCo8gXQ6RenGW4YXlPafA,spotify:track:3mCo8gXQ6RenGW4YXlPafA
2kQZG97cjOUIpOShw463ty,Leben,Heimataerde,https://open.spotify.com/track/2kQZG97cjOUIpOShw463ty,spotify:track:2kQZG97cjOUIpOShw463ty
3laZmjeYFmg4VstAfQOA4U,Blush,"Razed In Black",https://open.spotify.com/track/3laZmjeYFmg4VstAfQOA4U,spotify:track:3laZmjeYFmg4VstAfQOA4U
24tpqWIJBXS7ea6aJP2XH9,"Share This Poison","Razed In Black",https://open.spotify.com/track/24tpqWIJBXS7ea6aJP2XH9,spotify:track:24tpqWIJBXS7ea6aJP2XH9
1EuxnSqVfWcIc1JavKNZSS,"There Goes My Head","Razed In Black",https://open.spotify.com/track/1EuxnSqVfWcIc1JavKNZSS,spotify:track:1EuxnSqVfWcIc1JavKNZSS
7G8vaJHlsKyeSoBwOFbsUs,"I'll Damage You","Razed In Black",https://open.spotify.com/track/7G8vaJHlsKyeSoBwOFbsUs,spotify:track:7G8vaJHlsKyeSoBwOFbsUs
14746T1W9DFXuviUXusBQt,"Leave It All Behind","Razed In Black",https://open.spotify.com/track/14746T1W9DFXuviUXusBQt,spotify:track:14746T1W9DFXuviUXusBQt
4ZaOF0lH01CBNdhZaXVlUI,"Am I 2 Blame?","Razed In Black,Athan Maroulis",https://open.spotify.com/track/4ZaOF0lH01CBNdhZaXVlUI,spotify:track:4ZaOF0lH01CBNdhZaXVlUI
6jIGwo5YUKywrldlCZUCrN,Visions,"Razed In Black",https://open.spotify.com/track/6jIGwo5YUKywrldlCZUCrN,spotify:track:6jIGwo5YUKywrldlCZUCrN
07lQmbnZp49FBme3FYsVRe,"Come Back To Me","Razed In Black",https://open.spotify.com/track/07lQmbnZp49FBme3FYsVRe,spotify:track:07lQmbnZp49FBme3FYsVRe
17ZFlQMoZTxBcvHGANkuW3,Misunderstood,"Razed In Black",https://open.spotify.com/track/17ZFlQMoZTxBcvHGANkuW3,spotify:track:17ZFlQMoZTxBcvHGANkuW3
5CH3Itkw7rl95A0wnYLb9S,"My Despair","In Strict Confidence",https://open.spotify.com/track/5CH3Itkw7rl95A0wnYLb9S,spotify:track:5CH3Itkw7rl95A0wnYLb9S
4kuq71EFyKDlAz3Fol99EC,"Silver Bullets","In Strict Confidence",https://open.spotify.com/track/4kuq71EFyKDlAz3Fol99EC,spotify:track:4kuq71EFyKDlAz3Fol99EC
4enWhdlwiUJMOAdFwSulXz,"One Drop","In Strict Confidence",https://open.spotify.com/track/4enWhdlwiUJMOAdFwSulXz,spotify:track:4enWhdlwiUJMOAdFwSulXz
3LPOYnrDlvEGz6xxJW6tr1,"Set Me Free","In Strict Confidence",https://open.spotify.com/track/3LPOYnrDlvEGz6xxJW6tr1,spotify:track:3LPOYnrDlvEGz6xxJW6tr1
1SfyMmM01Ql3wXKQlj0NPS,"This Is All","In Strict Confidence",https://open.spotify.com/track/1SfyMmM01Ql3wXKQlj0NPS,spotify:track:1SfyMmM01Ql3wXKQlj0NPS
38FWu3KT1znbtyGjPHoU1L,"Snow White","In Strict Confidence",https://open.spotify.com/track/38FWu3KT1znbtyGjPHoU1L,spotify:track:38FWu3KT1znbtyGjPHoU1L
26OxtILsWtXV98tr6IyWUq,"I Surrender","In Strict Confidence",https://open.spotify.com/track/26OxtILsWtXV98tr6IyWUq,spotify:track:26OxtILsWtXV98tr6IyWUq
76O26TQ91Q2fS0NOA3exdI,"Schwarzes Licht","In Strict Confidence",https://open.spotify.com/track/76O26TQ91Q2fS0NOA3exdI,spotify:track:76O26TQ91Q2fS0NOA3exdI
6qyvnFGNhMaLQIq7bLbdwq,"Am Abgrund","In Strict Confidence",https://open.spotify.com/track/6qyvnFGNhMaLQIq7bLbdwq,spotify:track:6qyvnFGNhMaLQIq7bLbdwq
6bjdI3Ht9qRPoiKZqGbvZY,"Promised Land","In Strict Confidence",https://open.spotify.com/track/6bjdI3Ht9qRPoiKZqGbvZY,spotify:track:6bjdI3Ht9qRPoiKZqGbvZY
305YInXx8NwDVaJoLMCePf,"Forbidden Fruit","In Strict Confidence",https://open.spotify.com/track/305YInXx8NwDVaJoLMCePf,spotify:track:305YInXx8NwDVaJoLMCePf
60a7cXSznfhq8fnaoaufRy,"Fading Light","In Strict Confidence",https://open.spotify.com/track/60a7cXSznfhq8fnaoaufRy,spotify:track:60a7cXSznfhq8fnaoaufRy
6lPJkyWc0VYE5S6CQq7mEm,Wintermoon,"In Strict Confidence",https://open.spotify.com/track/6lPJkyWc0VYE5S6CQq7mEm,spotify:track:6lPJkyWc0VYE5S6CQq7mEm
1NLy0cytKc2LNbfJAJkd3S,"Manchmal Redest Du Im Schlaf","In Strict Confidence",https://open.spotify.com/track/1NLy0cytKc2LNbfJAJkd3S,spotify:track:1NLy0cytKc2LNbfJAJkd3S
36feiPKhMbIWNYS3ihe1Gi,"Away From Here","In Strict Confidence",https://open.spotify.com/track/36feiPKhMbIWNYS3ihe1Gi,spotify:track:36feiPKhMbIWNYS3ihe1Gi
104QMznFxt9GAd0MQ6Fot8,Heimataerde,Heimataerde,https://open.spotify.com/track/104QMznFxt9GAd0MQ6Fot8,spotify:track:104QMznFxt9GAd0MQ6Fot8
1xAPE6WGz2T9BEdb71zbQC,Sapphire,Lacrimosa,https://open.spotify.com/track/1xAPE6WGz2T9BEdb71zbQC,spotify:track:1xAPE6WGz2T9BEdb71zbQC
075Nq1P9w5KYx2fgN3LUMa,Morpheus,"In Strict Confidence",https://open.spotify.com/track/075Nq1P9w5KYx2fgN3LUMa,spotify:track:075Nq1P9w5KYx2fgN3LUMa
12duLiauziDgwkqBjAu242,"Set Me Free - Rhys Fulber Remix","In Strict Confidence,Rhys Fulber",https://open.spotify.com/track/12duLiauziDgwkqBjAu242,spotify:track:12duLiauziDgwkqBjAu242
1e1YipKiw8k1ftCorH1kib,"No Escape",Dismantled,https://open.spotify.com/track/1e1YipKiw8k1ftCorH1kib,spotify:track:1e1YipKiw8k1ftCorH1kib
2kIwnsAuxCputYaWWAsKft,"Kelch der Liebe",Lacrimosa,https://open.spotify.com/track/2kIwnsAuxCputYaWWAsKft,spotify:track:2kIwnsAuxCputYaWWAsKft
5qrjTiROExOJ9S0hb6nYXF,Lichtgestalt,Lacrimosa,https://open.spotify.com/track/5qrjTiROExOJ9S0hb6nYXF,spotify:track:5qrjTiROExOJ9S0hb6nYXF
5fZl1E2HRWHWuC9aob6VTY,Nachtschatten,Lacrimosa,https://open.spotify.com/track/5fZl1E2HRWHWuC9aob6VTY,spotify:track:5fZl1E2HRWHWuC9aob6VTY
2dmB1SS5eo4mhZ0ScR53O1,"My Last Goodbye",Lacrimosa,https://open.spotify.com/track/2dmB1SS5eo4mhZ0ScR53O1,spotify:track:2dmB1SS5eo4mhZ0ScR53O1
4hlxyKyHWsd17E9vXrh6nK,"Letzte Ausfahrt: Leben",Lacrimosa,https://open.spotify.com/track/4hlxyKyHWsd17E9vXrh6nK,spotify:track:4hlxyKyHWsd17E9vXrh6nK
2TosmlhSqghTSXoyPSQr25,"Hohelied der Liebe",Lacrimosa,https://open.spotify.com/track/2TosmlhSqghTSXoyPSQr25,spotify:track:2TosmlhSqghTSXoyPSQr25
2PWrhogFsZj5rxYtUmOPS9,"Elegance - Version","Edge Of Dawn",https://open.spotify.com/track/2PWrhogFsZj5rxYtUmOPS9,spotify:track:2PWrhogFsZj5rxYtUmOPS9
4bOnCQJMtbUBOt88LVeYMe,Everything,Seabound,https://open.spotify.com/track/4bOnCQJMtbUBOt88LVeYMe,spotify:track:4bOnCQJMtbUBOt88LVeYMe
3bD87PRt6ffMHHAyTvRWW9,"Domination vs. Bound (Mindless Faith)","Seabound,Mindless Faith",https://open.spotify.com/track/3bD87PRt6ffMHHAyTvRWW9,spotify:track:3bD87PRt6ffMHHAyTvRWW9
43TBPzeDaR3OSxsekUDMFz,Phoenix,"Decoded Feedback",https://open.spotify.com/track/43TBPzeDaR3OSxsekUDMFz,spotify:track:43TBPzeDaR3OSxsekUDMFz
2GeYp8E6vaWf0rJcsEpbKa,"The Swarm",Dismantled,https://open.spotify.com/track/2GeYp8E6vaWf0rJcsEpbKa,spotify:track:2GeYp8E6vaWf0rJcsEpbKa
7Gj8qIQTXOlqd3eZ5xf2l5,"Thanks for Everything - Club Version",Dismantled,https://open.spotify.com/track/7Gj8qIQTXOlqd3eZ5xf2l5,spotify:track:7Gj8qIQTXOlqd3eZ5xf2l5
7qBK4JxDSVQ1GSVvzGsdVk,"Spin - Aerodrone to Dismantled Remix",Dismantled,https://open.spotify.com/track/7qBK4JxDSVQ1GSVvzGsdVk,spotify:track:7qBK4JxDSVQ1GSVvzGsdVk
5BzcXFdNWw5JyQoBSIIlSC,"The Collapse","Flesh Field",https://open.spotify.com/track/5BzcXFdNWw5JyQoBSIIlSC,spotify:track:5BzcXFdNWw5JyQoBSIIlSC
512No5uXtXbhNh7OOz03pF,Assimilate,"Skinny Puppy",https://open.spotify.com/track/512No5uXtXbhNh7OOz03pF,spotify:track:512No5uXtXbhNh7OOz03pF
1OY3V4AB64zZanzBQ4b8Z1,Worlock,"Skinny Puppy",https://open.spotify.com/track/1OY3V4AB64zZanzBQ4b8Z1,spotify:track:1OY3V4AB64zZanzBQ4b8Z1
0jZaj1P1ZWt4egiHYiK5uT,"Smothered Hope","Skinny Puppy",https://open.spotify.com/track/0jZaj1P1ZWt4egiHYiK5uT,spotify:track:0jZaj1P1ZWt4egiHYiK5uT
2zHexbWN5wO4ZX9Twh3ugI,Purity,Dismantled,https://open.spotify.com/track/2zHexbWN5wO4ZX9Twh3ugI,spotify:track:2zHexbWN5wO4ZX9Twh3ugI
6FNgNIVRF5KteMje3DHwai,Human,Dismantled,https://open.spotify.com/track/6FNgNIVRF5KteMje3DHwai,spotify:track:6FNgNIVRF5KteMje3DHwai
28ZKvkv0EqlwZ4xze5mc3Z,Dystopia,Dismantled,https://open.spotify.com/track/28ZKvkv0EqlwZ4xze5mc3Z,spotify:track:28ZKvkv0EqlwZ4xze5mc3Z
2rpYKDnt0miTqq91Edjalg,Survivor,Dismantled,https://open.spotify.com/track/2rpYKDnt0miTqq91Edjalg,spotify:track:2rpYKDnt0miTqq91Edjalg
6mIv5CaBenEwqGa9kMUi3l,Extirpation,Dismantled,https://open.spotify.com/track/6mIv5CaBenEwqGa9kMUi3l,spotify:track:6mIv5CaBenEwqGa9kMUi3l
5D4zVnRiuj8VhM3qyih6Ba,Shift,Dismantled,https://open.spotify.com/track/5D4zVnRiuj8VhM3qyih6Ba,spotify:track:5D4zVnRiuj8VhM3qyih6Ba
4dbyz0cxZB4F8qaoIQxJiU,Circular,Dismantled,https://open.spotify.com/track/4dbyz0cxZB4F8qaoIQxJiU,spotify:track:4dbyz0cxZB4F8qaoIQxJiU
5NEnEBezWZaq3YkJG0xOGW,Hypersleep,Dismantled,https://open.spotify.com/track/5NEnEBezWZaq3YkJG0xOGW,spotify:track:5NEnEBezWZaq3YkJG0xOGW
0TYxlutlKO8jnxFYbcisBN,Subcore,Dismantled,https://open.spotify.com/track/0TYxlutlKO8jnxFYbcisBN,spotify:track:0TYxlutlKO8jnxFYbcisBN
4azFH2mReniVHp8Bcxk5es,"Armed and Ready",Dismantled,https://open.spotify.com/track/4azFH2mReniVHp8Bcxk5es,spotify:track:4azFH2mReniVHp8Bcxk5es
293TwdJnepKHB1aq77zqLu,Backwards,Dismantled,https://open.spotify.com/track/293TwdJnepKHB1aq77zqLu,spotify:track:293TwdJnepKHB1aq77zqLu
4GS6YsNGQ9N1nBpBJ0F5JT,"Had a Life",Dismantled,https://open.spotify.com/track/4GS6YsNGQ9N1nBpBJ0F5JT,spotify:track:4GS6YsNGQ9N1nBpBJ0F5JT
3qNskwYGFIkJuvhrcdC3zJ,"A Shallow Light",Dismantled,https://open.spotify.com/track/3qNskwYGFIkJuvhrcdC3zJ,spotify:track:3qNskwYGFIkJuvhrcdC3zJ
73Vk8P0cqGCz7H3Sk0SKxK,"The Last Excuse",Dismantled,https://open.spotify.com/track/73Vk8P0cqGCz7H3Sk0SKxK,spotify:track:73Vk8P0cqGCz7H3Sk0SKxK
6ouWe6m2HcnaZUoUY4YNco,Essence,Dismantled,https://open.spotify.com/track/6ouWe6m2HcnaZUoUY4YNco,spotify:track:6ouWe6m2HcnaZUoUY4YNco
1yiy31JnlZ7psG86Xr5OGk,Insecthead,Dismantled,https://open.spotify.com/track/1yiy31JnlZ7psG86Xr5OGk,spotify:track:1yiy31JnlZ7psG86Xr5OGk
5L14grkSFhHTZMvbvYa7az,"The Whore Inside Me",Dismantled,https://open.spotify.com/track/5L14grkSFhHTZMvbvYa7az,spotify:track:5L14grkSFhHTZMvbvYa7az
7cweM3QS4rPfRSvZkOzr6o,"Dead on Impact",Dismantled,https://open.spotify.com/track/7cweM3QS4rPfRSvZkOzr6o,spotify:track:7cweM3QS4rPfRSvZkOzr6o
1Y7dm9wgVNmUrtLNNinqZU,"Start Digging",Dismantled,https://open.spotify.com/track/1Y7dm9wgVNmUrtLNNinqZU,spotify:track:1Y7dm9wgVNmUrtLNNinqZU
6KWwceFHVgbpCjEnBGbxDM,"Clench Your Teeth",Dismantled,https://open.spotify.com/track/6KWwceFHVgbpCjEnBGbxDM,spotify:track:6KWwceFHVgbpCjEnBGbxDM
2KlqdczQEM5I8AEZrmvtGi,Wisdom,Dismantled,https://open.spotify.com/track/2KlqdczQEM5I8AEZrmvtGi,spotify:track:2KlqdczQEM5I8AEZrmvtGi
2OcSqZgDWfKE4jqS3PdUow,"Under the Flood",Dismantled,https://open.spotify.com/track/2OcSqZgDWfKE4jqS3PdUow,spotify:track:2OcSqZgDWfKE4jqS3PdUow
2FZLhNbpSjYtrh9EpZeZnY,"Simple Machines",Dismantled,https://open.spotify.com/track/2FZLhNbpSjYtrh9EpZeZnY,spotify:track:2FZLhNbpSjYtrh9EpZeZnY
0zwHSl5kkDSDcEuZNwcNe7,"Change the World - Version",Dismantled,https://open.spotify.com/track/0zwHSl5kkDSDcEuZNwcNe7,spotify:track:0zwHSl5kkDSDcEuZNwcNe7
5QbiR2ijLQVhONZ1opsCiJ,"Get It Through",Dismantled,https://open.spotify.com/track/5QbiR2ijLQVhONZ1opsCiJ,spotify:track:5QbiR2ijLQVhONZ1opsCiJ
7aWHNllNRW2W8IPBjyumOl,"Breed to Death",Dismantled,https://open.spotify.com/track/7aWHNllNRW2W8IPBjyumOl,spotify:track:7aWHNllNRW2W8IPBjyumOl
35Oe7AAH2igqZOjygnpc6j,"Standard Issue",Dismantled,https://open.spotify.com/track/35Oe7AAH2igqZOjygnpc6j,spotify:track:35Oe7AAH2igqZOjygnpc6j
5e3rojsCBOko8rFkDHQwgF,"War Dream",Dismantled,https://open.spotify.com/track/5e3rojsCBOko8rFkDHQwgF,spotify:track:5e3rojsCBOko8rFkDHQwgF
6KlB6Jn7m1o85h3PGM8Wwz,"The Swarm - Easy to Swallow Version",Dismantled,https://open.spotify.com/track/6KlB6Jn7m1o85h3PGM8Wwz,spotify:track:6KlB6Jn7m1o85h3PGM8Wwz
4DekNLv1PDbztfKJrKmP3z,"The Insanity Of Normality",[:SITD:],https://open.spotify.com/track/4DekNLv1PDbztfKJrKmP3z,spotify:track:4DekNLv1PDbztfKJrKmP3z
1p3BjsNr2WqKsrcDC3uEqC,"Catharsis [Heal Me, Control Me]",[:SITD:],https://open.spotify.com/track/1p3BjsNr2WqKsrcDC3uEqC,spotify:track:1p3BjsNr2WqKsrcDC3uEqC
4h1aNWckk2yHdxJGF7DboG,"Rot V1.0",[:SITD:],https://open.spotify.com/track/4h1aNWckk2yHdxJGF7DboG,spotify:track:4h1aNWckk2yHdxJGF7DboG
4c2sZedeLUv7HMHoNMjVcm,"Stigmata Of Jesus",[:SITD:],https://open.spotify.com/track/4c2sZedeLUv7HMHoNMjVcm,spotify:track:4c2sZedeLUv7HMHoNMjVcm
2C5m2fO3igCQRenfnsXf3X,Zodiac,[:SITD:],https://open.spotify.com/track/2C5m2fO3igCQRenfnsXf3X,spotify:track:2C5m2fO3igCQRenfnsXf3X
1SAKA4E4jo55sqH3LUA0uG,Pride,[:SITD:],https://open.spotify.com/track/1SAKA4E4jo55sqH3LUA0uG,spotify:track:1SAKA4E4jo55sqH3LUA0uG
5d2T6ks3cEBg6waRsW1d1b,Redemption,[:SITD:],https://open.spotify.com/track/5d2T6ks3cEBg6waRsW1d1b,spotify:track:5d2T6ks3cEBg6waRsW1d1b
2sHDPGwccrepfYG6xVJdFV,Frontal,[:SITD:],https://open.spotify.com/track/2sHDPGwccrepfYG6xVJdFV,spotify:track:2sHDPGwccrepfYG6xVJdFV
2HyomM3Fc4JHUuvLolwRlM,Pharmakon,[:SITD:],https://open.spotify.com/track/2HyomM3Fc4JHUuvLolwRlM,spotify:track:2HyomM3Fc4JHUuvLolwRlM
79D1OiOdUZRMdNNlVqlSMb,"MK Ultra",[:SITD:],https://open.spotify.com/track/79D1OiOdUZRMdNNlVqlSMb,spotify:track:79D1OiOdUZRMdNNlVqlSMb
46ttF3I9YCvovH7VCOeZoB,"The Insanity Of Normality",[:SITD:],https://open.spotify.com/track/46ttF3I9YCvovH7VCOeZoB,spotify:track:46ttF3I9YCvovH7VCOeZoB
0XomoItMckfhMxgAkYSMq8,"Rot V2.0 - Extended",[:SITD:],https://open.spotify.com/track/0XomoItMckfhMxgAkYSMq8,spotify:track:0XomoItMckfhMxgAkYSMq8
7G1E4SV2RyeslTdUYVJumx,"Rot - Remix by S.A.M.",[:SITD:],https://open.spotify.com/track/7G1E4SV2RyeslTdUYVJumx,spotify:track:7G1E4SV2RyeslTdUYVJumx
4hucKtsHIfstZsKb103gPl,Herbsterwachen,[:SITD:],https://open.spotify.com/track/4hucKtsHIfstZsKb103gPl,spotify:track:4hucKtsHIfstZsKb103gPl
5GW9Uz8RFw5WEK3tn3pF3Q,Stammheim,[:SITD:],https://open.spotify.com/track/5GW9Uz8RFw5WEK3tn3pF3Q,spotify:track:5GW9Uz8RFw5WEK3tn3pF3Q
3gVP643JrdH1iaGamFNBw9,Displaced,[:SITD:],https://open.spotify.com/track/3gVP643JrdH1iaGamFNBw9,spotify:track:3gVP643JrdH1iaGamFNBw9
7lldHsvQmRMCXPaKQ15dHs,Floating,[:SITD:],https://open.spotify.com/track/7lldHsvQmRMCXPaKQ15dHs,spotify:track:7lldHsvQmRMCXPaKQ15dHs
5DFmMbIrJKaYyaVFZ7xSSt,Direction:North,[:SITD:],https://open.spotify.com/track/5DFmMbIrJKaYyaVFZ7xSSt,spotify:track:5DFmMbIrJKaYyaVFZ7xSSt
45eGdSJjBx9ZrWzRBGWJ2H,Propaganda,[:SITD:],https://open.spotify.com/track/45eGdSJjBx9ZrWzRBGWJ2H,spotify:track:45eGdSJjBx9ZrWzRBGWJ2H
0bzMccLpxg1QXELC7J4FBg,"Curtain Raiser",[:SITD:],https://open.spotify.com/track/0bzMccLpxg1QXELC7J4FBg,spotify:track:0bzMccLpxg1QXELC7J4FBg
4x0WEDu63E8r3ZbutPkTEh,"Brand Of Cain",[:SITD:],https://open.spotify.com/track/4x0WEDu63E8r3ZbutPkTEh,spotify:track:4x0WEDu63E8r3ZbutPkTEh
1vqeRfSXlxzwjs09YI3rGX,Richtfest,[:SITD:],https://open.spotify.com/track/1vqeRfSXlxzwjs09YI3rGX,spotify:track:1vqeRfSXlxzwjs09YI3rGX
3pwWX0r8PwLgACoUjTmxdo,Upstairs,[:SITD:],https://open.spotify.com/track/3pwWX0r8PwLgACoUjTmxdo,spotify:track:3pwWX0r8PwLgACoUjTmxdo
5ZJdxpjgx3DEtUGWh9Sxax,Wegweiser,[:SITD:],https://open.spotify.com/track/5ZJdxpjgx3DEtUGWh9Sxax,spotify:track:5ZJdxpjgx3DEtUGWh9Sxax
4Vy1O7uTi0c5vbRfqRCs42,"Plastination City",[:SITD:],https://open.spotify.com/track/4Vy1O7uTi0c5vbRfqRCs42,spotify:track:4Vy1O7uTi0c5vbRfqRCs42
5rKOoAtRyYYtrBlvrex3Zd,Crusade,[:SITD:],https://open.spotify.com/track/5rKOoAtRyYYtrBlvrex3Zd,spotify:track:5rKOoAtRyYYtrBlvrex3Zd
5Cffzx2FYhgEnmoT83FQf9,Sentiment,[:SITD:],https://open.spotify.com/track/5Cffzx2FYhgEnmoT83FQf9,spotify:track:5Cffzx2FYhgEnmoT83FQf9
6SBfTHqU0bxR5A8Tm8ZDfK,"Yield To Despair",[:SITD:],https://open.spotify.com/track/6SBfTHqU0bxR5A8Tm8ZDfK,spotify:track:6SBfTHqU0bxR5A8Tm8ZDfK
2WctDna7YepwFtEXNAOmLf,Relief,[:SITD:],https://open.spotify.com/track/2WctDna7YepwFtEXNAOmLf,spotify:track:2WctDna7YepwFtEXNAOmLf
5QaXrFakO5cN48ElaZS4Q5,Ascension,[:SITD:],https://open.spotify.com/track/5QaXrFakO5cN48ElaZS4Q5,spotify:track:5QaXrFakO5cN48ElaZS4Q5
2PxVvoiGm47yQIqzdbWiA1,"The Final Curtain",[:SITD:],https://open.spotify.com/track/2PxVvoiGm47yQIqzdbWiA1,spotify:track:2PxVvoiGm47yQIqzdbWiA1
5HhmhCDABd61dMZR6IY3QO,Lebensborn,[:SITD:],https://open.spotify.com/track/5HhmhCDABd61dMZR6IY3QO,spotify:track:5HhmhCDABd61dMZR6IY3QO
6UXUxqJs9IoqVdAgIze1ss,"2nd DEATH",[:SITD:],https://open.spotify.com/track/6UXUxqJs9IoqVdAgIze1ss,spotify:track:6UXUxqJs9IoqVdAgIze1ss
0IrVGjhNZ2WD5B8gsI1naQ,"Keine Zukunft","Pouppée Fabrikk",https://open.spotify.com/track/0IrVGjhNZ2WD5B8gsI1naQ,spotify:track:0IrVGjhNZ2WD5B8gsI1naQ
47uoSjqgclu4zjv3TV6aBG,Farben,"Orange Sector",https://open.spotify.com/track/47uoSjqgclu4zjv3TV6aBG,spotify:track:47uoSjqgclu4zjv3TV6aBG
6NDcgWDnazNFGapTWuBLcq,"Running up That Hill","William Control",https://open.spotify.com/track/6NDcgWDnazNFGapTWuBLcq,spotify:track:6NDcgWDnazNFGapTWuBLcq
5DvPwFfGS2LR7yVQbXRUpz,"Brainwash V2","Absurd Minds",https://open.spotify.com/track/5DvPwFfGS2LR7yVQbXRUpz,spotify:track:5DvPwFfGS2LR7yVQbXRUpz
5ieXr4y8nw4fQ4GpUYgQDR,"Legal Force","Absurd Minds",https://open.spotify.com/track/5ieXr4y8nw4fQ4GpUYgQDR,spotify:track:5ieXr4y8nw4fQ4GpUYgQDR
11fPxct20nt2qzZ8OsKAYg,"I'm Dying Alone","Absurd Minds",https://open.spotify.com/track/11fPxct20nt2qzZ8OsKAYg,spotify:track:11fPxct20nt2qzZ8OsKAYg
4cFE7p8PVMKoWbdOSCaxeg,"Venture Inward '99","Absurd Minds",https://open.spotify.com/track/4cFE7p8PVMKoWbdOSCaxeg,spotify:track:4cFE7p8PVMKoWbdOSCaxeg
4J2AinbhJ2FSlBXUURx8Ip,"Restrictive Delusion","Absurd Minds",https://open.spotify.com/track/4J2AinbhJ2FSlBXUURx8Ip,spotify:track:4J2AinbhJ2FSlBXUURx8Ip
4tVhHOlUff64sF8vKCS4JH,"The Gash","Absurd Minds",https://open.spotify.com/track/4tVhHOlUff64sF8vKCS4JH,spotify:track:4tVhHOlUff64sF8vKCS4JH
3GsXWT84yPZh2ynTw8Nvim,Deception,"Absurd Minds",https://open.spotify.com/track/3GsXWT84yPZh2ynTw8Nvim,spotify:track:3GsXWT84yPZh2ynTw8Nvim
1NkrYNneZ6briDBH3wJCR7,"Fairy Stories","Absurd Minds",https://open.spotify.com/track/1NkrYNneZ6briDBH3wJCR7,spotify:track:1NkrYNneZ6briDBH3wJCR7
24QE9tExAppGAyfi9ZT8Zt,Dreamgame,"Absurd Minds",https://open.spotify.com/track/24QE9tExAppGAyfi9ZT8Zt,spotify:track:24QE9tExAppGAyfi9ZT8Zt
1IrlC3RE206POSE698CaAd,"A Man Received the Answer","Absurd Minds",https://open.spotify.com/track/1IrlC3RE206POSE698CaAd,spotify:track:1IrlC3RE206POSE698CaAd
5I3YH062fcoirThYYb6WVO,"Free from Cares","Absurd Minds",https://open.spotify.com/track/5I3YH062fcoirThYYb6WVO,spotify:track:5I3YH062fcoirThYYb6WVO
1xENwxf24geR5yhrK4AaDx,"Welcome to the Cyberspace","Absurd Minds",https://open.spotify.com/track/1xENwxf24geR5yhrK4AaDx,spotify:track:1xENwxf24geR5yhrK4AaDx
6pVThvPkLZu68oRDqf8D8l,"Before the Rain","VNV Nation",https://open.spotify.com/track/6pVThvPkLZu68oRDqf8D8l,spotify:track:6pVThvPkLZu68oRDqf8D8l
7yFt3dYWrmvAyUTAkdyCXp,Artifice,"VNV Nation",https://open.spotify.com/track/7yFt3dYWrmvAyUTAkdyCXp,spotify:track:7yFt3dYWrmvAyUTAkdyCXp
6FNmQolj2BdvXWqlBPkQ67,"Shining Star","And One",https://open.spotify.com/track/6FNmQolj2BdvXWqlBPkQ67,spotify:track:6FNmQolj2BdvXWqlBPkQ67
6Wpsq9MgwWnp2UwHaJvs5v,"Dancing In The Factory","And One",https://open.spotify.com/track/6Wpsq9MgwWnp2UwHaJvs5v,spotify:track:6Wpsq9MgwWnp2UwHaJvs5v
5y95ucn3laegC0ObJhlufv,Seven,"And One",https://open.spotify.com/track/5y95ucn3laegC0ObJhlufv,spotify:track:5y95ucn3laegC0ObJhlufv
1Vk34uJu6SUR4mKMFRG0Ec,"Sex Drive","And One",https://open.spotify.com/track/1Vk34uJu6SUR4mKMFRG0Ec,spotify:track:1Vk34uJu6SUR4mKMFRG0Ec
1rnGZNrZLkgMjD5iWYJ4yN,"Playing Dead","And One",https://open.spotify.com/track/1rnGZNrZLkgMjD5iWYJ4yN,spotify:track:1rnGZNrZLkgMjD5iWYJ4yN
0oE7WXD3N0dpSco0HFm29H,Zerstörer,"And One",https://open.spotify.com/track/0oE7WXD3N0dpSco0HFm29H,spotify:track:0oE7WXD3N0dpSco0HFm29H
4uGEKHrSsWHbQda1G6j03O,"Sex Drive","And One",https://open.spotify.com/track/4uGEKHrSsWHbQda1G6j03O,spotify:track:4uGEKHrSsWHbQda1G6j03O
0w19bl03cyyA90brlFGKpM,"Military Fashion Show","And One",https://open.spotify.com/track/0w19bl03cyyA90brlFGKpM,spotify:track:0w19bl03cyyA90brlFGKpM
3u4yXlJutKDtsevjUNkcJl,"Zerstörer (Peine I.S.T. die Ansage 2011 Mix)","And One",https://open.spotify.com/track/3u4yXlJutKDtsevjUNkcJl,spotify:track:3u4yXlJutKDtsevjUNkcJl
3fWaJfh8kcvozJe6RozQem,"Wenn ich etwas hasse",F/A/V,https://open.spotify.com/track/3fWaJfh8kcvozJe6RozQem,spotify:track:3fWaJfh8kcvozJe6RozQem
4enTYLvTfHMLrM7bHsYxWv,"Wir sehen uns ja irgendwie wieder",F/A/V,https://open.spotify.com/track/4enTYLvTfHMLrM7bHsYxWv,spotify:track:4enTYLvTfHMLrM7bHsYxWv
7fvVKfx79psPvXx2uSkK5X,"Freude am verzweifeln",F/A/V,https://open.spotify.com/track/7fvVKfx79psPvXx2uSkK5X,spotify:track:7fvVKfx79psPvXx2uSkK5X
3CWwUBXEbX6F7wDVgxOlKW,Nachmachen,F/A/V,https://open.spotify.com/track/3CWwUBXEbX6F7wDVgxOlKW,spotify:track:3CWwUBXEbX6F7wDVgxOlKW
6HexMu4JPJGuS7JDyIr6H8,"Radikal/ Relativ",F/A/V,https://open.spotify.com/track/6HexMu4JPJGuS7JDyIr6H8,spotify:track:6HexMu4JPJGuS7JDyIr6H8
3H9fuz0IDH6jaCjTogspVe,"Du kommst nicht an",F/A/V,https://open.spotify.com/track/3H9fuz0IDH6jaCjTogspVe,spotify:track:3H9fuz0IDH6jaCjTogspVe
6vVj1fFxtjK6mjFndHE2xI,"Verrat & Verlustleistung",F/A/V,https://open.spotify.com/track/6vVj1fFxtjK6mjFndHE2xI,spotify:track:6vVj1fFxtjK6mjFndHE2xI
1oi7C1FjKEi3GG432WX7kn,Arm,F/A/V,https://open.spotify.com/track/1oi7C1FjKEi3GG432WX7kn,spotify:track:1oi7C1FjKEi3GG432WX7kn
7AluqLcsZbxKFEL6C9suSh,Scherben,F/A/V,https://open.spotify.com/track/7AluqLcsZbxKFEL6C9suSh,spotify:track:7AluqLcsZbxKFEL6C9suSh
5zHqt2ofUSFWyubegst9vE,"Im Angstraum",F/A/V,https://open.spotify.com/track/5zHqt2ofUSFWyubegst9vE,spotify:track:5zHqt2ofUSFWyubegst9vE
5aBiPLCfPAxOPvXrr5Aqkv,Vorverstärker,F/A/V,https://open.spotify.com/track/5aBiPLCfPAxOPvXrr5Aqkv,spotify:track:5aBiPLCfPAxOPvXrr5Aqkv
6FNTvZd1mb15R9HFBrTdFb,"Die Produzenten",F/A/V,https://open.spotify.com/track/6FNTvZd1mb15R9HFBrTdFb,spotify:track:6FNTvZd1mb15R9HFBrTdFb
6pNI9XMypo6Go9i0zoFkxp,"Ich zwei",F/A/V,https://open.spotify.com/track/6pNI9XMypo6Go9i0zoFkxp,spotify:track:6pNI9XMypo6Go9i0zoFkxp
4m3mhHBksoFyUNcI0PisF3,Aminn,F/A/V,https://open.spotify.com/track/4m3mhHBksoFyUNcI0PisF3,spotify:track:4m3mhHBksoFyUNcI0PisF3
2OGCc3kwusnlyAt7vds3Yj,"Beloved - Short Version","VNV Nation",https://open.spotify.com/track/2OGCc3kwusnlyAt7vds3Yj,spotify:track:2OGCc3kwusnlyAt7vds3Yj
2NndLs32AYHOalUaK1Xhp4,"Beloved - Hiver & Hammer's UK Dub Trip","VNV Nation,Hiver & Hammer",https://open.spotify.com/track/2NndLs32AYHOalUaK1Xhp4,spotify:track:2NndLs32AYHOalUaK1Xhp4
33yxUa5Ws7QmLyMrEF2RvZ,Fearless,"VNV Nation",https://open.spotify.com/track/33yxUa5Ws7QmLyMrEF2RvZ,spotify:track:33yxUa5Ws7QmLyMrEF2RvZ
58Bhu5O274BJnz0h8hsSh2,"Electric Sun","VNV Nation",https://open.spotify.com/track/58Bhu5O274BJnz0h8hsSh2,spotify:track:58Bhu5O274BJnz0h8hsSh2
6eVsoVRDUKhbQCuZ7MXMBD,"The Game","VNV Nation",https://open.spotify.com/track/6eVsoVRDUKhbQCuZ7MXMBD,spotify:track:6eVsoVRDUKhbQCuZ7MXMBD
4F1SYdzborjOyinwYF5Ou4,Invictus,"VNV Nation",https://open.spotify.com/track/4F1SYdzborjOyinwYF5Ou4,spotify:track:4F1SYdzborjOyinwYF5Ou4
3PQo7TIhQkjOlnOnCVxuC1,"In the Temple","VNV Nation",https://open.spotify.com/track/3PQo7TIhQkjOlnOnCVxuC1,spotify:track:3PQo7TIhQkjOlnOnCVxuC1
53vdtWP2hmduq0yJ5UlD3h,Prophet,"VNV Nation",https://open.spotify.com/track/53vdtWP2hmduq0yJ5UlD3h,spotify:track:53vdtWP2hmduq0yJ5UlD3h
7aL74xfVaq6JwqAixa8tl9,Wait,"VNV Nation",https://open.spotify.com/track/7aL74xfVaq6JwqAixa8tl9,spotify:track:7aL74xfVaq6JwqAixa8tl9
2RkJWYoHJAQo7mA9p1DcGL,"At Horizon's End","VNV Nation",https://open.spotify.com/track/2RkJWYoHJAQo7mA9p1DcGL,spotify:track:2RkJWYoHJAQo7mA9p1DcGL
0VlFtqepmy09pT3Ws7giwV,Run,"VNV Nation",https://open.spotify.com/track/0VlFtqepmy09pT3Ws7giwV,spotify:track:0VlFtqepmy09pT3Ws7giwV
1my6yT6LRqRCGpCA3Rdtx0,Sunflare,"VNV Nation",https://open.spotify.com/track/1my6yT6LRqRCGpCA3Rdtx0,spotify:track:1my6yT6LRqRCGpCA3Rdtx0
3Nw5N9LhSv9stYN92PmCPW,"Under Sky","VNV Nation",https://open.spotify.com/track/3Nw5N9LhSv9stYN92PmCPW,spotify:track:3Nw5N9LhSv9stYN92PmCPW
7r4Lo8uq1cPHll9fZhDSCn,Atma,"Absurd Minds",https://open.spotify.com/track/7r4Lo8uq1cPHll9fZhDSCn,spotify:track:7r4Lo8uq1cPHll9fZhDSCn
7KceZkc2UzYO4hRAj3xtW1,"A Million Miles","Absurd Minds",https://open.spotify.com/track/7KceZkc2UzYO4hRAj3xtW1,spotify:track:7KceZkc2UzYO4hRAj3xtW1
3hYyN752LEl7xMTDQwcaJK,"Silicon Dreams","Absurd Minds",https://open.spotify.com/track/3hYyN752LEl7xMTDQwcaJK,spotify:track:3hYyN752LEl7xMTDQwcaJK
71yiOVONMwLagz4HisthWu,Downfall,"Absurd Minds",https://open.spotify.com/track/71yiOVONMwLagz4HisthWu,spotify:track:71yiOVONMwLagz4HisthWu
0XQt3ISn6sbMVp6VaV8qOz,Gravitas,"Absurd Minds",https://open.spotify.com/track/0XQt3ISn6sbMVp6VaV8qOz,spotify:track:0XQt3ISn6sbMVp6VaV8qOz
1Pd4IlpoMpasVzJ05rFxW2,"The Possibility","Absurd Minds",https://open.spotify.com/track/1Pd4IlpoMpasVzJ05rFxW2,spotify:track:1Pd4IlpoMpasVzJ05rFxW2
6ZBjLpwr4CJnM0y2J2iKSu,"Frozen In Fear","Absurd Minds",https://open.spotify.com/track/6ZBjLpwr4CJnM0y2J2iKSu,spotify:track:6ZBjLpwr4CJnM0y2J2iKSu
4aD9nloDqLQ0WyLZYUmXtq,"The Moral Men","Absurd Minds",https://open.spotify.com/track/4aD9nloDqLQ0WyLZYUmXtq,spotify:track:4aD9nloDqLQ0WyLZYUmXtq
26tQKvsxYye3kRDtMPxsa2,"No Restraint","Absurd Minds",https://open.spotify.com/track/26tQKvsxYye3kRDtMPxsa2,spotify:track:26tQKvsxYye3kRDtMPxsa2
4S4fAv5hjvzzwyFR9oUnZx,"Long Before","Absurd Minds",https://open.spotify.com/track/4S4fAv5hjvzzwyFR9oUnZx,spotify:track:4S4fAv5hjvzzwyFR9oUnZx
7qBSwQYnx2yXAbOVOwEl3q,"Built On Sand","Absurd Minds",https://open.spotify.com/track/7qBSwQYnx2yXAbOVOwEl3q,spotify:track:7qBSwQYnx2yXAbOVOwEl3q
