6ik5h69AqI6l3LlxpB9TBe,"Mango Love","Shawn Wasabi,SATICA",https://open.spotify.com/track/6ik5h69AqI6l3LlxpB9TBe,spotify:track:6ik5h69AqI6l3LlxpB9TBe
6evZdLnUu0AVwszBkC3X2e,Squeez®,"Shawn Wasabi,raychel jay",https://open.spotify.com/track/6evZdLnUu0AVwszBkC3X2e,spotify:track:6evZdLnUu0AVwszBkC3X2e
3hGB6zmV7vI5jPAJxTW6Br,"Otter Pop","Shawn Wasabi,Hollis",https://open.spotify.com/track/3hGB6zmV7vI5jPAJxTW6Br,spotify:track:3hGB6zmV7vI5jPAJxTW6Br
1HKa8yP699XRCoH1ibQC53,Fickt-Euch-Allee,Grossstadtgeflüster,https://open.spotify.com/track/1HKa8yP699XRCoH1ibQC53,spotify:track:1HKa8yP699XRCoH1ibQC53
7IF2WenzZAEFMFN5spzdnc,"Wo ist die Party",Grossstadtgeflüster,https://open.spotify.com/track/7IF2WenzZAEFMFN5spzdnc,spotify:track:7IF2WenzZAEFMFN5spzdnc
0Ep5qpkX9SABW1uuoB7sHR,"Die Einigung",Grossstadtgeflüster,https://open.spotify.com/track/0Ep5qpkX9SABW1uuoB7sHR,spotify:track:0Ep5qpkX9SABW1uuoB7sHR
5PFJm54A5I7WlvePxgJ8WJ,"Weisse Kaninchen",Grossstadtgeflüster,https://open.spotify.com/track/5PFJm54A5I7WlvePxgJ8WJ,spotify:track:5PFJm54A5I7WlvePxgJ8WJ
0NZnRc8bNc3aWlnGlbl7L7,"Time To Pretend",MGMT,https://open.spotify.com/track/0NZnRc8bNc3aWlnGlbl7L7,spotify:track:0NZnRc8bNc3aWlnGlbl7L7
3zxqTbepxLQesm41y2NoE4,California,Grimes,https://open.spotify.com/track/3zxqTbepxLQesm41y2NoE4,spotify:track:3zxqTbepxLQesm41y2NoE4
6cgvDYk7YGQTVfd5jsw0Qw,SCREAM,"Grimes,潘PAN",https://open.spotify.com/track/6cgvDYk7YGQTVfd5jsw0Qw,spotify:track:6cgvDYk7YGQTVfd5jsw0Qw
4ZcGbQ5dOKX6rJk4yvza9R,"Flesh without Blood",Grimes,https://open.spotify.com/track/4ZcGbQ5dOKX6rJk4yvza9R,spotify:track:4ZcGbQ5dOKX6rJk4yvza9R
35OppZQwLS8hpxIom3LGHz,"Belly of the Beat",Grimes,https://open.spotify.com/track/35OppZQwLS8hpxIom3LGHz,spotify:track:35OppZQwLS8hpxIom3LGHz
17eu2pSgSUpIG1GFWBnODv,"Kill V. Maim",Grimes,https://open.spotify.com/track/17eu2pSgSUpIG1GFWBnODv,spotify:track:17eu2pSgSUpIG1GFWBnODv
2xMBf5lFjQvrkWL2toULNg,Artangels,Grimes,https://open.spotify.com/track/2xMBf5lFjQvrkWL2toULNg,spotify:track:2xMBf5lFjQvrkWL2toULNg
7d3cx47aWj0XbW7mLXXT9u,Easily,Grimes,https://open.spotify.com/track/7d3cx47aWj0XbW7mLXXT9u,spotify:track:7d3cx47aWj0XbW7mLXXT9u
4EbkpSxyWfJcpqzO2MzPz7,Pin,Grimes,https://open.spotify.com/track/4EbkpSxyWfJcpqzO2MzPz7,spotify:track:4EbkpSxyWfJcpqzO2MzPz7
4tjMjfL8cmYOIRRMFGZ8g7,"World Princess part II",Grimes,https://open.spotify.com/track/4tjMjfL8cmYOIRRMFGZ8g7,spotify:track:4tjMjfL8cmYOIRRMFGZ8g7
2HatzmU2P4RehpC0GYyfUQ,"Life in the Vivid Dream",Grimes,https://open.spotify.com/track/2HatzmU2P4RehpC0GYyfUQ,spotify:track:2HatzmU2P4RehpC0GYyfUQ
6pfmQTZWmwL2H2BpdzSl8l,Butterfly,Grimes,https://open.spotify.com/track/6pfmQTZWmwL2H2BpdzSl8l,spotify:track:6pfmQTZWmwL2H2BpdzSl8l
47muNlVTjDtQfyUqDaiFlN,Go,"Grimes,Blood Diamonds",https://open.spotify.com/track/47muNlVTjDtQfyUqDaiFlN,spotify:track:47muNlVTjDtQfyUqDaiFlN
6gH8xLpqHZKpiQ1NIL8brV,"Kill V. Maim (Little Jimmy Urine Remix)",Grimes,https://open.spotify.com/track/6gH8xLpqHZKpiQ1NIL8brV,spotify:track:6gH8xLpqHZKpiQ1NIL8brV
1Haq3FvPaTsR07ti9hmmd6,"REALiTi (Demo)",Grimes,https://open.spotify.com/track/1Haq3FvPaTsR07ti9hmmd6,spotify:track:1Haq3FvPaTsR07ti9hmmd6
1AL43xNYEG5KSoqf9Yd6Cr,Violence,"Grimes,i_o",https://open.spotify.com/track/1AL43xNYEG5KSoqf9Yd6Cr,spotify:track:1AL43xNYEG5KSoqf9Yd6Cr
08ZCgkLKpcgrcSPCHN2v8J,"We Appreciate Power","Grimes,HANA",https://open.spotify.com/track/08ZCgkLKpcgrcSPCHN2v8J,spotify:track:08ZCgkLKpcgrcSPCHN2v8J
3RUytZYw4jWOKGUDLABemc,Feierabend,Grossstadtgeflüster,https://open.spotify.com/track/3RUytZYw4jWOKGUDLABemc,spotify:track:3RUytZYw4jWOKGUDLABemc
4Kdcx5sWtd6U98iTNeGssx,"Meine Couch",Grossstadtgeflüster,https://open.spotify.com/track/4Kdcx5sWtd6U98iTNeGssx,spotify:track:4Kdcx5sWtd6U98iTNeGssx
0SYuwU5Sa1FABVWXphQLRx,"Skalitzer Strasse",Grossstadtgeflüster,https://open.spotify.com/track/0SYuwU5Sa1FABVWXphQLRx,spotify:track:0SYuwU5Sa1FABVWXphQLRx
2v6S4x0PVU2Au1klZ5x2BS,"Simsalabim (Skit)",Grossstadtgeflüster,https://open.spotify.com/track/2v6S4x0PVU2Au1klZ5x2BS,spotify:track:2v6S4x0PVU2Au1klZ5x2BS
7jY2wjlJ5IfHIlMihHIvRu,Diadem,Grossstadtgeflüster,https://open.spotify.com/track/7jY2wjlJ5IfHIlMihHIvRu,spotify:track:7jY2wjlJ5IfHIlMihHIvRu
6d5KjyeBSbzh6bbczubWko,"Waking Up","Kero Kero Bonito",https://open.spotify.com/track/6d5KjyeBSbzh6bbczubWko,spotify:track:6d5KjyeBSbzh6bbczubWko
4cyjLMvPunnFEXB0Gvz5py,"Heard a Song","Kero Kero Bonito",https://open.spotify.com/track/4cyjLMvPunnFEXB0Gvz5py,spotify:track:4cyjLMvPunnFEXB0Gvz5py
2oNLDoWxa2UniEXpF69oUJ,Graduation,"Kero Kero Bonito",https://open.spotify.com/track/2oNLDoWxa2UniEXpF69oUJ,spotify:track:2oNLDoWxa2UniEXpF69oUJ
3QPyRWKapHyVNp0MoOjevW,"Fish Bowl","Kero Kero Bonito",https://open.spotify.com/track/3QPyRWKapHyVNp0MoOjevW,spotify:track:3QPyRWKapHyVNp0MoOjevW
2gDXQb8n9zQgFA2TrjMFD8,"Big City","Kero Kero Bonito",https://open.spotify.com/track/2gDXQb8n9zQgFA2TrjMFD8,spotify:track:2gDXQb8n9zQgFA2TrjMFD8
6u4xZnL4W0YSLXw24k2zlJ,Break,"Kero Kero Bonito",https://open.spotify.com/track/6u4xZnL4W0YSLXw24k2zlJ,spotify:track:6u4xZnL4W0YSLXw24k2zlJ
2oZHqyiEdQvZimjrdQrEtF,Lipslap,"Kero Kero Bonito",https://open.spotify.com/track/2oZHqyiEdQvZimjrdQrEtF,spotify:track:2oZHqyiEdQvZimjrdQrEtF
1szcqjv31ORgVlb9hrrY9V,"Try Me","Kero Kero Bonito",https://open.spotify.com/track/1szcqjv31ORgVlb9hrrY9V,spotify:track:1szcqjv31ORgVlb9hrrY9V
4A4QwXMCRwkAL2UBJUHvpP,Paintbrush,"Kero Kero Bonito",https://open.spotify.com/track/4A4QwXMCRwkAL2UBJUHvpP,spotify:track:4A4QwXMCRwkAL2UBJUHvpP
3LuLUNgRmmgcr14dTIWH2S,Trampoline,"Kero Kero Bonito",https://open.spotify.com/track/3LuLUNgRmmgcr14dTIWH2S,spotify:track:3LuLUNgRmmgcr14dTIWH2S
0f2uHiRUJoiUIPVzcpPosh,"Picture This","Kero Kero Bonito",https://open.spotify.com/track/0f2uHiRUJoiUIPVzcpPosh,spotify:track:0f2uHiRUJoiUIPVzcpPosh
7BXhoa9BEQ5u4Qu6PMu5rl,"Hey Parents","Kero Kero Bonito",https://open.spotify.com/track/7BXhoa9BEQ5u4Qu6PMu5rl,spotify:track:7BXhoa9BEQ5u4Qu6PMu5rl
7AkxKbVlqpjSGtuNT5LIuL,"In A Minute",Poppy,https://open.spotify.com/track/7AkxKbVlqpjSGtuNT5LIuL,spotify:track:7AkxKbVlqpjSGtuNT5LIuL
0Im84bX7LT7FLt8reDr9ck,"I'm Poppy",Poppy,https://open.spotify.com/track/0Im84bX7LT7FLt8reDr9ck,spotify:track:0Im84bX7LT7FLt8reDr9ck
0zyFMqIS8zWHncTvL03rKw,"Computer Boy",Poppy,https://open.spotify.com/track/0zyFMqIS8zWHncTvL03rKw,spotify:track:0zyFMqIS8zWHncTvL03rKw
0BwEJ7FCvtg5Xa79MWd4yF,"My Style","Poppy,Charlotte",https://open.spotify.com/track/0BwEJ7FCvtg5Xa79MWd4yF,spotify:track:0BwEJ7FCvtg5Xa79MWd4yF
69IuA9oVaHeQPl9H0JUJ03,Interweb,Poppy,https://open.spotify.com/track/69IuA9oVaHeQPl9H0JUJ03,spotify:track:69IuA9oVaHeQPl9H0JUJ03
1fTnGbDpvKpWYkv6OYnblk,"Software Upgrade",Poppy,https://open.spotify.com/track/1fTnGbDpvKpWYkv6OYnblk,spotify:track:1fTnGbDpvKpWYkv6OYnblk
2S4N7RYlhHr1vWadDaleuJ,"Burnt Rice (feat. Yung GEMMY)","Shawn Wasabi,YDG,Yung GEMMY",https://open.spotify.com/track/2S4N7RYlhHr1vWadDaleuJ,spotify:track:2S4N7RYlhHr1vWadDaleuJ
5g9crquFa2fyV8FbPNWeDT,"Burnt Rice (Filip Remix) [feat. Yung Gemmy]","Shawn Wasabi,YDG,Yung GEMMY",https://open.spotify.com/track/5g9crquFa2fyV8FbPNWeDT,spotify:track:5g9crquFa2fyV8FbPNWeDT
3ecc8UTM48hMOkqGDnP6I4,Money,"That Poppy",https://open.spotify.com/track/3ecc8UTM48hMOkqGDnP6I4,spotify:track:3ecc8UTM48hMOkqGDnP6I4
2rx49sRgc17laB96odPWtn,Belgrade,"Battle Tapes",https://open.spotify.com/track/2rx49sRgc17laB96odPWtn,spotify:track:2rx49sRgc17laB96odPWtn
511nmDIBkG4Mivp4c0JhzI,Valkyrie,"Battle Tapes",https://open.spotify.com/track/511nmDIBkG4Mivp4c0JhzI,spotify:track:511nmDIBkG4Mivp4c0JhzI
2vbTpHhDKFQs7R9dhNlU6R,"Solid Gold (feat. Party Nails)","Battle Tapes,Party Nails",https://open.spotify.com/track/2vbTpHhDKFQs7R9dhNlU6R,spotify:track:2vbTpHhDKFQs7R9dhNlU6R
40ad54YqvVZt47KVvHaDh2,"Private Dancer","Battle Tapes",https://open.spotify.com/track/40ad54YqvVZt47KVvHaDh2,spotify:track:40ad54YqvVZt47KVvHaDh2
4BvqICBxZKegbqBFnJwprT,"Graveyard Shift","Battle Tapes",https://open.spotify.com/track/4BvqICBxZKegbqBFnJwprT,spotify:track:4BvqICBxZKegbqBFnJwprT
20NVntGlKQ89VQ8eWCyK7l,"Feel the Same","Battle Tapes",https://open.spotify.com/track/20NVntGlKQ89VQ8eWCyK7l,spotify:track:20NVntGlKQ89VQ8eWCyK7l
2EpjYNXoPRwhfLzv7Mv85B,"Valley People","Battle Tapes",https://open.spotify.com/track/2EpjYNXoPRwhfLzv7Mv85B,spotify:track:2EpjYNXoPRwhfLzv7Mv85B
6zQi4pXXw5N1fC0nfZoqSF,"Do You Remember","St. Lucia",https://open.spotify.com/track/6zQi4pXXw5N1fC0nfZoqSF,spotify:track:6zQi4pXXw5N1fC0nfZoqSF
0aersVHlGGXcHeRvHtuaSt,"Dancing On Glass","St. Lucia",https://open.spotify.com/track/0aersVHlGGXcHeRvHtuaSt,spotify:track:0aersVHlGGXcHeRvHtuaSt
29DwxnpFOLlm1fKZOitwAA,Physical,"St. Lucia",https://open.spotify.com/track/29DwxnpFOLlm1fKZOitwAA,spotify:track:29DwxnpFOLlm1fKZOitwAA
2V8l7TkYHf8hCm5lQ0D5DK,"Vespa 50N Special","Welle: Erdball",https://open.spotify.com/track/2V8l7TkYHf8hCm5lQ0D5DK,spotify:track:2V8l7TkYHf8hCm5lQ0D5DK
7rJRSYfE3NxxWWABVZvg9c,"Stirb mir nicht weg (C=64)","Welle: Erdball",https://open.spotify.com/track/7rJRSYfE3NxxWWABVZvg9c,spotify:track:7rJRSYfE3NxxWWABVZvg9c
4TFjZDZa50ivlWtpb3UCFy,"Gib Mir Meine Zukunft Wieder","Welle: Erdball",https://open.spotify.com/track/4TFjZDZa50ivlWtpb3UCFy,spotify:track:4TFjZDZa50ivlWtpb3UCFy
4IfyOCd6AwKPiJvXJ5tjN9,"Der Flipperkönig","Welle: Erdball",https://open.spotify.com/track/4IfyOCd6AwKPiJvXJ5tjN9,spotify:track:4IfyOCd6AwKPiJvXJ5tjN9
2pIN8Ye4uG2TfpsPfBGfuX,"Die Liebe Der 3. Art","Welle: Erdball",https://open.spotify.com/track/2pIN8Ye4uG2TfpsPfBGfuX,spotify:track:2pIN8Ye4uG2TfpsPfBGfuX
5sHjJuWM2a7k8ANUfnKoge,Mimikry,"Welle: Erdball",https://open.spotify.com/track/5sHjJuWM2a7k8ANUfnKoge,spotify:track:5sHjJuWM2a7k8ANUfnKoge
2cHaBAHGzh8j7w8LXOnx9U,"Ich Mach Mich Schön","Welle: Erdball",https://open.spotify.com/track/2cHaBAHGzh8j7w8LXOnx9U,spotify:track:2cHaBAHGzh8j7w8LXOnx9U
7lfC8LXy1f5vcuaJ8uIAoY,Computerklang,"Welle: Erdball",https://open.spotify.com/track/7lfC8LXy1f5vcuaJ8uIAoY,spotify:track:7lfC8LXy1f5vcuaJ8uIAoY
4AHkoAcssL26FwweGmwDOx,"Das Passwort","Welle: Erdball",https://open.spotify.com/track/4AHkoAcssL26FwweGmwDOx,spotify:track:4AHkoAcssL26FwweGmwDOx
4UOodGerNEAeqDolbnceCv,"By Your Side",she,https://open.spotify.com/track/4UOodGerNEAeqDolbnceCv,spotify:track:4UOodGerNEAeqDolbnceCv
00S2qoDdWkKDTSKPzd0j2Y,"Chiptune Memories",she,https://open.spotify.com/track/00S2qoDdWkKDTSKPzd0j2Y,spotify:track:00S2qoDdWkKDTSKPzd0j2Y
20rmCQ2pO3GZva9O61nDMu,"Just Let Go",Fischerspooner,https://open.spotify.com/track/20rmCQ2pO3GZva9O61nDMu,spotify:track:20rmCQ2pO3GZva9O61nDMu
1LhbZVEBnjaywVktoCX5El,"Feelin' Alright",CAPSULE,https://open.spotify.com/track/1LhbZVEBnjaywVktoCX5El,spotify:track:1LhbZVEBnjaywVktoCX5El
0BMnWM7Pkvt3e7dWoXqIKO,"Never Let Me Go",CAPSULE,https://open.spotify.com/track/0BMnWM7Pkvt3e7dWoXqIKO,spotify:track:0BMnWM7Pkvt3e7dWoXqIKO
1mRcE1rQi7rgl6fonXIyhM,"Step on The Floor",CAPSULE,https://open.spotify.com/track/1mRcE1rQi7rgl6fonXIyhM,spotify:track:1mRcE1rQi7rgl6fonXIyhM
4opcLxM4AjoTzzsmhwnTy3,"Tapping Beats",CAPSULE,https://open.spotify.com/track/4opcLxM4AjoTzzsmhwnTy3,spotify:track:4opcLxM4AjoTzzsmhwnTy3
17HU3Bu3I5efhPRDFZCeUg,"All The Way",CAPSULE,https://open.spotify.com/track/17HU3Bu3I5efhPRDFZCeUg,spotify:track:17HU3Bu3I5efhPRDFZCeUg
2uHeaHtQT8pByvStsmgHbK,"Motor Force",CAPSULE,https://open.spotify.com/track/2uHeaHtQT8pByvStsmgHbK,spotify:track:2uHeaHtQT8pByvStsmgHbK
7I5JJ7MkYktpFls01DXP1a,Transparent,CAPSULE,https://open.spotify.com/track/7I5JJ7MkYktpFls01DXP1a,spotify:track:7I5JJ7MkYktpFls01DXP1a
0kis3PDWwHVkWOZLKXFbbf,runway,CAPSULE,https://open.spotify.com/track/0kis3PDWwHVkWOZLKXFbbf,spotify:track:0kis3PDWwHVkWOZLKXFbbf
18rMnnrdbnKNyAAwaZhpsO,"more more more",CAPSULE,https://open.spotify.com/track/18rMnnrdbnKNyAAwaZhpsO,spotify:track:18rMnnrdbnKNyAAwaZhpsO
45hgtWOyLVz3OhCh5r34cs,JUMPER,CAPSULE,https://open.spotify.com/track/45hgtWOyLVz3OhCh5r34cs,spotify:track:45hgtWOyLVz3OhCh5r34cs
6V9YXyJefH2GW36ZnmbvHe,Phantom,CAPSULE,https://open.spotify.com/track/6V9YXyJefH2GW36ZnmbvHe,spotify:track:6V9YXyJefH2GW36ZnmbvHe
5y78rLmbkXX9fFc9i7rTww,gateway,CAPSULE,https://open.spotify.com/track/5y78rLmbkXX9fFc9i7rTww,spotify:track:5y78rLmbkXX9fFc9i7rTww
2WXqL9BndgulGyYjMNO87x,"Pleasure ground",CAPSULE,https://open.spotify.com/track/2WXqL9BndgulGyYjMNO87x,spotify:track:2WXqL9BndgulGyYjMNO87x
24SaS3J97uhCKd4TiWwiX0,e.d.i.t.,CAPSULE,https://open.spotify.com/track/24SaS3J97uhCKd4TiWwiX0,spotify:track:24SaS3J97uhCKd4TiWwiX0
61oazl5ltYtv4GVCuheMOI,Adventure,CAPSULE,https://open.spotify.com/track/61oazl5ltYtv4GVCuheMOI,spotify:track:61oazl5ltYtv4GVCuheMOI
5efgWmXdxYAwCa8B6Kj9HJ,"Welcome to my world",CAPSULE,https://open.spotify.com/track/5efgWmXdxYAwCa8B6Kj9HJ,spotify:track:5efgWmXdxYAwCa8B6Kj9HJ
6c2Z37o8rOb288eAGhvkUF,"Starry Sky",CAPSULE,https://open.spotify.com/track/6c2Z37o8rOb288eAGhvkUF,spotify:track:6c2Z37o8rOb288eAGhvkUF
31Oc2O7IvrfGBMhMzRGbsP,REALiTy,CAPSULE,https://open.spotify.com/track/31Oc2O7IvrfGBMhMzRGbsP,spotify:track:31Oc2O7IvrfGBMhMzRGbsP
5HMVh68MBbkclULoOmY45r,"Sugarless GiRL",CAPSULE,https://open.spotify.com/track/5HMVh68MBbkclULoOmY45r,spotify:track:5HMVh68MBbkclULoOmY45r
4r1DPnZhEY0jqFxnkawvuC,"Catch my breath",CAPSULE,https://open.spotify.com/track/4r1DPnZhEY0jqFxnkawvuC,spotify:track:4r1DPnZhEY0jqFxnkawvuC
2hTjzEz3ovM3t4cCwxm5It,Spider,CAPSULE,https://open.spotify.com/track/2hTjzEz3ovM3t4cCwxm5It,spotify:track:2hTjzEz3ovM3t4cCwxm5It
7aC25sp3boUMLfhzrM4476,MUZiC,CAPSULE,https://open.spotify.com/track/7aC25sp3boUMLfhzrM4476,spotify:track:7aC25sp3boUMLfhzrM4476
5I9N10l5uXxCubCxqBp1Gd,"Melting point",CAPSULE,https://open.spotify.com/track/5I9N10l5uXxCubCxqBp1Gd,spotify:track:5I9N10l5uXxCubCxqBp1Gd
0MtN43eKs1Cxmgd9Iux0uO,"Sound of Silence",CAPSULE,https://open.spotify.com/track/0MtN43eKs1Cxmgd9Iux0uO,spotify:track:0MtN43eKs1Cxmgd9Iux0uO
2scwcGAxPOdqo8nIcgb6oX,"Secret Paradise",CAPSULE,https://open.spotify.com/track/2scwcGAxPOdqo8nIcgb6oX,spotify:track:2scwcGAxPOdqo8nIcgb6oX
6b0MKExIVqr1nF9J5AMwJX,FUSION,Perfume,https://open.spotify.com/track/6b0MKExIVqr1nF9J5AMwJX,spotify:track:6b0MKExIVqr1nF9J5AMwJX
3MWElK4EfFMxPlgbZHWN5O,Kamaitachi,"Kyary Pamyu Pamyu",https://open.spotify.com/track/3MWElK4EfFMxPlgbZHWN5O,spotify:track:3MWElK4EfFMxPlgbZHWN5O
3M23gGWtJEE3CKe8jZWKMe,"Ninja Re Bang Bang - Steve Aoki Remix","Kyary Pamyu Pamyu,Steve Aoki",https://open.spotify.com/track/3M23gGWtJEE3CKe8jZWKMe,spotify:track:3M23gGWtJEE3CKe8jZWKMe
6UzIhF3WgtkEI5KqnCkFcf,"Battle Lines","Kero Kero Bonito",https://open.spotify.com/track/6UzIhF3WgtkEI5KqnCkFcf,spotify:track:6UzIhF3WgtkEI5KqnCkFcf
7Kp9XGmaPdk65BtxqC98An,Lasagna,"The Knife",https://open.spotify.com/track/7Kp9XGmaPdk65BtxqC98An,spotify:track:7Kp9XGmaPdk65BtxqC98An
4zirCRTnT4utFyrrpqqNMG,Kino,"The Knife",https://open.spotify.com/track/4zirCRTnT4utFyrrpqqNMG,spotify:track:4zirCRTnT4utFyrrpqqNMG
39o9uiMnmk8MXXA7wfpNl3,"I Just Had To Die","The Knife",https://open.spotify.com/track/39o9uiMnmk8MXXA7wfpNl3,spotify:track:39o9uiMnmk8MXXA7wfpNl3
3zE2QNgDJI2zNlCNcDQrnB,Parade,"The Knife",https://open.spotify.com/track/3zE2QNgDJI2zNlCNcDQrnB,spotify:track:3zE2QNgDJI2zNlCNcDQrnB
1gf8uhpqdbr7uSzWHswPJW,Zapata,"The Knife",https://open.spotify.com/track/1gf8uhpqdbr7uSzWHswPJW,spotify:track:1gf8uhpqdbr7uSzWHswPJW
2YacpExEbX9tF8IbFlFOo4,Heartbeats,"The Knife",https://open.spotify.com/track/2YacpExEbX9tF8IbFlFOo4,spotify:track:2YacpExEbX9tF8IbFlFOo4
6USSdgQjUXaTPNakcmavZc,"Girls' Night Out","The Knife",https://open.spotify.com/track/6USSdgQjUXaTPNakcmavZc,spotify:track:6USSdgQjUXaTPNakcmavZc
4dOG0XJ6xsW9Ya58vj4deM,"One For You","The Knife",https://open.spotify.com/track/4dOG0XJ6xsW9Ya58vj4deM,spotify:track:4dOG0XJ6xsW9Ya58vj4deM
7rjHcCaYk5mNeFmj583Mob,"The Cop","The Knife",https://open.spotify.com/track/7rjHcCaYk5mNeFmj583Mob,spotify:track:7rjHcCaYk5mNeFmj583Mob
4EpEIA6e5QHiccF3K0lIg1,"Listen Now","The Knife",https://open.spotify.com/track/4EpEIA6e5QHiccF3K0lIg1,spotify:track:4EpEIA6e5QHiccF3K0lIg1
0YWDyOWyrvBFkCodQOzARw,"She's Having A Baby","The Knife",https://open.spotify.com/track/0YWDyOWyrvBFkCodQOzARw,spotify:track:0YWDyOWyrvBFkCodQOzARw
6cO9ZuQcx4kT3bk15jKmnF,"You Take My Breath Away","The Knife",https://open.spotify.com/track/6cO9ZuQcx4kT3bk15jKmnF,spotify:track:6cO9ZuQcx4kT3bk15jKmnF
188FkQMK5Yzg7XtFrUGGpX,"Rock Classics","The Knife",https://open.spotify.com/track/188FkQMK5Yzg7XtFrUGGpX,spotify:track:188FkQMK5Yzg7XtFrUGGpX
6ZUTGUXzRGr3abx1YUh5LA,"Is It Medicine","The Knife",https://open.spotify.com/track/6ZUTGUXzRGr3abx1YUh5LA,spotify:track:6ZUTGUXzRGr3abx1YUh5LA
0euk28DJJNzaSx24XukPSK,"You Make Me Like Charity","The Knife",https://open.spotify.com/track/0euk28DJJNzaSx24XukPSK,spotify:track:0euk28DJJNzaSx24XukPSK
4W6RXZIwBitvWv0oQEWA0j,"Got 2 Let U","The Knife",https://open.spotify.com/track/4W6RXZIwBitvWv0oQEWA0j,spotify:track:4W6RXZIwBitvWv0oQEWA0j
6JQFuxLwhvtHRmRMebgiLB,"Silent Shout","The Knife",https://open.spotify.com/track/6JQFuxLwhvtHRmRMebgiLB,spotify:track:6JQFuxLwhvtHRmRMebgiLB
0ONbiyqCsjVSjrrZJISZIY,Neverland,"The Knife",https://open.spotify.com/track/0ONbiyqCsjVSjrrZJISZIY,spotify:track:0ONbiyqCsjVSjrrZJISZIY
6XwN8gUpprAyI7Ip9JQxan,"The Captain","The Knife",https://open.spotify.com/track/6XwN8gUpprAyI7Ip9JQxan,spotify:track:6XwN8gUpprAyI7Ip9JQxan
61PbukdCstqNPp9YEVuYOr,"We Share Our Mothers' Health","The Knife",https://open.spotify.com/track/61PbukdCstqNPp9YEVuYOr,spotify:track:61PbukdCstqNPp9YEVuYOr
7vIlwBzmmlBiVafofcIP5t,"Na Na Na","The Knife",https://open.spotify.com/track/7vIlwBzmmlBiVafofcIP5t,spotify:track:7vIlwBzmmlBiVafofcIP5t
5iwxuNxMzFXFVVsxWz7gQI,"Marble House","The Knife",https://open.spotify.com/track/5iwxuNxMzFXFVVsxWz7gQI,spotify:track:5iwxuNxMzFXFVVsxWz7gQI
6V7NRKpW0aRRLGzW4zLyED,"Like A Pen","The Knife",https://open.spotify.com/track/6V7NRKpW0aRRLGzW4zLyED,spotify:track:6V7NRKpW0aRRLGzW4zLyED
0rlZWBgX1i88RYA00P5pwg,"From Off To On","The Knife",https://open.spotify.com/track/0rlZWBgX1i88RYA00P5pwg,spotify:track:0rlZWBgX1i88RYA00P5pwg
6kNiVHAyiXH0hCQDRcGw4N,"Forest Families","The Knife",https://open.spotify.com/track/6kNiVHAyiXH0hCQDRcGw4N,spotify:track:6kNiVHAyiXH0hCQDRcGw4N
2oW2xcS3wurFt7tJPtozBe,"One Hit","The Knife",https://open.spotify.com/track/2oW2xcS3wurFt7tJPtozBe,spotify:track:2oW2xcS3wurFt7tJPtozBe
3YZk0pVNHJHTbfMNYrshMN,"Still Light","The Knife",https://open.spotify.com/track/3YZk0pVNHJHTbfMNYrshMN,spotify:track:3YZk0pVNHJHTbfMNYrshMN
1aL6wkVeoR41DqDpVN7Gl2,"Player Of Games",Grimes,https://open.spotify.com/track/1aL6wkVeoR41DqDpVN7Gl2,spotify:track:1aL6wkVeoR41DqDpVN7Gl2
2iQxaB9F1QB0YF0bTnwoPJ,"We Appreciate Power - Algorithm Mix","Grimes,HANA",https://open.spotify.com/track/2iQxaB9F1QB0YF0bTnwoPJ,spotify:track:2iQxaB9F1QB0YF0bTnwoPJ
0YQEWdfq3ajtNtK106Dr0k,"Shinigami Eyes",Grimes,https://open.spotify.com/track/0YQEWdfq3ajtNtK106Dr0k,spotify:track:0YQEWdfq3ajtNtK106Dr0k
025qlG1IWik8CRpEo1LvI4,Orochimaru,"Gravy Beats",https://open.spotify.com/track/025qlG1IWik8CRpEo1LvI4,spotify:track:025qlG1IWik8CRpEo1LvI4
5V1QjzMOsM9JpRyPQzt1DD,Fuzz,"Computer Magic,Danz CM",https://open.spotify.com/track/5V1QjzMOsM9JpRyPQzt1DD,spotify:track:5V1QjzMOsM9JpRyPQzt1DD
5dHsj8f5cd4Q0dB49qsLWK,"You Rock Me",she,https://open.spotify.com/track/5dHsj8f5cd4Q0dB49qsLWK,spotify:track:5dHsj8f5cd4Q0dB49qsLWK
45IoqEVxAIwSPLITEZ7znA,"Ready for You",she,https://open.spotify.com/track/45IoqEVxAIwSPLITEZ7znA,spotify:track:45IoqEVxAIwSPLITEZ7znA
2CYpxKMmCVbD8U3X4e4jJ2,Arma,she,https://open.spotify.com/track/2CYpxKMmCVbD8U3X4e4jJ2,spotify:track:2CYpxKMmCVbD8U3X4e4jJ2
4BN60gf0avJx9X56GRww2E,Armacadia,she,https://open.spotify.com/track/4BN60gf0avJx9X56GRww2E,spotify:track:4BN60gf0avJx9X56GRww2E
0HXtN28EMscGMxslH5cId8,"Pleasure Model","Noisia,Former",https://open.spotify.com/track/0HXtN28EMscGMxslH5cId8,spotify:track:0HXtN28EMscGMxslH5cId8
597XsamDTrhuk9sgQM4tJA,"HALO HALO (feat. Chevy)","Shawn Wasabi,Chevy",https://open.spotify.com/track/597XsamDTrhuk9sgQM4tJA,spotify:track:597XsamDTrhuk9sgQM4tJA
73PgneESQtlCqka4I11XM3,"LEMONS (feat. kennedi)","Shawn Wasabi,kennedi",https://open.spotify.com/track/73PgneESQtlCqka4I11XM3,spotify:track:73PgneESQtlCqka4I11XM3
5otnLydsYHjho5h27gQPV2,"MEDICINE (feat. Tia Scola)","Shawn Wasabi,Tia Scola",https://open.spotify.com/track/5otnLydsYHjho5h27gQPV2,spotify:track:5otnLydsYHjho5h27gQPV2
6NDZdloxCVCDpbOuqKlCOm,"MANGO LOVE (feat. Satica)","Shawn Wasabi,SATICA",https://open.spotify.com/track/6NDZdloxCVCDpbOuqKlCOm,spotify:track:6NDZdloxCVCDpbOuqKlCOm
4ArPtfbaNTP8WwOIfwBOmL,"ANIMAL CROSSING","Shawn Wasabi,Sophia Black",https://open.spotify.com/track/4ArPtfbaNTP8WwOIfwBOmL,spotify:track:4ArPtfbaNTP8WwOIfwBOmL
6gfDkakl2eWMuGSiOyStC3,"the snack that smiles back (feat. raychel jay)","Shawn Wasabi,raychel jay",https://open.spotify.com/track/6gfDkakl2eWMuGSiOyStC3,spotify:track:6gfDkakl2eWMuGSiOyStC3
2NTMgBULHF1LYgmt1r8kp6,"tokyo tea (feat. Spacegirl Gemmy)","Shawn Wasabi,Spacegirl Gemmy",https://open.spotify.com/track/2NTMgBULHF1LYgmt1r8kp6,spotify:track:2NTMgBULHF1LYgmt1r8kp6
7C4TlgLBNgHnD4nH3T8gx4,"HOME RUN (feat. raychel jay)","Shawn Wasabi,raychel jay",https://open.spotify.com/track/7C4TlgLBNgHnD4nH3T8gx4,spotify:track:7C4TlgLBNgHnD4nH3T8gx4
42C9HCVzU3vYzG3fWgukKE,Halloween,FASSounds,https://open.spotify.com/track/42C9HCVzU3vYzG3fWgukKE,spotify:track:42C9HCVzU3vYzG3fWgukKE
1nvXeeqnLOYVDg0hJtGxSJ,"Trick or Treat",FASSounds,https://open.spotify.com/track/1nvXeeqnLOYVDg0hJtGxSJ,spotify:track:1nvXeeqnLOYVDg0hJtGxSJ
1fLW42GvVHQaljw5YZgsHd,"Red Dragon",Arston,https://open.spotify.com/track/1fLW42GvVHQaljw5YZgsHd,spotify:track:1fLW42GvVHQaljw5YZgsHd
6BAnxKyld909yo6Pk1DO3r,Hello,OMFG,https://open.spotify.com/track/6BAnxKyld909yo6Pk1DO3r,spotify:track:6BAnxKyld909yo6Pk1DO3r
