3coeo9H305LiuDbXXn9ANe,Akudama,"Alpha Wolf",https://open.spotify.com/track/3coeo9H305LiuDbXXn9ANe,spotify:track:3coeo9H305LiuDbXXn9ANe
0KguOhywc5F45rbguTi97U,"Depravity Favours the Bold","Anaal Nathrakh",https://open.spotify.com/track/0KguOhywc5F45rbguTi97U,spotify:track:0KguOhywc5F45rbguTi97U
075jSmV95NQJxazrAEVda1,"Hold Your Children Close and Pray for Oblivion","Anaal Nathrakh",https://open.spotify.com/track/075jSmV95NQJxazrAEVda1,spotify:track:075jSmV95NQJxazrAEVda1
1YqALppqQwakYzm839JyMo,"We Will Fucking Kill You","Anaal Nathrakh",https://open.spotify.com/track/1YqALppqQwakYzm839JyMo,spotify:track:1YqALppqQwakYzm839JyMo
7ehGB9TqrWN02VEkOo7kfR,"In Flagrante Delicto","Anaal Nathrakh",https://open.spotify.com/track/7ehGB9TqrWN02VEkOo7kfR,spotify:track:7ehGB9TqrWN02VEkOo7kfR
2dUKRZoxswaN2NXfvczc8Z,"And You Will Beg for Our Secrets","Anaal Nathrakh",https://open.spotify.com/track/2dUKRZoxswaN2NXfvczc8Z,spotify:track:2dUKRZoxswaN2NXfvczc8Z
0q6cgt1EXEezXAnLIN7AiT,Extravaganza!,"Anaal Nathrakh",https://open.spotify.com/track/0q6cgt1EXEezXAnLIN7AiT,spotify:track:0q6cgt1EXEezXAnLIN7AiT
71sE1Cd8cX2tKylxEE03gf,"The Great Spectator","Anaal Nathrakh",https://open.spotify.com/track/71sE1Cd8cX2tKylxEE03gf,spotify:track:71sE1Cd8cX2tKylxEE03gf
5Qp4ysIBX53Neb6HlKwcLs,"Of Horror, And the Black Shawls","Anaal Nathrakh",https://open.spotify.com/track/5Qp4ysIBX53Neb6HlKwcLs,spotify:track:5Qp4ysIBX53Neb6HlKwcLs
0Dorgc3qyyG8RaHyXGU4fm,Pizza,Attila,https://open.spotify.com/track/0Dorgc3qyyG8RaHyXGU4fm,spotify:track:0Dorgc3qyyG8RaHyXGU4fm
4cvoKo71beyPxWEuInfUpw,ULTRAnumb,"Blue Stahli",https://open.spotify.com/track/4cvoKo71beyPxWEuInfUpw,spotify:track:4cvoKo71beyPxWEuInfUpw
0QG9UyE2ijODBnjc4rgZV1,"Not Over Til We Say So (feat. Emma Anzai) - Rabbit Junk Remix","Blue Stahli,Emma Anzai,Rabbit Junk",https://open.spotify.com/track/0QG9UyE2ijODBnjc4rgZV1,spotify:track:0QG9UyE2ijODBnjc4rgZV1
1p6zpOr8vyj23Uu0Zq2uyq,Carnage,"The Browning",https://open.spotify.com/track/1p6zpOr8vyj23Uu0Zq2uyq,spotify:track:1p6zpOr8vyj23Uu0Zq2uyq
797wMXdAIHD5G3WvM3EEML,"Personal Holloway",Bush,https://open.spotify.com/track/797wMXdAIHD5G3WvM3EEML,spotify:track:797wMXdAIHD5G3WvM3EEML
6cmqSNKYh5QejtDMR2xLNc,"Greedy Fly",Bush,https://open.spotify.com/track/6cmqSNKYh5QejtDMR2xLNc,spotify:track:6cmqSNKYh5QejtDMR2xLNc
32zMAD8gEAa0GHQohdzBh8,Swallowed,Bush,https://open.spotify.com/track/32zMAD8gEAa0GHQohdzBh8,spotify:track:32zMAD8gEAa0GHQohdzBh8
6QTVDfebGdEOd64Q9p5qLT,"Insect Kin",Bush,https://open.spotify.com/track/6QTVDfebGdEOd64Q9p5qLT,spotify:track:6QTVDfebGdEOd64Q9p5qLT
7fdbNqT99mxoyaPO0T868i,"Cold Contagious",Bush,https://open.spotify.com/track/7fdbNqT99mxoyaPO0T868i,spotify:track:7fdbNqT99mxoyaPO0T868i
0HWWEfMwTl6Yx2xHWthUnj,"A Tendency to Start Fires",Bush,https://open.spotify.com/track/0HWWEfMwTl6Yx2xHWthUnj,spotify:track:0HWWEfMwTl6Yx2xHWthUnj
3YR0xWRor5YlMVOyXFTILR,Mouth,Bush,https://open.spotify.com/track/3YR0xWRor5YlMVOyXFTILR,spotify:track:3YR0xWRor5YlMVOyXFTILR
59gsM8Lpn15LLVQt2vXaJy,"Straight, No Chaser",Bush,https://open.spotify.com/track/59gsM8Lpn15LLVQt2vXaJy,spotify:track:59gsM8Lpn15LLVQt2vXaJy
7sdGWbfHF1ofLLLVi4i4M9,History,Bush,https://open.spotify.com/track/7sdGWbfHF1ofLLLVi4i4M9,spotify:track:7sdGWbfHF1ofLLLVi4i4M9
3GhvMf5MlV1U5nyJwMSZMr,Communicator,Bush,https://open.spotify.com/track/3GhvMf5MlV1U5nyJwMSZMr,spotify:track:3GhvMf5MlV1U5nyJwMSZMr
0xaufcT8gtH2NT5QXGkWrm,"Distant Voices",Bush,https://open.spotify.com/track/0xaufcT8gtH2NT5QXGkWrm,spotify:track:0xaufcT8gtH2NT5QXGkWrm
4DuTm2YZSxck0LhQDUs8Qs,"Warm Machine",Bush,https://open.spotify.com/track/4DuTm2YZSxck0LhQDUs8Qs,spotify:track:4DuTm2YZSxck0LhQDUs8Qs
7uJg4oWvvGEZPypGyzcHwO,"Jesus Online",Bush,https://open.spotify.com/track/7uJg4oWvvGEZPypGyzcHwO,spotify:track:7uJg4oWvvGEZPypGyzcHwO
2jOdqw7a9uV1s256FXXR4W,"The Chemicals Between Us",Bush,https://open.spotify.com/track/2jOdqw7a9uV1s256FXXR4W,spotify:track:2jOdqw7a9uV1s256FXXR4W
4tI8H6ui9MlOWmZRYYEfJL,"Disease of the Dancing Cats",Bush,https://open.spotify.com/track/4tI8H6ui9MlOWmZRYYEfJL,spotify:track:4tI8H6ui9MlOWmZRYYEfJL
7waRjsA2ehXv619f47lYOT,"Everything Zen",Bush,https://open.spotify.com/track/7waRjsA2ehXv619f47lYOT,spotify:track:7waRjsA2ehXv619f47lYOT
3Cz3qVkPLAbKbN6d7ffj5b,Swim,Bush,https://open.spotify.com/track/3Cz3qVkPLAbKbN6d7ffj5b,spotify:track:3Cz3qVkPLAbKbN6d7ffj5b
19A7QsCjNo53YtYzGMYAj5,Bomb,Bush,https://open.spotify.com/track/19A7QsCjNo53YtYzGMYAj5,spotify:track:19A7QsCjNo53YtYzGMYAj5
5topOIcCwU391xE5Oyhh62,"Little Things",Bush,https://open.spotify.com/track/5topOIcCwU391xE5Oyhh62,spotify:track:5topOIcCwU391xE5Oyhh62
2ox1STg6AbcEHoHWlFtFwr,Comedown,Bush,https://open.spotify.com/track/2ox1STg6AbcEHoHWlFtFwr,spotify:track:2ox1STg6AbcEHoHWlFtFwr
2xFAq6HpO5rdtsBxY0IDqx,Body,Bush,https://open.spotify.com/track/2xFAq6HpO5rdtsBxY0IDqx,spotify:track:2xFAq6HpO5rdtsBxY0IDqx
6dJODklApmve5IzgKWUqV2,Machinehead,Bush,https://open.spotify.com/track/6dJODklApmve5IzgKWUqV2,spotify:track:6dJODklApmve5IzgKWUqV2
5mGexojzIoZUG0Dx41sJ15,Testosterone,Bush,https://open.spotify.com/track/5mGexojzIoZUG0Dx41sJ15,spotify:track:5mGexojzIoZUG0Dx41sJ15
3YmDTksWvXDw7046hrWS8T,Monkey,Bush,https://open.spotify.com/track/3YmDTksWvXDw7046hrWS8T,spotify:track:3YmDTksWvXDw7046hrWS8T
1mrJoTGCpBH79MYaKNXqwd,Opening,"Carach Angren",https://open.spotify.com/track/1mrJoTGCpBH79MYaKNXqwd,spotify:track:1mrJoTGCpBH79MYaKNXqwd
15ULALcMkbmusEm62ScRIh,Charlie,"Carach Angren",https://open.spotify.com/track/15ULALcMkbmusEm62ScRIh,spotify:track:15ULALcMkbmusEm62ScRIh
55O0yKlkKCVR50pnDTdNOl,"Blood Queen","Carach Angren",https://open.spotify.com/track/55O0yKlkKCVR50pnDTdNOl,spotify:track:55O0yKlkKCVR50pnDTdNOl
1lQFVwSz9rfwgTIQxDgXH1,"Charles Francis Coghlan","Carach Angren",https://open.spotify.com/track/1lQFVwSz9rfwgTIQxDgXH1,spotify:track:1lQFVwSz9rfwgTIQxDgXH1
5PvRAEzAu9RSqs82RZXeiK,"In De Naam Van De Duivel","Carach Angren",https://open.spotify.com/track/5PvRAEzAu9RSqs82RZXeiK,spotify:track:5PvRAEzAu9RSqs82RZXeiK
7JwP1GflYjbXLbNz6WivBK,"Pitch Black Box","Carach Angren",https://open.spotify.com/track/7JwP1GflYjbXLbNz6WivBK,spotify:track:7JwP1GflYjbXLbNz6WivBK
5TI2s1yKxeNljAhAX219PI,"The Possession Process","Carach Angren",https://open.spotify.com/track/5TI2s1yKxeNljAhAX219PI,spotify:track:5TI2s1yKxeNljAhAX219PI
5HPZo6bVe53IYqMHeOgVxq,"Three Times Thunder Strikes","Carach Angren",https://open.spotify.com/track/5HPZo6bVe53IYqMHeOgVxq,spotify:track:5HPZo6bVe53IYqMHeOgVxq
0F0wVSJH7JKWe4awwRTLX2,"Charles Francis Coghlan (Orchestral Version)","Carach Angren",https://open.spotify.com/track/0F0wVSJH7JKWe4awwRTLX2,spotify:track:0F0wVSJH7JKWe4awwRTLX2
3byxgxZyfvIeKO3et3cJtc,"Electronic Voice Phenomena","Carach Angren",https://open.spotify.com/track/3byxgxZyfvIeKO3et3cJtc,spotify:track:3byxgxZyfvIeKO3et3cJtc
7i8Kk1YMPsAqOpUnTGcsZY,"The Sighting Is a Portent of Doom","Carach Angren",https://open.spotify.com/track/7i8Kk1YMPsAqOpUnTGcsZY,spotify:track:7i8Kk1YMPsAqOpUnTGcsZY
6vwlM23fWx5VBJiNI7H1xX,"...And the Consequence Macabre","Carach Angren",https://open.spotify.com/track/6vwlM23fWx5VBJiNI7H1xX,spotify:track:6vwlM23fWx5VBJiNI7H1xX
419XyGfaXtu9n47QWXmCh7,"Van Der Decken's Triumph","Carach Angren",https://open.spotify.com/track/419XyGfaXtu9n47QWXmCh7,spotify:track:419XyGfaXtu9n47QWXmCh7
6uIYRgVpXv1R2yhZrclpJ6,"Bloodstains on the Captain's Log","Carach Angren",https://open.spotify.com/track/6uIYRgVpXv1R2yhZrclpJ6,spotify:track:6uIYRgVpXv1R2yhZrclpJ6
0HCz0myJx86ERpkxUv2eWe,"Al Betekent Het Mijn Dood","Carach Angren",https://open.spotify.com/track/0HCz0myJx86ERpkxUv2eWe,spotify:track:0HCz0myJx86ERpkxUv2eWe
4A3cyqH2S3HRlkU4VQgC38,"Departure Towards a Nautical Curse","Carach Angren",https://open.spotify.com/track/4A3cyqH2S3HRlkU4VQgC38,spotify:track:4A3cyqH2S3HRlkU4VQgC38
17raEdWGuGW05Z63z4nQ52,"The Course of a Spectral Ship","Carach Angren",https://open.spotify.com/track/17raEdWGuGW05Z63z4nQ52,spotify:track:17raEdWGuGW05Z63z4nQ52
4NeLJ0vtdM4GvT5T2ClaR5,"The Shining Was a Portent of Gloom","Carach Angren",https://open.spotify.com/track/4NeLJ0vtdM4GvT5T2ClaR5,spotify:track:4NeLJ0vtdM4GvT5T2ClaR5
1baQYKdoHousWc3dTrxLJY,"The Ghost of Raynham Hall - 2011 Version","Carach Angren",https://open.spotify.com/track/1baQYKdoHousWc3dTrxLJY,spotify:track:1baQYKdoHousWc3dTrxLJY
458dah1txGrsaDVk3UAOnT,"Ethereal Veiled Existence - 2011 Version","Carach Angren",https://open.spotify.com/track/458dah1txGrsaDVk3UAOnT,spotify:track:458dah1txGrsaDVk3UAOnT
4Rz1rwQcQqpM17IZGkDO2P,"Sepulchral Disequilibrium - 2011 Version","Carach Angren",https://open.spotify.com/track/4Rz1rwQcQqpM17IZGkDO2P,spotify:track:4Rz1rwQcQqpM17IZGkDO2P
3126s3u2y475fx3Yhvjuel,"Here in German Woodland","Carach Angren",https://open.spotify.com/track/3126s3u2y475fx3Yhvjuel,spotify:track:3126s3u2y475fx3Yhvjuel
0SkS6ZAw1XdhJahascvaJ7,"Scourged Ghoul Undead","Carach Angren",https://open.spotify.com/track/0SkS6ZAw1XdhJahascvaJ7,spotify:track:0SkS6ZAw1XdhJahascvaJ7
2uQLkFOTwXJ1CKsVypBsF9,"Franckensteina Strataemontanus","Carach Angren",https://open.spotify.com/track/2uQLkFOTwXJ1CKsVypBsF9,spotify:track:2uQLkFOTwXJ1CKsVypBsF9
6vfMUCHentHj4BmbsFkK28,"The Necromancer","Carach Angren",https://open.spotify.com/track/6vfMUCHentHj4BmbsFkK28,spotify:track:6vfMUCHentHj4BmbsFkK28
57dQMWpWtoUOjxH94B4qfh,"Sewn for Solitude","Carach Angren",https://open.spotify.com/track/57dQMWpWtoUOjxH94B4qfh,spotify:track:57dQMWpWtoUOjxH94B4qfh
2j21H2dmoPrlcUF6f1lQC5,"Operation Compass","Carach Angren",https://open.spotify.com/track/2j21H2dmoPrlcUF6f1lQC5,spotify:track:2j21H2dmoPrlcUF6f1lQC5
5gz2IJroCSAHj0zj59rcQJ,Monster,"Carach Angren",https://open.spotify.com/track/5gz2IJroCSAHj0zj59rcQJ,spotify:track:5gz2IJroCSAHj0zj59rcQJ
6QE1SVGg1Goi38GBxYzNv3,"Der Vampir Von Nürnberg","Carach Angren",https://open.spotify.com/track/6QE1SVGg1Goi38GBxYzNv3,spotify:track:6QE1SVGg1Goi38GBxYzNv3
3kUIrlMrM5MZHGlnafR8fV,"Skull with a Forked Tongue","Carach Angren",https://open.spotify.com/track/3kUIrlMrM5MZHGlnafR8fV,spotify:track:3kUIrlMrM5MZHGlnafR8fV
25nGjs5rkCERh8r9q0hpOD,"Frederick's Experiments","Carach Angren",https://open.spotify.com/track/25nGjs5rkCERh8r9q0hpOD,spotify:track:25nGjs5rkCERh8r9q0hpOD
5zO7AoUI9QutYgLLkGYXpU,"Het Spook Van De Leiffartshof","Carach Angren",https://open.spotify.com/track/5zO7AoUI9QutYgLLkGYXpU,spotify:track:5zO7AoUI9QutYgLLkGYXpU
5FDesSaI2TAbOGwOSGxqz2,"A Strange Presence Near the Woods","Carach Angren",https://open.spotify.com/track/5FDesSaI2TAbOGwOSGxqz2,spotify:track:5FDesSaI2TAbOGwOSGxqz2
2PtCNdpfcR3zcQD1WpEtXr,"Haunting Echoes from the Seventeenth Century","Carach Angren",https://open.spotify.com/track/2PtCNdpfcR3zcQD1WpEtXr,spotify:track:2PtCNdpfcR3zcQD1WpEtXr
2QW96nCbErC7LypG6k7Yv1,"Phobic Shadows and Moonlit Meadows","Carach Angren",https://open.spotify.com/track/2QW96nCbErC7LypG6k7Yv1,spotify:track:2QW96nCbErC7LypG6k7Yv1
2oF9qpxXlEhWY8zYK0dVB9,"Hexed Melting Flesh","Carach Angren",https://open.spotify.com/track/2oF9qpxXlEhWY8zYK0dVB9,spotify:track:2oF9qpxXlEhWY8zYK0dVB9
3MIq5E4V1VWujDUcstWCnF,"The Carriage Wheel Murder","Carach Angren",https://open.spotify.com/track/3MIq5E4V1VWujDUcstWCnF,spotify:track:3MIq5E4V1VWujDUcstWCnF
1uhDfW9UyhhAUybtgcRq5m,"Corpse in a Nebulous Creek","Carach Angren",https://open.spotify.com/track/1uhDfW9UyhhAUybtgcRq5m,spotify:track:1uhDfW9UyhhAUybtgcRq5m
4Xb7h2DRAVMnPQ0CLNPKI6,"Invisible Physic Entity","Carach Angren",https://open.spotify.com/track/4Xb7h2DRAVMnPQ0CLNPKI6,spotify:track:4Xb7h2DRAVMnPQ0CLNPKI6
3yNPrva0rtZYJ8iUCB5PL6,"Heretic Poltergeist Phenomena","Carach Angren",https://open.spotify.com/track/3yNPrva0rtZYJ8iUCB5PL6,spotify:track:3yNPrva0rtZYJ8iUCB5PL6
0e8fq2R6fTZeJUtWCAVs11,"La Malédiction de la Dame Blanche","Carach Angren",https://open.spotify.com/track/0e8fq2R6fTZeJUtWCAVs11,spotify:track:0e8fq2R6fTZeJUtWCAVs11
1ZvhR3TFoSBFX5hqabhMHV,"There Was No Light - Bonus Track","Carach Angren",https://open.spotify.com/track/1ZvhR3TFoSBFX5hqabhMHV,spotify:track:1ZvhR3TFoSBFX5hqabhMHV
3yULRS3qaIpEfiDSbFNUB9,"After Death Premises - Bonus Track","Carach Angren",https://open.spotify.com/track/3yULRS3qaIpEfiDSbFNUB9,spotify:track:3yULRS3qaIpEfiDSbFNUB9
0BwI9r9Pw4pfK3UyZVnYJD,"Yonder Realm Photography - Bonus Track","Carach Angren",https://open.spotify.com/track/0BwI9r9Pw4pfK3UyZVnYJD,spotify:track:0BwI9r9Pw4pfK3UyZVnYJD
7ydNp9lvmnYSvTMzScbTQp,"When Crows Tick on Windows","Carach Angren",https://open.spotify.com/track/7ydNp9lvmnYSvTMzScbTQp,spotify:track:7ydNp9lvmnYSvTMzScbTQp
22mLxdBxBzLAC65fPirK2k,"Two Flies Flew into a Black Sugar Cobweb","Carach Angren",https://open.spotify.com/track/22mLxdBxBzLAC65fPirK2k,spotify:track:22mLxdBxBzLAC65fPirK2k
29AMSRK2oQrVc020hBJCOY,"Dreaming of a Nightmare in Eden","Carach Angren",https://open.spotify.com/track/29AMSRK2oQrVc020hBJCOY,spotify:track:29AMSRK2oQrVc020hBJCOY
25slwSak8EOZ5YhEPmuePJ,"Possessed by a Craft of Witchery","Carach Angren",https://open.spotify.com/track/25slwSak8EOZ5YhEPmuePJ,spotify:track:25slwSak8EOZ5YhEPmuePJ
74Un3SeXcpwDGDnyIf7Awy,"Killed and Served by the Devil","Carach Angren",https://open.spotify.com/track/74Un3SeXcpwDGDnyIf7Awy,spotify:track:74Un3SeXcpwDGDnyIf7Awy
4gwb46tfgqY7UrQT3YrNFs,"The Witch Perished in Flames","Carach Angren",https://open.spotify.com/track/4gwb46tfgqY7UrQT3YrNFs,spotify:track:4gwb46tfgqY7UrQT3YrNFs
1HhqjmSmZ1BpVyzEMLRXJ3,"Tragedy Ever After","Carach Angren",https://open.spotify.com/track/1HhqjmSmZ1BpVyzEMLRXJ3,spotify:track:1HhqjmSmZ1BpVyzEMLRXJ3
6lm0RlwCRdKWcCyNJmT2U3,"Dreaming of a Nightmare in Eden","Carach Angren",https://open.spotify.com/track/6lm0RlwCRdKWcCyNJmT2U3,spotify:track:6lm0RlwCRdKWcCyNJmT2U3
2uDH6Ws1AxyHHt2R08VGwK,"Lingering in an Imprint Haunting","Carach Angren",https://open.spotify.com/track/2uDH6Ws1AxyHHt2R08VGwK,spotify:track:2uDH6Ws1AxyHHt2R08VGwK
2XOW6qlxr3Fy1Nz6rqzILT,"Bitte Tötet Mich","Carach Angren",https://open.spotify.com/track/2XOW6qlxr3Fy1Nz6rqzILT,spotify:track:2XOW6qlxr3Fy1Nz6rqzILT
7BjkZUnaCSL1ZdazIpX3Ia,"The Funerary Dirge of a Violinist","Carach Angren",https://open.spotify.com/track/7BjkZUnaCSL1ZdazIpX3Ia,spotify:track:7BjkZUnaCSL1ZdazIpX3Ia
3VoonyyRyI5WXF28kXHgxx,"Sir John","Carach Angren",https://open.spotify.com/track/3VoonyyRyI5WXF28kXHgxx,spotify:track:3VoonyyRyI5WXF28kXHgxx
1g81kkBVG4g6tnmdObnqLa,"Spectral Infantry Battalions","Carach Angren",https://open.spotify.com/track/1g81kkBVG4g6tnmdObnqLa,spotify:track:1g81kkBVG4g6tnmdObnqLa
5hC0K2vKAxlEosOHfFEfoo,"General Nightmare","Carach Angren",https://open.spotify.com/track/5hC0K2vKAxlEosOHfFEfoo,spotify:track:5hC0K2vKAxlEosOHfFEfoo
56de0k1tHe5MFpKHjiQTlg,"Little Hector, What Have You Done?","Carach Angren",https://open.spotify.com/track/56de0k1tHe5MFpKHjiQTlg,spotify:track:56de0k1tHe5MFpKHjiQTlg
4uppG0TYaBLyrfNC1iWDhY,"These Fields Are Lurking - Seven Pairs of Demon Eyes","Carach Angren",https://open.spotify.com/track/4uppG0TYaBLyrfNC1iWDhY,spotify:track:4uppG0TYaBLyrfNC1iWDhY
1HckOFYSs5VkrgiQlpEq8a,"Terrasitic Adaptation","Cattle Decapitation",https://open.spotify.com/track/1HckOFYSs5VkrgiQlpEq8a,spotify:track:1HckOFYSs5VkrgiQlpEq8a
2VREb6SYgne3Eai0nrXUPk,"We Eat Our Young","Cattle Decapitation",https://open.spotify.com/track/2VREb6SYgne3Eai0nrXUPk,spotify:track:2VREb6SYgne3Eai0nrXUPk
4XszLSHo8Tu3eFZhQ5FSd4,"Scourge of the Offspring","Cattle Decapitation",https://open.spotify.com/track/4XszLSHo8Tu3eFZhQ5FSd4,spotify:track:4XszLSHo8Tu3eFZhQ5FSd4
3oAhLydAUEf6GS7xznT8OS,"The Insignificants","Cattle Decapitation",https://open.spotify.com/track/3oAhLydAUEf6GS7xznT8OS,spotify:track:3oAhLydAUEf6GS7xznT8OS
6fsMpOEQndxymzV9eex4r3,"The Storm Upstairs","Cattle Decapitation",https://open.spotify.com/track/6fsMpOEQndxymzV9eex4r3,spotify:track:6fsMpOEQndxymzV9eex4r3
6VK7BsL0mRya5WyfOYeqOZ,"...and the World Will Go on Without You","Cattle Decapitation",https://open.spotify.com/track/6VK7BsL0mRya5WyfOYeqOZ,spotify:track:6VK7BsL0mRya5WyfOYeqOZ
3PZCcCykTqurDFO6QUfGKq,"A Photic Doom","Cattle Decapitation",https://open.spotify.com/track/3PZCcCykTqurDFO6QUfGKq,spotify:track:3PZCcCykTqurDFO6QUfGKq
6FvUXdU7KX43qtVxO8N0JB,"Dead End Residents","Cattle Decapitation",https://open.spotify.com/track/6FvUXdU7KX43qtVxO8N0JB,spotify:track:6FvUXdU7KX43qtVxO8N0JB
0xoN1BYr4R1ML4VN8e1t2d,Solastalgia,"Cattle Decapitation",https://open.spotify.com/track/0xoN1BYr4R1ML4VN8e1t2d,spotify:track:0xoN1BYr4R1ML4VN8e1t2d
6LydTsgNjr8rzpRkVOep0p,"Just Another Body","Cattle Decapitation",https://open.spotify.com/track/6LydTsgNjr8rzpRkVOep0p,spotify:track:6LydTsgNjr8rzpRkVOep0p
5FiBkQIbXChLdzkySjnFrB,"Progeny of Rmdax Tasing",CHTHONIC,https://open.spotify.com/track/5FiBkQIbXChLdzkySjnFrB,spotify:track:5FiBkQIbXChLdzkySjnFrB
5QYLxJAstOkbgWEdBH86LG,"Indigenous Laceration",CHTHONIC,https://open.spotify.com/track/5QYLxJAstOkbgWEdBH86LG,spotify:track:5QYLxJAstOkbgWEdBH86LG
2Fl04wdlcNcWr1p2UlnGaR,Enthrone,CHTHONIC,https://open.spotify.com/track/2Fl04wdlcNcWr1p2UlnGaR,spotify:track:2Fl04wdlcNcWr1p2UlnGaR
0yHAi0sCy27iHwVf4mM6G4,"Bloody Gaya Fulfilled",CHTHONIC,https://open.spotify.com/track/0yHAi0sCy27iHwVf4mM6G4,spotify:track:0yHAi0sCy27iHwVf4mM6G4
70vjb7mkcA1lHJPr5jlnP9,"The Gods Weep",CHTHONIC,https://open.spotify.com/track/70vjb7mkcA1lHJPr5jlnP9,spotify:track:70vjb7mkcA1lHJPr5jlnP9
2BpPBLU3673BV2KZHdilVj,"Where the Utux Ancestors Wait",CHTHONIC,https://open.spotify.com/track/2BpPBLU3673BV2KZHdilVj,spotify:track:2BpPBLU3673BV2KZHdilVj
4ypKlbStm46Lv8o2f5cnRw,"Exulant Suicide",CHTHONIC,https://open.spotify.com/track/4ypKlbStm46Lv8o2f5cnRw,spotify:track:4ypKlbStm46Lv8o2f5cnRw
4aqfSeOHYREJloH6QrFYKr,"Banished into Death",CHTHONIC,https://open.spotify.com/track/4aqfSeOHYREJloH6QrFYKr,spotify:track:4aqfSeOHYREJloH6QrFYKr
3OX8Tw62En9tkk4AT3Bu6v,"Quasi Putrefaction",CHTHONIC,https://open.spotify.com/track/3OX8Tw62En9tkk4AT3Bu6v,spotify:track:3OX8Tw62En9tkk4AT3Bu6v
0VwEIRp1gZihPBqQVKBd9w,"The Death We Seek",Currents,https://open.spotify.com/track/0VwEIRp1gZihPBqQVKBd9w,spotify:track:0VwEIRp1gZihPBqQVKBd9w
4gYTRtoYacPdp0sxRm03sQ,"Living In Tragedy",Currents,https://open.spotify.com/track/4gYTRtoYacPdp0sxRm03sQ,spotify:track:4gYTRtoYacPdp0sxRm03sQ
2QU5VC9WgWdbktHKBrKKNX,Unfamiliar,Currents,https://open.spotify.com/track/2QU5VC9WgWdbktHKBrKKNX,spotify:track:2QU5VC9WgWdbktHKBrKKNX
305Zplio7ipZsFs0cZPBQu,"So Alone",Currents,https://open.spotify.com/track/305Zplio7ipZsFs0cZPBQu,spotify:track:305Zplio7ipZsFs0cZPBQu
5vPGkNZynqNRfLtgYDw8fG,"Over And Over",Currents,https://open.spotify.com/track/5vPGkNZynqNRfLtgYDw8fG,spotify:track:5vPGkNZynqNRfLtgYDw8fG
6fsl084UDcjYB8i5zro5RT,"Beyond This Road",Currents,https://open.spotify.com/track/6fsl084UDcjYB8i5zro5RT,spotify:track:6fsl084UDcjYB8i5zro5RT
0LE3IvKbdX0K60ajO7KdEe,Vengeance,Currents,https://open.spotify.com/track/0LE3IvKbdX0K60ajO7KdEe,spotify:track:0LE3IvKbdX0K60ajO7KdEe
6ytoN9O5pVOb94xdUTAt5r,"Gone Astray",Currents,https://open.spotify.com/track/6ytoN9O5pVOb94xdUTAt5r,spotify:track:6ytoN9O5pVOb94xdUTAt5r
3zwdN4h7DNlGlm3w4KylOM,"Remember Me",Currents,https://open.spotify.com/track/3zwdN4h7DNlGlm3w4KylOM,spotify:track:3zwdN4h7DNlGlm3w4KylOM
5lkdLW1DpeaCT95puvv15Q,"Guide Us Home",Currents,https://open.spotify.com/track/5lkdLW1DpeaCT95puvv15Q,spotify:track:5lkdLW1DpeaCT95puvv15Q
56RVUS1Yo2YxkhU9bIi2i1,"The Key To Gramercy Park - Album Version (Edited)",Deadsy,https://open.spotify.com/track/56RVUS1Yo2YxkhU9bIi2i1,spotify:track:56RVUS1Yo2YxkhU9bIi2i1
6gZHaO92ia6FllRuJbq4qD,Winners,Deadsy,https://open.spotify.com/track/6gZHaO92ia6FllRuJbq4qD,spotify:track:6gZHaO92ia6FllRuJbq4qD
5JMwqxW7hH7sU7A7XXv1rR,"Brand New Love",Deadsy,https://open.spotify.com/track/5JMwqxW7hH7sU7A7XXv1rR,spotify:track:5JMwqxW7hH7sU7A7XXv1rR
6MQaptqw9EwpQB4qnNfRr8,"Mansion World",Deadsy,https://open.spotify.com/track/6MQaptqw9EwpQB4qnNfRr8,spotify:track:6MQaptqw9EwpQB4qnNfRr8
2XZTNfo1rZocrepM4BhAci,"She Likes Big Words",Deadsy,https://open.spotify.com/track/2XZTNfo1rZocrepM4BhAci,spotify:track:2XZTNfo1rZocrepM4BhAci
6XIJF4lU5ddXvyBweJPdKl,"Tom Sawyer",Deadsy,https://open.spotify.com/track/6XIJF4lU5ddXvyBweJPdKl,spotify:track:6XIJF4lU5ddXvyBweJPdKl
1158ckiB5S4cpsdYHDB9IF,"My Own Summer (Shove It)",Deftones,https://open.spotify.com/track/1158ckiB5S4cpsdYHDB9IF,spotify:track:1158ckiB5S4cpsdYHDB9IF
28q0pUwcJRS2tGZsYH6xL5,Lhabia,Deftones,https://open.spotify.com/track/28q0pUwcJRS2tGZsYH6xL5,spotify:track:28q0pUwcJRS2tGZsYH6xL5
4cLdpErILMO8Db8pQVAVcZ,Mascara,Deftones,https://open.spotify.com/track/4cLdpErILMO8Db8pQVAVcZ,spotify:track:4cLdpErILMO8Db8pQVAVcZ
3Fwe3XoPOiyWUPYdBKMTqV,"Around the Fur",Deftones,https://open.spotify.com/track/3Fwe3XoPOiyWUPYdBKMTqV,spotify:track:3Fwe3XoPOiyWUPYdBKMTqV
7Ca5yTC81P0AtRnNKHKzwJ,Rickets,Deftones,https://open.spotify.com/track/7Ca5yTC81P0AtRnNKHKzwJ,spotify:track:7Ca5yTC81P0AtRnNKHKzwJ
4Uiw0Sl9yskBaC6P4DcdVD,"Be Quiet and Drive (Far Away)",Deftones,https://open.spotify.com/track/4Uiw0Sl9yskBaC6P4DcdVD,spotify:track:4Uiw0Sl9yskBaC6P4DcdVD
7iiULg8Kmbnh1vWbh9rnBA,Lotion,Deftones,https://open.spotify.com/track/7iiULg8Kmbnh1vWbh9rnBA,spotify:track:7iiULg8Kmbnh1vWbh9rnBA
2cN7qiHMJflO91pkG9HoO1,"Dai the Flu",Deftones,https://open.spotify.com/track/2cN7qiHMJflO91pkG9HoO1,spotify:track:2cN7qiHMJflO91pkG9HoO1
4dfvPFbLEa6JzZV4dZTWt7,Headup,Deftones,https://open.spotify.com/track/4dfvPFbLEa6JzZV4dZTWt7,spotify:track:4dfvPFbLEa6JzZV4dZTWt7
0CSZ1DMvRZH0WLB5V0WSom,MX,Deftones,https://open.spotify.com/track/0CSZ1DMvRZH0WLB5V0WSom,spotify:track:0CSZ1DMvRZH0WLB5V0WSom
6JA2auUy8k0qpEou3kFHA4,Xibir,"Dimmu Borgir",https://open.spotify.com/track/6JA2auUy8k0qpEou3kFHA4,spotify:track:6JA2auUy8k0qpEou3kFHA4
7eeIiCP5NQuNmUlr0Skp73,"Born Treacherous","Dimmu Borgir",https://open.spotify.com/track/7eeIiCP5NQuNmUlr0Skp73,spotify:track:7eeIiCP5NQuNmUlr0Skp73
3qkf1Y3skRm04Vxw9dfi2P,Gateways,"Dimmu Borgir",https://open.spotify.com/track/3qkf1Y3skRm04Vxw9dfi2P,spotify:track:3qkf1Y3skRm04Vxw9dfi2P
5mbA2IlhVzj6fQ2yj9js6s,"Chess With The Abyss","Dimmu Borgir",https://open.spotify.com/track/5mbA2IlhVzj6fQ2yj9js6s,spotify:track:5mbA2IlhVzj6fQ2yj9js6s
6pEVvy3daI9uvVuRQAX1M8,"Dimmu Borgir","Dimmu Borgir",https://open.spotify.com/track/6pEVvy3daI9uvVuRQAX1M8,spotify:track:6pEVvy3daI9uvVuRQAX1M8
4be6dGXi8LFHntrulQyOgb,Ritualist,"Dimmu Borgir",https://open.spotify.com/track/4be6dGXi8LFHntrulQyOgb,spotify:track:4be6dGXi8LFHntrulQyOgb
10n1CzPpPNpbeSD2LGNmEY,"The Demiurge Molecule","Dimmu Borgir",https://open.spotify.com/track/10n1CzPpPNpbeSD2LGNmEY,spotify:track:10n1CzPpPNpbeSD2LGNmEY
1gHNs02MsCvMhgSl9GWJsf,"A Jewel Traced Through Coal","Dimmu Borgir",https://open.spotify.com/track/1gHNs02MsCvMhgSl9GWJsf,spotify:track:1gHNs02MsCvMhgSl9GWJsf
7FTScCvrQRUdvj6fNpWZND,Renewal,"Dimmu Borgir",https://open.spotify.com/track/7FTScCvrQRUdvj6fNpWZND,spotify:track:7FTScCvrQRUdvj6fNpWZND
1Dp4SbLmqqNx3TE6MXOPTh,"Endings And Continuations","Dimmu Borgir",https://open.spotify.com/track/1Dp4SbLmqqNx3TE6MXOPTh,spotify:track:1Dp4SbLmqqNx3TE6MXOPTh
6uGaTQS36VNv95YD44Pdqb,"Gateways - Orchestral Version","Dimmu Borgir",https://open.spotify.com/track/6uGaTQS36VNv95YD44Pdqb,spotify:track:6uGaTQS36VNv95YD44Pdqb
4UZipUd5j1P6OgdzyuN56O,"Council of Wolves and Snakes","Dimmu Borgir",https://open.spotify.com/track/4UZipUd5j1P6OgdzyuN56O,spotify:track:4UZipUd5j1P6OgdzyuN56O
2t0DnOIEpkbJqDc6h1IKnw,"Mourning Palace","Dimmu Borgir",https://open.spotify.com/track/2t0DnOIEpkbJqDc6h1IKnw,spotify:track:2t0DnOIEpkbJqDc6h1IKnw
7oQQBlMigolw4WeFnr52vA,"Spellbound (By the Devil)","Dimmu Borgir",https://open.spotify.com/track/7oQQBlMigolw4WeFnr52vA,spotify:track:7oQQBlMigolw4WeFnr52vA
33Tw7bBpn08xmigGaruVhL,"In Death's Embrace","Dimmu Borgir",https://open.spotify.com/track/33Tw7bBpn08xmigGaruVhL,spotify:track:33Tw7bBpn08xmigGaruVhL
2Ny9rqCQhV0rpl4c7J9wR1,"Relinguishment of Spirit and Flesh","Dimmu Borgir",https://open.spotify.com/track/2Ny9rqCQhV0rpl4c7J9wR1,spotify:track:2Ny9rqCQhV0rpl4c7J9wR1
7tevincuNbYlW2hznyeZ06,"The Night Masquerade","Dimmu Borgir",https://open.spotify.com/track/7tevincuNbYlW2hznyeZ06,spotify:track:7tevincuNbYlW2hznyeZ06
28WDsEhOylPsWNhWYAQpQ7,"Tormentor of Christian Souls","Dimmu Borgir",https://open.spotify.com/track/28WDsEhOylPsWNhWYAQpQ7,spotify:track:28WDsEhOylPsWNhWYAQpQ7
2Mke72rss43Dvc2XNOSsED,Entrance,"Dimmu Borgir",https://open.spotify.com/track/2Mke72rss43Dvc2XNOSsED,spotify:track:2Mke72rss43Dvc2XNOSsED
7JRuQR487iH5TOyeNc8mbt,"Master of Disharmony","Dimmu Borgir",https://open.spotify.com/track/7JRuQR487iH5TOyeNc8mbt,spotify:track:7JRuQR487iH5TOyeNc8mbt
4BvgixmwRzYsKoSXgknxVM,"Prudence's Fall","Dimmu Borgir",https://open.spotify.com/track/4BvgixmwRzYsKoSXgknxVM,spotify:track:4BvgixmwRzYsKoSXgknxVM
4NsPMkTnEpsk1cgTnSuDNq,"A Succubus in Rapture","Dimmu Borgir",https://open.spotify.com/track/4NsPMkTnEpsk1cgTnSuDNq,spotify:track:4NsPMkTnEpsk1cgTnSuDNq
62ri8rq5xn79fe0nBcGtpm,"The Unveiling","Dimmu Borgir",https://open.spotify.com/track/62ri8rq5xn79fe0nBcGtpm,spotify:track:62ri8rq5xn79fe0nBcGtpm
46n6VuqA9duyrbR9sxx2n7,"The Empyrean Phoenix","Dimmu Borgir",https://open.spotify.com/track/46n6VuqA9duyrbR9sxx2n7,spotify:track:46n6VuqA9duyrbR9sxx2n7
0b6UBSgMLu1WjxzIF3SxiO,"The Serpentine Offering","Dimmu Borgir",https://open.spotify.com/track/0b6UBSgMLu1WjxzIF3SxiO,spotify:track:0b6UBSgMLu1WjxzIF3SxiO
6YDdsnMeMSLAZLB9Nkqvr9,"Blessing Upon The Throne Of Ty","Dimmu Borgir",https://open.spotify.com/track/6YDdsnMeMSLAZLB9Nkqvr9,spotify:track:6YDdsnMeMSLAZLB9Nkqvr9
7m8LtvnksLxuGI3TDzPL8D,"Puritania - Studio","Dimmu Borgir",https://open.spotify.com/track/7m8LtvnksLxuGI3TDzPL8D,spotify:track:7m8LtvnksLxuGI3TDzPL8D
2xzFt5zOc1CdcNklXcgdRq,"Pitch Blease","Electric Callboy",https://open.spotify.com/track/2xzFt5zOc1CdcNklXcgdRq,spotify:track:2xzFt5zOc1CdcNklXcgdRq
0KvLsZVxFb9u4Fjgd11Vaf,"Baby (T.U.M.H.)","Electric Callboy",https://open.spotify.com/track/0KvLsZVxFb9u4Fjgd11Vaf,spotify:track:0KvLsZVxFb9u4Fjgd11Vaf
3gPskJhEhlAeD7OGCger1K,"My Own Summer","Electric Callboy",https://open.spotify.com/track/3gPskJhEhlAeD7OGCger1K,spotify:track:3gPskJhEhlAeD7OGCger1K
0GmvpiK21STwKpmc6eHuPg,"Kill Your Idols","Electric Callboy",https://open.spotify.com/track/0GmvpiK21STwKpmc6eHuPg,spotify:track:0GmvpiK21STwKpmc6eHuPg
0igJ1dss3RT5umPvwygIYY,Ritual,"Electric Callboy",https://open.spotify.com/track/0igJ1dss3RT5umPvwygIYY,spotify:track:0igJ1dss3RT5umPvwygIYY
0ILjTDCyHbxAAtBVk7iVJF,Monster,"Electric Callboy",https://open.spotify.com/track/0ILjTDCyHbxAAtBVk7iVJF,spotify:track:0ILjTDCyHbxAAtBVk7iVJF
1aT1mZvXHrJGdsCnpCotoX,"2 Fat 2 Furious","Electric Callboy",https://open.spotify.com/track/1aT1mZvXHrJGdsCnpCotoX,spotify:track:1aT1mZvXHrJGdsCnpCotoX
0t0g4OwishZ5BdzAj7UY8n,Crystals,"Electric Callboy",https://open.spotify.com/track/0t0g4OwishZ5BdzAj7UY8n,spotify:track:0t0g4OwishZ5BdzAj7UY8n
3XI3zurOpX8a45uhhjHKSw,"Walk On The Thin Line","Electric Callboy",https://open.spotify.com/track/3XI3zurOpX8a45uhhjHKSw,spotify:track:3XI3zurOpX8a45uhhjHKSw
6dcxA7XvgrpD1ncyqdt4vh,"Back in the Bizz","Electric Callboy",https://open.spotify.com/track/6dcxA7XvgrpD1ncyqdt4vh,spotify:track:6dcxA7XvgrpD1ncyqdt4vh
7synI8hwKZiEsf11m1tqto,"MC Thunder","Electric Callboy",https://open.spotify.com/track/7synI8hwKZiEsf11m1tqto,spotify:track:7synI8hwKZiEsf11m1tqto
6M3FKfTaCdUz4ztwEqnZPA,"The Devil Within","Electric Callboy",https://open.spotify.com/track/6M3FKfTaCdUz4ztwEqnZPA,spotify:track:6M3FKfTaCdUz4ztwEqnZPA
0LbwutTbG21oSGxV9SUUS2,Banshee,"Electric Callboy",https://open.spotify.com/track/0LbwutTbG21oSGxV9SUUS2,spotify:track:0LbwutTbG21oSGxV9SUUS2
3IYwEqgqKKRMzhDk3HzLY9,Shallows,"Electric Callboy",https://open.spotify.com/track/3IYwEqgqKKRMzhDk3HzLY9,spotify:track:3IYwEqgqKKRMzhDk3HzLY9
3Vm9VFICD3CD9GjQCnN7KY,"Nightlife (feat. Little Big)","Electric Callboy,Little Big",https://open.spotify.com/track/3Vm9VFICD3CD9GjQCnN7KY,spotify:track:3Vm9VFICD3CD9GjQCnN7KY
6gXeORo5MVRmVDxiaQT1WS,Rooftop,"Electric Callboy",https://open.spotify.com/track/6gXeORo5MVRmVDxiaQT1WS,spotify:track:6gXeORo5MVRmVDxiaQT1WS
29jdT24cfdRzOmn57MSFlS,"Death March","Enemies Everywhere",https://open.spotify.com/track/29jdT24cfdRzOmn57MSFlS,spotify:track:29jdT24cfdRzOmn57MSFlS
0gtQpIxMYqLxtSQn52m0Wx,"So Much For The Afterglow",Everclear,https://open.spotify.com/track/0gtQpIxMYqLxtSQn52m0Wx,spotify:track:0gtQpIxMYqLxtSQn52m0Wx
6BdD561PmmMhpUYI7Qhaut,"Everything To Everyone",Everclear,https://open.spotify.com/track/6BdD561PmmMhpUYI7Qhaut,spotify:track:6BdD561PmmMhpUYI7Qhaut
2loiDnx1qHNnf0yqvGTG9a,"Ataraxia - Media Intro",Everclear,https://open.spotify.com/track/2loiDnx1qHNnf0yqvGTG9a,spotify:track:2loiDnx1qHNnf0yqvGTG9a
5tScmCJpsbBLm5WdQy7pu0,"Normal Like You",Everclear,https://open.spotify.com/track/5tScmCJpsbBLm5WdQy7pu0,spotify:track:5tScmCJpsbBLm5WdQy7pu0
2fhfoZqqTJ8jo4HvWseNfM,"I Will Buy You A New Life",Everclear,https://open.spotify.com/track/2fhfoZqqTJ8jo4HvWseNfM,spotify:track:2fhfoZqqTJ8jo4HvWseNfM
2hx4ptqsE8dboLH3NCLmaN,"Father Of Mine",Everclear,https://open.spotify.com/track/2hx4ptqsE8dboLH3NCLmaN,spotify:track:2hx4ptqsE8dboLH3NCLmaN
5gbvhf4DIawxnJLdEKceW0,"One Hit Wonder",Everclear,https://open.spotify.com/track/5gbvhf4DIawxnJLdEKceW0,spotify:track:5gbvhf4DIawxnJLdEKceW0
37FcNfCFA20AQuYOE3u9kE,"El Distorto De Melodica",Everclear,https://open.spotify.com/track/37FcNfCFA20AQuYOE3u9kE,spotify:track:37FcNfCFA20AQuYOE3u9kE
57a2a5vsEqnZsjcwMuo6Vo,Amphetamine,Everclear,https://open.spotify.com/track/57a2a5vsEqnZsjcwMuo6Vo,spotify:track:57a2a5vsEqnZsjcwMuo6Vo
09DnUrchevDSnviimEqB5u,"White Men In Black Suits",Everclear,https://open.spotify.com/track/09DnUrchevDSnviimEqB5u,spotify:track:09DnUrchevDSnviimEqB5u
2YOfBmTyunK5HxVFvQEfKI,Sunflowers,Everclear,https://open.spotify.com/track/2YOfBmTyunK5HxVFvQEfKI,spotify:track:2YOfBmTyunK5HxVFvQEfKI
6Wlq86hkyVkLVhpYvwHVBU,"Why I Don't Believe In God",Everclear,https://open.spotify.com/track/6Wlq86hkyVkLVhpYvwHVBU,spotify:track:6Wlq86hkyVkLVhpYvwHVBU
6usUkXAEoNbmZOkSyAGCQb,"Like A California King",Everclear,https://open.spotify.com/track/6usUkXAEoNbmZOkSyAGCQb,spotify:track:6usUkXAEoNbmZOkSyAGCQb
4GI3yCscSVFhs7v6JqYOJ6,"Hating You For Christmas",Everclear,https://open.spotify.com/track/4GI3yCscSVFhs7v6JqYOJ6,spotify:track:4GI3yCscSVFhs7v6JqYOJ6
6jc5gHCmrZW1XLcRM3wFlC,"Hey Man, Nice Shot - Remastered Version",Filter,https://open.spotify.com/track/6jc5gHCmrZW1XLcRM3wFlC,spotify:track:6jc5gHCmrZW1XLcRM3wFlC
2c5wml8wsBnPfNSbCZ574T,"Take a Picture",Filter,https://open.spotify.com/track/2c5wml8wsBnPfNSbCZ574T,spotify:track:2c5wml8wsBnPfNSbCZ574T
7ezIUoHieQUZ2b3czrPp82,"When Everything Means Nothing","Fit For A King",https://open.spotify.com/track/7ezIUoHieQUZ2b3czrPp82,spotify:track:7ezIUoHieQUZ2b3czrPp82
2KvhVhBR7MIMZUQNRBiY2k,Doll,"Foo Fighters",https://open.spotify.com/track/2KvhVhBR7MIMZUQNRBiY2k,spotify:track:2KvhVhBR7MIMZUQNRBiY2k
44wXefe8WB9Fd6xwtmAwbR,"Monkey Wrench","Foo Fighters",https://open.spotify.com/track/44wXefe8WB9Fd6xwtmAwbR,spotify:track:44wXefe8WB9Fd6xwtmAwbR
0M5xRyxGpFFDfzN2x0wdpH,"Hey, Johnny Park!","Foo Fighters",https://open.spotify.com/track/0M5xRyxGpFFDfzN2x0wdpH,spotify:track:0M5xRyxGpFFDfzN2x0wdpH
3yIUusX4NApzRSAkxZFrJg,"My Poor Brain","Foo Fighters",https://open.spotify.com/track/3yIUusX4NApzRSAkxZFrJg,spotify:track:3yIUusX4NApzRSAkxZFrJg
56ucsSaTrjiQaokbbDASOR,"Wind Up","Foo Fighters",https://open.spotify.com/track/56ucsSaTrjiQaokbbDASOR,spotify:track:56ucsSaTrjiQaokbbDASOR
05TcC5ZN9rp8Glx8A9C2Nd,"Up In Arms","Foo Fighters",https://open.spotify.com/track/05TcC5ZN9rp8Glx8A9C2Nd,spotify:track:05TcC5ZN9rp8Glx8A9C2Nd
4dVbhS6OiYvFikshyaQaCN,"My Hero","Foo Fighters",https://open.spotify.com/track/4dVbhS6OiYvFikshyaQaCN,spotify:track:4dVbhS6OiYvFikshyaQaCN
48PrL49eJ5P15yTxjK0oW6,"See You","Foo Fighters",https://open.spotify.com/track/48PrL49eJ5P15yTxjK0oW6,spotify:track:48PrL49eJ5P15yTxjK0oW6
4JWRyetq4ALHAXm9ByOOEg,"Enough Space","Foo Fighters",https://open.spotify.com/track/4JWRyetq4ALHAXm9ByOOEg,spotify:track:4JWRyetq4ALHAXm9ByOOEg
2ceA7CWWx6yIHdzppN8nLF,"February Stars","Foo Fighters",https://open.spotify.com/track/2ceA7CWWx6yIHdzppN8nLF,spotify:track:2ceA7CWWx6yIHdzppN8nLF
5UWwZ5lm5PKu6eKsHAGxOk,Everlong,"Foo Fighters",https://open.spotify.com/track/5UWwZ5lm5PKu6eKsHAGxOk,spotify:track:5UWwZ5lm5PKu6eKsHAGxOk
7pS2OVdIWviLpz5GOtJLzz,"Walking After You","Foo Fighters",https://open.spotify.com/track/7pS2OVdIWviLpz5GOtJLzz,spotify:track:7pS2OVdIWviLpz5GOtJLzz
44yHNmayqe7dI9fHjAYPCl,"New Way Home","Foo Fighters",https://open.spotify.com/track/44yHNmayqe7dI9fHjAYPCl,spotify:track:44yHNmayqe7dI9fHjAYPCl
4ZnD7qmpP3NWA1ctUzeUIw,"The Colour And The Shape","Foo Fighters",https://open.spotify.com/track/4ZnD7qmpP3NWA1ctUzeUIw,spotify:track:4ZnD7qmpP3NWA1ctUzeUIw
5HTPySHVzKat76M1IbiNml,"This Emptiness",Gojira,https://open.spotify.com/track/5HTPySHVzKat76M1IbiNml,spotify:track:5HTPySHVzKat76M1IbiNml
3U8Cn1reedRo5WXnTUWh6y,"Death Of Me",Gojira,https://open.spotify.com/track/3U8Cn1reedRo5WXnTUWh6y,spotify:track:3U8Cn1reedRo5WXnTUWh6y
63uaSgoiBOc2APs4KA24hK,Remembrance,Gojira,https://open.spotify.com/track/63uaSgoiBOc2APs4KA24hK,spotify:track:63uaSgoiBOc2APs4KA24hK
6mexhzCMb4fBvqxEeSvoyg,"Embrace The World",Gojira,https://open.spotify.com/track/6mexhzCMb4fBvqxEeSvoyg,spotify:track:6mexhzCMb4fBvqxEeSvoyg
7IbGZzqz1r2jmKqKCvtsBW,CLONE,Gojira,https://open.spotify.com/track/7IbGZzqz1r2jmKqKCvtsBW,spotify:track:7IbGZzqz1r2jmKqKCvtsBW
5Mt8pzSwYqukfZdErjbezP,"LIZARD SKIN",Gojira,https://open.spotify.com/track/5Mt8pzSwYqukfZdErjbezP,spotify:track:5Mt8pzSwYqukfZdErjbezP
37bJjX4It0q463yAjU8gwK,"BLOW ME AWAY YOU ( NIVERSE )",Gojira,https://open.spotify.com/track/37bJjX4It0q463yAjU8gwK,spotify:track:37bJjX4It0q463yAjU8gwK
50Vuhez61e93beM4HRUuHg,DELIVERANCE,Gojira,https://open.spotify.com/track/50Vuhez61e93beM4HRUuHg,spotify:track:50Vuhez61e93beM4HRUuHg
0uB9wg1QhlyKIl2TN3LDvB,"SPACE TIME",Gojira,https://open.spotify.com/track/0uB9wg1QhlyKIl2TN3LDvB,spotify:track:0uB9wg1QhlyKIl2TN3LDvB
4tEtjRSdyLw7O2rOB4Il1S,RISE,Gojira,https://open.spotify.com/track/4tEtjRSdyLw7O2rOB4Il1S,spotify:track:4tEtjRSdyLw7O2rOB4Il1S
7ywGDrZ7Ssgs0RnxjWromO,"FIRE IS EVERYTHING",Gojira,https://open.spotify.com/track/7ywGDrZ7Ssgs0RnxjWromO,spotify:track:7ywGDrZ7Ssgs0RnxjWromO
19424a2v8a88lfWbyublsg,OROBORUS,Gojira,https://open.spotify.com/track/19424a2v8a88lfWbyublsg,spotify:track:19424a2v8a88lfWbyublsg
64Oz04VZn5uMjAafC2WUj8,"TOXIC GARBAGE ISLAND",Gojira,https://open.spotify.com/track/64Oz04VZn5uMjAafC2WUj8,spotify:track:64Oz04VZn5uMjAafC2WUj8
3EJ0T0kN4nxOKUetDHgIm7,"YAMA'S MESSENGERS",Gojira,https://open.spotify.com/track/3EJ0T0kN4nxOKUetDHgIm7,spotify:track:3EJ0T0kN4nxOKUetDHgIm7
1K74KqElPPqwskxSc63YTf,"ALL THE TEARS",Gojira,https://open.spotify.com/track/1K74KqElPPqwskxSc63YTf,spotify:track:1K74KqElPPqwskxSc63YTf
4yhOLVAclff5xbgGCLNQ48,"ADORATION FOR NONE (feat. Randy Blythe)","Gojira,Randy Blythe",https://open.spotify.com/track/4yhOLVAclff5xbgGCLNQ48,spotify:track:4yhOLVAclff5xbgGCLNQ48
1gieRXgM6XbCdg7BxFnNmJ,"THE ART OF DYING",Gojira,https://open.spotify.com/track/1gieRXgM6XbCdg7BxFnNmJ,spotify:track:1gieRXgM6XbCdg7BxFnNmJ
70W08GzuWzxIGe8sC1Noso,"ESOTERIC SURGERY",Gojira,https://open.spotify.com/track/70W08GzuWzxIGe8sC1Noso,spotify:track:70W08GzuWzxIGe8sC1Noso
6KcgHuaxy9LcdA8ncn3bpa,VACUITY,Gojira,https://open.spotify.com/track/6KcgHuaxy9LcdA8ncn3bpa,spotify:track:6KcgHuaxy9LcdA8ncn3bpa
4a1zktKDzvp7CJzW5kjF61,HEXENNACHT,"Hanzel und Gretyl",https://open.spotify.com/track/4a1zktKDzvp7CJzW5kjF61,spotify:track:4a1zktKDzvp7CJzW5kjF61
17Jw1CA0rL1pCX7wuGEzNg,"DRACONIA TEUTONIC","Hanzel und Gretyl",https://open.spotify.com/track/17Jw1CA0rL1pCX7wuGEzNg,spotify:track:17Jw1CA0rL1pCX7wuGEzNg
1UYNofn18WOjEcwQ1nTIiO,NÜLL,"Hanzel und Gretyl",https://open.spotify.com/track/1UYNofn18WOjEcwQ1nTIiO,spotify:track:1UYNofn18WOjEcwQ1nTIiO
0EfPh82kpByHmRCm8VIE4e,"VULTURES OV DEATH","Hanzel und Gretyl",https://open.spotify.com/track/0EfPh82kpByHmRCm8VIE4e,spotify:track:0EfPh82kpByHmRCm8VIE4e
2ekvpl3lRu3FmUtUDJzS3W,"WOLVES + WITCHES","Hanzel und Gretyl",https://open.spotify.com/track/2ekvpl3lRu3FmUtUDJzS3W,spotify:track:2ekvpl3lRu3FmUtUDJzS3W
5R0rDvCXfIdconOgkdW1x6,JÄGERMOND,"Hanzel und Gretyl",https://open.spotify.com/track/5R0rDvCXfIdconOgkdW1x6,spotify:track:5R0rDvCXfIdconOgkdW1x6
7iqAKZSYlmJgZiYhRfaoYd,"TRIPLE HEXXX","Hanzel und Gretyl",https://open.spotify.com/track/7iqAKZSYlmJgZiYhRfaoYd,spotify:track:7iqAKZSYlmJgZiYhRfaoYd
6HXcwcBnWsDXsUdrXsXshy,"O GREAT HEKATE","Hanzel und Gretyl",https://open.spotify.com/track/6HXcwcBnWsDXsUdrXsXshy,spotify:track:6HXcwcBnWsDXsUdrXsXshy
6kwSn0mgQh0tcBovqYRFzo,"EINE KLEINE HEXENNACHT MUZIK","Hanzel und Gretyl",https://open.spotify.com/track/6kwSn0mgQh0tcBovqYRFzo,spotify:track:6kwSn0mgQh0tcBovqYRFzo
020kuI6xOb7i8PKKhUI8Gz,Overture,"Hanzel und Gretyl",https://open.spotify.com/track/020kuI6xOb7i8PKKhUI8Gz,spotify:track:020kuI6xOb7i8PKKhUI8Gz
5RYwCTu5NmLVKJu5EXCXNU,"Third Reich From The Sun","Hanzel und Gretyl",https://open.spotify.com/track/5RYwCTu5NmLVKJu5EXCXNU,spotify:track:5RYwCTu5NmLVKJu5EXCXNU
4qH0H4tFhCB1YXRhbF9BfY,"Ich Bin Uber Alles","Hanzel und Gretyl",https://open.spotify.com/track/4qH0H4tFhCB1YXRhbF9BfY,spotify:track:4qH0H4tFhCB1YXRhbF9BfY
0qUMRFkeZYUvtibbcJtfnA,"Komm Zu Uns","Hanzel und Gretyl",https://open.spotify.com/track/0qUMRFkeZYUvtibbcJtfnA,spotify:track:0qUMRFkeZYUvtibbcJtfnA
4mqQzqH3NqCOOPNy0uSbp7,"Mach Schnell","Hanzel und Gretyl",https://open.spotify.com/track/4mqQzqH3NqCOOPNy0uSbp7,spotify:track:4mqQzqH3NqCOOPNy0uSbp7
7Mdrrh2eG6mZB4xnLnydn3,"SS Deathstar Supergalactik","Hanzel und Gretyl",https://open.spotify.com/track/7Mdrrh2eG6mZB4xnLnydn3,spotify:track:7Mdrrh2eG6mZB4xnLnydn3
4bA1PXPjsvoXVYyMyYUDpH,"Let The Planets Burn","Hanzel und Gretyl",https://open.spotify.com/track/4bA1PXPjsvoXVYyMyYUDpH,spotify:track:4bA1PXPjsvoXVYyMyYUDpH
7purF2cKdxXdEw7Jdn9C69,Intermission,"Hanzel und Gretyl",https://open.spotify.com/track/7purF2cKdxXdEw7Jdn9C69,spotify:track:7purF2cKdxXdEw7Jdn9C69
7pW8AkQ6rx1laWE5RcRxdW,11:11,"Hanzel und Gretyl",https://open.spotify.com/track/7pW8AkQ6rx1laWE5RcRxdW,spotify:track:7pW8AkQ6rx1laWE5RcRxdW
3jmx0v3NSTE2PFxFVHlJ0i,Verbotenland,"Hanzel und Gretyl",https://open.spotify.com/track/3jmx0v3NSTE2PFxFVHlJ0i,spotify:track:3jmx0v3NSTE2PFxFVHlJ0i
7FuENP6odFKXQ8xsbZBoIE,"Transplutonian Annihilation","Hanzel und Gretyl",https://open.spotify.com/track/7FuENP6odFKXQ8xsbZBoIE,spotify:track:7FuENP6odFKXQ8xsbZBoIE
3lZxoApSgNy2vMELcGQY4J,"Mein Kommandant","Hanzel und Gretyl",https://open.spotify.com/track/3lZxoApSgNy2vMELcGQY4J,spotify:track:3lZxoApSgNy2vMELcGQY4J
1jmpQKBXlSgOHmkFGSMasA,Viande,Igorrr,https://open.spotify.com/track/1jmpQKBXlSgOHmkFGSMasA,spotify:track:1jmpQKBXlSgOHmkFGSMasA
5dfPDJsrA3uKVoII8sIIHC,"State of Slow Decay","In Flames",https://open.spotify.com/track/5dfPDJsrA3uKVoII8sIIHC,spotify:track:5dfPDJsrA3uKVoII8sIIHC
5qZMqZspIglsy4SJxtJt0S,"Meet Your Maker","In Flames",https://open.spotify.com/track/5qZMqZspIglsy4SJxtJt0S,spotify:track:5qZMqZspIglsy4SJxtJt0S
7EELaTWI71HMpGRRIutao9,"Bleeding Out","In Flames",https://open.spotify.com/track/7EELaTWI71HMpGRRIutao9,spotify:track:7EELaTWI71HMpGRRIutao9
6kk4G7WCvFrYuiotuDnH2N,"Foregone, Pt. 2","In Flames",https://open.spotify.com/track/6kk4G7WCvFrYuiotuDnH2N,spotify:track:6kk4G7WCvFrYuiotuDnH2N
24yTAlgLU0skDOOn1c6HDN,"Pure Light Of Mind","In Flames",https://open.spotify.com/track/24yTAlgLU0skDOOn1c6HDN,spotify:track:24yTAlgLU0skDOOn1c6HDN
48Vw7AYiW2pJhWJB1pqYd3,"The Great Deceiver","In Flames",https://open.spotify.com/track/48Vw7AYiW2pJhWJB1pqYd3,spotify:track:48Vw7AYiW2pJhWJB1pqYd3
0zdxuHySQhxFkV71ZCThLi,"In The Dark","In Flames",https://open.spotify.com/track/0zdxuHySQhxFkV71ZCThLi,spotify:track:0zdxuHySQhxFkV71ZCThLi
76JXsnvEbXmoEdjS1oligL,"A Dialogue In B Flat Minor","In Flames",https://open.spotify.com/track/76JXsnvEbXmoEdjS1oligL,spotify:track:76JXsnvEbXmoEdjS1oligL
3eNCuHIOpgiTmeDtUeDhOD,Cynosure,"In Flames",https://open.spotify.com/track/3eNCuHIOpgiTmeDtUeDhOD,spotify:track:3eNCuHIOpgiTmeDtUeDhOD
7icbQ9Y2IQbI8CgXQCzA8c,"End The Transmission","In Flames",https://open.spotify.com/track/7icbQ9Y2IQbI8CgXQCzA8c,spotify:track:7icbQ9Y2IQbI8CgXQCzA8c
2cwwUYTPOEfz0pam6tiVZz,"Steh auf",Lindemann,https://open.spotify.com/track/2cwwUYTPOEfz0pam6tiVZz,spotify:track:2cwwUYTPOEfz0pam6tiVZz
22NDkUPSCwVbC3qtTV5JdA,"Ich weiß es nicht",Lindemann,https://open.spotify.com/track/22NDkUPSCwVbC3qtTV5JdA,spotify:track:22NDkUPSCwVbC3qtTV5JdA
69InBLmrz7Cu0jBJk1dAgw,Allesfresser,Lindemann,https://open.spotify.com/track/69InBLmrz7Cu0jBJk1dAgw,spotify:track:69InBLmrz7Cu0jBJk1dAgw
5Q3qJECYqYs2ROryex8ZFi,Blut,Lindemann,https://open.spotify.com/track/5Q3qJECYqYs2ROryex8ZFi,spotify:track:5Q3qJECYqYs2ROryex8ZFi
3TUBcFD2zioMC1jt6L8ILn,"Frau & Mann",Lindemann,https://open.spotify.com/track/3TUBcFD2zioMC1jt6L8ILn,spotify:track:3TUBcFD2zioMC1jt6L8ILn
3CH5S8r7R4uRMQc9xyOjhf,Gummi,Lindemann,https://open.spotify.com/track/3CH5S8r7R4uRMQc9xyOjhf,spotify:track:3CH5S8r7R4uRMQc9xyOjhf
4kF5GADt85FeD8Y26RRyLY,"Platz Eins",Lindemann,https://open.spotify.com/track/4kF5GADt85FeD8Y26RRyLY,spotify:track:4kF5GADt85FeD8Y26RRyLY
3uS5yoIkXEF7AtSS7qa00o,Mathematik,Lindemann,https://open.spotify.com/track/3uS5yoIkXEF7AtSS7qa00o,spotify:track:3uS5yoIkXEF7AtSS7qa00o
4lMNgTwgOqMPFkdFM21E77,"Ich weiß es nicht - Ministry Remix","Lindemann,Ministry",https://open.spotify.com/track/4lMNgTwgOqMPFkdFM21E77,spotify:track:4lMNgTwgOqMPFkdFM21E77
7EGmHyr7Pe8RO7c02L5DXy,"Mathematik - A19","Lindemann,Haftbefehl",https://open.spotify.com/track/7EGmHyr7Pe8RO7c02L5DXy,spotify:track:7EGmHyr7Pe8RO7c02L5DXy
355aRCuiq883h0mwtf8Mrk,"Mathematik Sture Mix",Lindemann,https://open.spotify.com/track/355aRCuiq883h0mwtf8Mrk,spotify:track:355aRCuiq883h0mwtf8Mrk
4d8LngRe2nm6q9N75nja1G,"Mathematik - Remix (A4)","Lindemann,Haftbefehl",https://open.spotify.com/track/4d8LngRe2nm6q9N75nja1G,spotify:track:4d8LngRe2nm6q9N75nja1G
6fFMzUDUuzi1DMChnEU8VY,"Mathematik - Benson Remix","Lindemann,Haftbefehl,Benson",https://open.spotify.com/track/6fFMzUDUuzi1DMChnEU8VY,spotify:track:6fFMzUDUuzi1DMChnEU8VY
0O26gtfjuscAOnQobjNPPL,"To the Hellfire","Lorna Shore",https://open.spotify.com/track/0O26gtfjuscAOnQobjNPPL,spotify:track:0O26gtfjuscAOnQobjNPPL
25Yfk4XBeglz1QoXhDqJ2w,"Ghost Of Me","Make Them Suffer",https://open.spotify.com/track/25Yfk4XBeglz1QoXhDqJ2w,spotify:track:25Yfk4XBeglz1QoXhDqJ2w
0aO3OoQ9VdjiefNa2lwLnn,Bu-ikikaesu!!,"MAXIMUM THE HORMONE",https://open.spotify.com/track/0aO3OoQ9VdjiefNa2lwLnn,spotify:track:0aO3OoQ9VdjiefNa2lwLnn
6SSLgl0gywQ5Z4dlLj7laX,"Zetsubou Billy","MAXIMUM THE HORMONE",https://open.spotify.com/track/6SSLgl0gywQ5Z4dlLj7laX,spotify:track:6SSLgl0gywQ5Z4dlLj7laX
1px2pUjdQreXBDQ5rqYj7U,"Kuso breakin' Nou breakin' Lily","MAXIMUM THE HORMONE",https://open.spotify.com/track/1px2pUjdQreXBDQ5rqYj7U,spotify:track:1px2pUjdQreXBDQ5rqYj7U
3x2x7gZsQNfhNgFP5d9Q5U,"Louisiana Bob","MAXIMUM THE HORMONE",https://open.spotify.com/track/3x2x7gZsQNfhNgFP5d9Q5U,spotify:track:3x2x7gZsQNfhNgFP5d9Q5U
7HvNp0DDooNUm93QKSm4hi,"Policeman Benz","MAXIMUM THE HORMONE",https://open.spotify.com/track/7HvNp0DDooNUm93QKSm4hi,spotify:track:7HvNp0DDooNUm93QKSm4hi
1EjiZ2j0ATWgUZOYgZ7urS,"Black¥Power G-men Spy","MAXIMUM THE HORMONE",https://open.spotify.com/track/1EjiZ2j0ATWgUZOYgZ7urS,spotify:track:1EjiZ2j0ATWgUZOYgZ7urS
7mXdokHUzKMyLWn3JcgCcB,Akagi,"MAXIMUM THE HORMONE",https://open.spotify.com/track/7mXdokHUzKMyLWn3JcgCcB,spotify:track:7mXdokHUzKMyLWn3JcgCcB
0J9PdZTkgu5PVobOJScdoV,Kyokatsu,"MAXIMUM THE HORMONE",https://open.spotify.com/track/0J9PdZTkgu5PVobOJScdoV,spotify:track:0J9PdZTkgu5PVobOJScdoV
3BihXsqsixdEBgqiY0K5w4,"Bikini Sports Ponchin","MAXIMUM THE HORMONE",https://open.spotify.com/track/3BihXsqsixdEBgqiY0K5w4,spotify:track:3BihXsqsixdEBgqiY0K5w4
4NPIkDt08kLz70gHOrO5uU,"What's up, people?!","MAXIMUM THE HORMONE",https://open.spotify.com/track/4NPIkDt08kLz70gHOrO5uU,spotify:track:4NPIkDt08kLz70gHOrO5uU
5Ppa3ayepketqhfXf9yO39,"ChuChu Lovely MuniMuni MuraMura PrinPrin Boron Nururu ReroRero","MAXIMUM THE HORMONE",https://open.spotify.com/track/5Ppa3ayepketqhfXf9yO39,spotify:track:5Ppa3ayepketqhfXf9yO39
2uoHUfeSmWz7JUM9eoSxt1,Shimi,"MAXIMUM THE HORMONE",https://open.spotify.com/track/2uoHUfeSmWz7JUM9eoSxt1,spotify:track:2uoHUfeSmWz7JUM9eoSxt1
1TNRwsLEbe5gdaTj3pdW3T,"Koino Mega Lover","MAXIMUM THE HORMONE",https://open.spotify.com/track/1TNRwsLEbe5gdaTj3pdW3T,spotify:track:1TNRwsLEbe5gdaTj3pdW3T
5TivfrQtX6Zg9jnetTmOCV,Nigirrrrrrrre!!,"MAXIMUM THE HORMONE",https://open.spotify.com/track/5TivfrQtX6Zg9jnetTmOCV,spotify:track:5TivfrQtX6Zg9jnetTmOCV
6z6RY3oNoWtWCzkkYCygQ7,"Johnny Tetsu PipeⅢ","MAXIMUM THE HORMONE",https://open.spotify.com/track/6z6RY3oNoWtWCzkkYCygQ7,spotify:track:6z6RY3oNoWtWCzkkYCygQ7
5KQHTWllK8HGQ0vVpTUZ3b,"Abara Bob <abara capsule markets bob>","MAXIMUM THE HORMONE",https://open.spotify.com/track/5KQHTWllK8HGQ0vVpTUZ3b,spotify:track:5KQHTWllK8HGQ0vVpTUZ3b
3I1wiaafi69Nekjwq6wmsD,"Usukimi Billy ~koigimi sairoku hen~","MAXIMUM THE HORMONE",https://open.spotify.com/track/3I1wiaafi69Nekjwq6wmsD,spotify:track:3I1wiaafi69Nekjwq6wmsD
4i810fYxftYmwhnGPCoQFM,"Ningen Empi(2015mix)","MAXIMUM THE HORMONE",https://open.spotify.com/track/4i810fYxftYmwhnGPCoQFM,spotify:track:4i810fYxftYmwhnGPCoQFM
2WlauG3gu1KzesYWFOJsWq,"Motto Policeman Fuck","MAXIMUM THE HORMONE",https://open.spotify.com/track/2WlauG3gu1KzesYWFOJsWq,spotify:track:2WlauG3gu1KzesYWFOJsWq
0EybbwQKwKco09xwqfkO0y,"Pato-car Moyasu ~sotsugyo~","MAXIMUM THE HORMONE",https://open.spotify.com/track/0EybbwQKwKco09xwqfkO0y,spotify:track:0EybbwQKwKco09xwqfkO0y
5cuEWMGWm9mukKErhlywxR,"Rock-impo Goroshi","MAXIMUM THE HORMONE",https://open.spotify.com/track/5cuEWMGWm9mukKErhlywxR,spotify:track:5cuEWMGWm9mukKErhlywxR
3wIrI83xKyIqBqXaPWCl5q,"Hocho Hasami Cutter Knife Dosu Kiri","MAXIMUM THE HORMONE",https://open.spotify.com/track/3wIrI83xKyIqBqXaPWCl5q,spotify:track:3wIrI83xKyIqBqXaPWCl5q
2sfcJSS5n00ojcHRWtPIad,"Nitro BB Sensou","MAXIMUM THE HORMONE",https://open.spotify.com/track/2sfcJSS5n00ojcHRWtPIad,spotify:track:2sfcJSS5n00ojcHRWtPIad
1nRdCYqSKYFsu4IYZQ6J2N,"falling jimmy","MAXIMUM THE HORMONE",https://open.spotify.com/track/1nRdCYqSKYFsu4IYZQ6J2N,spotify:track:1nRdCYqSKYFsu4IYZQ6J2N
7CH58GFXsh18BEfW6BdzFl,"Kawakita Saruin","MAXIMUM THE HORMONE",https://open.spotify.com/track/7CH58GFXsh18BEfW6BdzFl,spotify:track:7CH58GFXsh18BEfW6BdzFl
0XxSJPdjhVxEQo3xMAecBM,"Anal Whiskey Ponce","MAXIMUM THE HORMONE",https://open.spotify.com/track/0XxSJPdjhVxEQo3xMAecBM,spotify:track:0XxSJPdjhVxEQo3xMAecBM
4c8RkTYgilOf38E7ScskkC,"Rock Bankuruwase","MAXIMUM THE HORMONE",https://open.spotify.com/track/4c8RkTYgilOf38E7ScskkC,spotify:track:4c8RkTYgilOf38E7ScskkC
4rF6Anfc7F2FdHa7TjqwSI,"Haiyani Spain","MAXIMUM THE HORMONE",https://open.spotify.com/track/4rF6Anfc7F2FdHa7TjqwSI,spotify:track:4rF6Anfc7F2FdHa7TjqwSI
42CFeI68D2wyXtJN7dqyF4,"UEHARA -FUTOSHI-","MAXIMUM THE HORMONE",https://open.spotify.com/track/42CFeI68D2wyXtJN7dqyF4,spotify:track:42CFeI68D2wyXtJN7dqyF4
5sBubmA49Atm6Z00j40FFe,REREREREREREREREMAMAMAMAMAMAMAMA,"MAXIMUM THE HORMONE",https://open.spotify.com/track/5sBubmA49Atm6Z00j40FFe,spotify:track:5sBubmA49Atm6Z00j40FFe
4oMbf0LYUNvU2Vhr2vjCcs,ROLLING1000tOON,"MAXIMUM THE HORMONE",https://open.spotify.com/track/4oMbf0LYUNvU2Vhr2vjCcs,spotify:track:4oMbf0LYUNvU2Vhr2vjCcs
5Mmou2g7Ljm8WISlEOvsCn,"Rock'n Roll Chainsaw","MAXIMUM THE HORMONE",https://open.spotify.com/track/5Mmou2g7Ljm8WISlEOvsCn,spotify:track:5Mmou2g7Ljm8WISlEOvsCn
0G6cDf9GNtv0ZkJNAMFLrZ,"Yoshu Fukushu","MAXIMUM THE HORMONE",https://open.spotify.com/track/0G6cDf9GNtv0ZkJNAMFLrZ,spotify:track:0G6cDf9GNtv0ZkJNAMFLrZ
332wJesEeaaodux6xswUN2,Utsukushikihitobitonouta,"MAXIMUM THE HORMONE",https://open.spotify.com/track/332wJesEeaaodux6xswUN2,spotify:track:332wJesEeaaodux6xswUN2
0FcUBnbpavmyx7bIIu6iZp,"Benjo Sandal Dance","MAXIMUM THE HORMONE",https://open.spotify.com/track/0FcUBnbpavmyx7bIIu6iZp,spotify:track:0FcUBnbpavmyx7bIIu6iZp
370jpGddfK3uKs1lltWd1F,"Chu2 The Beam","MAXIMUM THE HORMONE",https://open.spotify.com/track/370jpGddfK3uKs1lltWd1F,spotify:track:370jpGddfK3uKs1lltWd1F
5Yrc9vwPGwz3kNx4n121QM,"""F""","MAXIMUM THE HORMONE",https://open.spotify.com/track/5Yrc9vwPGwz3kNx4n121QM,spotify:track:5Yrc9vwPGwz3kNx4n121QM
1TWeqpv6lxljGnFjVDKvJU,"Tsume Tsume Tsume","MAXIMUM THE HORMONE",https://open.spotify.com/track/1TWeqpv6lxljGnFjVDKvJU,spotify:track:1TWeqpv6lxljGnFjVDKvJU
51ISY5NueiFVTxVWVcXTGl,"Rock Oreimairi~3 Chords de Omae Fullbocco~","MAXIMUM THE HORMONE",https://open.spotify.com/track/51ISY5NueiFVTxVWVcXTGl,spotify:track:51ISY5NueiFVTxVWVcXTGl
1toYElHFOMNoZvvI827rwc,"Unbelievable!: Swomints Hockeleiro Mifeho","MAXIMUM THE HORMONE",https://open.spotify.com/track/1toYElHFOMNoZvvI827rwc,spotify:track:1toYElHFOMNoZvvI827rwc
5jGf2ywCGbBGJ9KGLQ5QeN,A-L-I-E-N,"MAXIMUM THE HORMONE",https://open.spotify.com/track/5jGf2ywCGbBGJ9KGLQ5QeN,spotify:track:5jGf2ywCGbBGJ9KGLQ5QeN
71ssNSeo32NeMDGN0TvFfj,"my girl","MAXIMUM THE HORMONE",https://open.spotify.com/track/71ssNSeo32NeMDGN0TvFfj,spotify:track:71ssNSeo32NeMDGN0TvFfj
4avW79dK4VYhs2JfcRDroT,"Mesubuta no Ketsu ni Binta(Kick mo)","MAXIMUM THE HORMONE",https://open.spotify.com/track/4avW79dK4VYhs2JfcRDroT,spotify:track:4avW79dK4VYhs2JfcRDroT
0xlFTYyh8qnez0ndGKo5lj,"maximum the hormone","MAXIMUM THE HORMONE",https://open.spotify.com/track/0xlFTYyh8qnez0ndGKo5lj,spotify:track:0xlFTYyh8qnez0ndGKo5lj
1jfYWyre9PmGCR5Z47prgI,Midtvinter,"Mental Cruelty",https://open.spotify.com/track/1jfYWyre9PmGCR5Z47prgI,spotify:track:1jfYWyre9PmGCR5Z47prgI
5Cfpkql6atqov7YHVG7Py7,"Obsessis a Daemonio","Mental Cruelty",https://open.spotify.com/track/5Cfpkql6atqov7YHVG7Py7,spotify:track:5Cfpkql6atqov7YHVG7Py7
4Rkmv5Ev1PhtLjL07rZhOY,"Forgotten Kings","Mental Cruelty",https://open.spotify.com/track/4Rkmv5Ev1PhtLjL07rZhOY,spotify:track:4Rkmv5Ev1PhtLjL07rZhOY
2pzrTUYB1pnMR8HJRlsGf5,Pest,"Mental Cruelty",https://open.spotify.com/track/2pzrTUYB1pnMR8HJRlsGf5,spotify:track:2pzrTUYB1pnMR8HJRlsGf5
0ycMmvTukGHnpakTrscLg6,Nordlys,"Mental Cruelty",https://open.spotify.com/track/0ycMmvTukGHnpakTrscLg6,spotify:track:0ycMmvTukGHnpakTrscLg6
2Tvki9LdlvY6d2CfXE5csq,"Symphony of a Dying Star","Mental Cruelty",https://open.spotify.com/track/2Tvki9LdlvY6d2CfXE5csq,spotify:track:2Tvki9LdlvY6d2CfXE5csq
3h1Iq9Ixq0GYEkHmyfZLO5,"The Arrogance of Agony","Mental Cruelty",https://open.spotify.com/track/3h1Iq9Ixq0GYEkHmyfZLO5,spotify:track:3h1Iq9Ixq0GYEkHmyfZLO5
1zTfcILWLi5BdH9UdqpYgL,"A Tale of Salt and Light","Mental Cruelty",https://open.spotify.com/track/1zTfcILWLi5BdH9UdqpYgL,spotify:track:1zTfcILWLi5BdH9UdqpYgL
4pqwmUuBOm5M7ZlEV93fWs,Animosity,Ministry,https://open.spotify.com/track/4pqwmUuBOm5M7ZlEV93fWs,spotify:track:4pqwmUuBOm5M7ZlEV93fWs
68HVNGbBCN4kkRAf0g7UPq,Unsung,Ministry,https://open.spotify.com/track/68HVNGbBCN4kkRAf0g7UPq,spotify:track:68HVNGbBCN4kkRAf0g7UPq
4z4XUaP5pSXTt0kSxCBb75,"Supermanic Soul",Ministry,https://open.spotify.com/track/4z4XUaP5pSXTt0kSxCBb75,spotify:track:4z4XUaP5pSXTt0kSxCBb75
4Hku90TXJdj95eM7h1Hqhj,"Whip and Chain",Ministry,https://open.spotify.com/track/4Hku90TXJdj95eM7h1Hqhj,spotify:track:4Hku90TXJdj95eM7h1Hqhj
3x4BtfNrqxhncSMbjh5kqD,"Bad Blood - Alternate Mix",Ministry,https://open.spotify.com/track/3x4BtfNrqxhncSMbjh5kqD,spotify:track:3x4BtfNrqxhncSMbjh5kqD
44aZkrsc8QsIgeXpiMJfGu,"Eureka Pile",Ministry,https://open.spotify.com/track/44aZkrsc8QsIgeXpiMJfGu,spotify:track:44aZkrsc8QsIgeXpiMJfGu
35UTcjZPr2UastJTL4crlv,"Nursing Home",Ministry,https://open.spotify.com/track/35UTcjZPr2UastJTL4crlv,spotify:track:35UTcjZPr2UastJTL4crlv
4ZS3iyIIivTKsXE1H85LJ9,"Vex and Siolence",Ministry,https://open.spotify.com/track/4ZS3iyIIivTKsXE1H85LJ9,spotify:track:4ZS3iyIIivTKsXE1H85LJ9
6sbZHNxOV6XYQIEoRZmWmU,Reload,Ministry,https://open.spotify.com/track/6sbZHNxOV6XYQIEoRZmWmU,spotify:track:6sbZHNxOV6XYQIEoRZmWmU
2ZtgvpPCMjOtIpjGljjTKU,"Filth Pig",Ministry,https://open.spotify.com/track/2ZtgvpPCMjOtIpjGljjTKU,spotify:track:2ZtgvpPCMjOtIpjGljjTKU
07ZVs9pwxRNkr6sRyiIeV0,Lava,Ministry,https://open.spotify.com/track/07ZVs9pwxRNkr6sRyiIeV0,spotify:track:07ZVs9pwxRNkr6sRyiIeV0
51d0lQtN9qOz17wgk1sLKw,Crumbs,Ministry,https://open.spotify.com/track/51d0lQtN9qOz17wgk1sLKw,spotify:track:51d0lQtN9qOz17wgk1sLKw
7zoXIUi6AUiPN0QpyF29qy,Useless,Ministry,https://open.spotify.com/track/7zoXIUi6AUiPN0QpyF29qy,spotify:track:7zoXIUi6AUiPN0QpyF29qy
1qR0qth6D5uY1yIMEy21af,"Dead Guy",Ministry,https://open.spotify.com/track/1qR0qth6D5uY1yIMEy21af,spotify:track:1qR0qth6D5uY1yIMEy21af
2kK1qtarF9Ilip0dOBr6fc,"The Fall",Ministry,https://open.spotify.com/track/2kK1qtarF9Ilip0dOBr6fc,spotify:track:2kK1qtarF9Ilip0dOBr6fc
0dE3izdmhx1wfvO63ohzdw,"No W Redux",Ministry,https://open.spotify.com/track/0dE3izdmhx1wfvO63ohzdw,spotify:track:0dE3izdmhx1wfvO63ohzdw
3MjCfygQqwwVHsIiGpKIpx,Waiting,Ministry,https://open.spotify.com/track/3MjCfygQqwwVHsIiGpKIpx,spotify:track:3MjCfygQqwwVHsIiGpKIpx
1a9EZD91ETok1MuAC1ruVx,Worthless,Ministry,https://open.spotify.com/track/1a9EZD91ETok1MuAC1ruVx,spotify:track:1a9EZD91ETok1MuAC1ruVx
6buig98wNoJiLb3qGwh4do,Wrong,Ministry,https://open.spotify.com/track/6buig98wNoJiLb3qGwh4do,spotify:track:6buig98wNoJiLb3qGwh4do
4r4IVVC6qp8qxJ8r2rAu4M,"Warp City",Ministry,https://open.spotify.com/track/4r4IVVC6qp8qxJ8r2rAu4M,spotify:track:4r4IVVC6qp8qxJ8r2rAu4M
6eHh2I6sEueNRmXvD2cXad,WTV,Ministry,https://open.spotify.com/track/6eHh2I6sEueNRmXvD2cXad,spotify:track:6eHh2I6sEueNRmXvD2cXad
3f6KU13mQTChNdfdixU5N3,World,Ministry,https://open.spotify.com/track/3f6KU13mQTChNdfdixU5N3,spotify:track:3f6KU13mQTChNdfdixU5N3
1dDEIUKsfbnY6wsXLOftkh,WKYJ,Ministry,https://open.spotify.com/track/1dDEIUKsfbnY6wsXLOftkh,spotify:track:1dDEIUKsfbnY6wsXLOftkh
2D9LxUcR9zWxQtxiHsMA0n,N.W.O.,Ministry,https://open.spotify.com/track/2D9LxUcR9zWxQtxiHsMA0n,spotify:track:2D9LxUcR9zWxQtxiHsMA0n
0Vcpo9El50PNNbZXfKbNti,"Just One Fix",Ministry,https://open.spotify.com/track/0Vcpo9El50PNNbZXfKbNti,spotify:track:0Vcpo9El50PNNbZXfKbNti
5vmiOClFJzyx7lpgJnt2G4,"TV II",Ministry,https://open.spotify.com/track/5vmiOClFJzyx7lpgJnt2G4,spotify:track:5vmiOClFJzyx7lpgJnt2G4
2xKuAjaMWVbSz8fUOQI4pu,Hero,Ministry,https://open.spotify.com/track/2xKuAjaMWVbSz8fUOQI4pu,spotify:track:2xKuAjaMWVbSz8fUOQI4pu
0BX3ysoHJvxmLEhPMAfb2z,"Jesus Built My Hotrod",Ministry,https://open.spotify.com/track/0BX3ysoHJvxmLEhPMAfb2z,spotify:track:0BX3ysoHJvxmLEhPMAfb2z
1bv4fups31J6sGCY4m1qHu,"Scare Crow",Ministry,https://open.spotify.com/track/1bv4fups31J6sGCY4m1qHu,spotify:track:1bv4fups31J6sGCY4m1qHu
3lP4QgKArqyUAMDFPv3zFk,"Psalm 69",Ministry,https://open.spotify.com/track/3lP4QgKArqyUAMDFPv3zFk,spotify:track:3lP4QgKArqyUAMDFPv3zFk
1m8pPuWEh4lNIvJG4MIYDl,Corrosion,Ministry,https://open.spotify.com/track/1m8pPuWEh4lNIvJG4MIYDl,spotify:track:1m8pPuWEh4lNIvJG4MIYDl
2tBtMShYTQKRP3VlgrtoWt,Grace,Ministry,https://open.spotify.com/track/2tBtMShYTQKRP3VlgrtoWt,spotify:track:2tBtMShYTQKRP3VlgrtoWt
2k6RmRmYS3rl2o4M7u4zbU,"At the Front","Orbit Culture",https://open.spotify.com/track/2k6RmRmYS3rl2o4M7u4zbU,spotify:track:2k6RmRmYS3rl2o4M7u4zbU
1AdG8H4pLIROxnQ3KxSvfx,"North Star of Nija","Orbit Culture",https://open.spotify.com/track/1AdG8H4pLIROxnQ3KxSvfx,spotify:track:1AdG8H4pLIROxnQ3KxSvfx
3l0aIfCxDyVzr6b2TMkVGE,"Day of the Cloud","Orbit Culture",https://open.spotify.com/track/3l0aIfCxDyVzr6b2TMkVGE,spotify:track:3l0aIfCxDyVzr6b2TMkVGE
3VoohLNuWIhwKfCCBnItUi,"Open Eye","Orbit Culture",https://open.spotify.com/track/3VoohLNuWIhwKfCCBnItUi,spotify:track:3VoohLNuWIhwKfCCBnItUi
0Am0HpCbhCXnH7HSDvZz0w,Mirrorslave,"Orbit Culture",https://open.spotify.com/track/0Am0HpCbhCXnH7HSDvZz0w,spotify:track:0Am0HpCbhCXnH7HSDvZz0w
77TE7ljzhIcKrUpXDQLN7Q,Nensha,"Orbit Culture",https://open.spotify.com/track/77TE7ljzhIcKrUpXDQLN7Q,spotify:track:77TE7ljzhIcKrUpXDQLN7Q
081rQxdsVJePhbi1Dh1cCL,Rebirth,"Orbit Culture",https://open.spotify.com/track/081rQxdsVJePhbi1Dh1cCL,spotify:track:081rQxdsVJePhbi1Dh1cCL
7lDf612xoz1e48gD619dXV,"The Shadowing","Orbit Culture",https://open.spotify.com/track/7lDf612xoz1e48gD619dXV,spotify:track:7lDf612xoz1e48gD619dXV
0Z2VUnfXrtp5P9jOHBhW7I,"Set Us Free","Orbit Culture",https://open.spotify.com/track/0Z2VUnfXrtp5P9jOHBhW7I,spotify:track:0Z2VUnfXrtp5P9jOHBhW7I
2tVhP4b5bh6ts1QhnQgPVD,"Social Enemies",Orgy,https://open.spotify.com/track/2tVhP4b5bh6ts1QhnQgPVD,spotify:track:2tVhP4b5bh6ts1QhnQgPVD
5Y76U25W2UAZF9AwfrFAoJ,Stitches,Orgy,https://open.spotify.com/track/5Y76U25W2UAZF9AwfrFAoJ,spotify:track:5Y76U25W2UAZF9AwfrFAoJ
5UJGTG4IX4pDNvihibPlaL,Dissention,Orgy,https://open.spotify.com/track/5UJGTG4IX4pDNvihibPlaL,spotify:track:5UJGTG4IX4pDNvihibPlaL
4Zx5V4MMHEVQOKcMVF0jRh,Platinum,Orgy,https://open.spotify.com/track/4Zx5V4MMHEVQOKcMVF0jRh,spotify:track:4Zx5V4MMHEVQOKcMVF0jRh
36qdsjsPNhaHPiI1s68gxD,Fetisha,Orgy,https://open.spotify.com/track/36qdsjsPNhaHPiI1s68gxD,spotify:track:36qdsjsPNhaHPiI1s68gxD
2dAiEqR9mqEupDDHCxbDvM,Fiend,Orgy,https://open.spotify.com/track/2dAiEqR9mqEupDDHCxbDvM,spotify:track:2dAiEqR9mqEupDDHCxbDvM
5267gVdYWrLoz6ClOhlqmE,"Blue Monday",Orgy,https://open.spotify.com/track/5267gVdYWrLoz6ClOhlqmE,spotify:track:5267gVdYWrLoz6ClOhlqmE
2QQeF6qgEQ8wNTpYZsK6u4,Gender,Orgy,https://open.spotify.com/track/2QQeF6qgEQ8wNTpYZsK6u4,spotify:track:2QQeF6qgEQ8wNTpYZsK6u4
6kIjOuUNGDfozCdtRyHFB9,"All the Same",Orgy,https://open.spotify.com/track/6kIjOuUNGDfozCdtRyHFB9,spotify:track:6kIjOuUNGDfozCdtRyHFB9
08PDVwZBJIG5TwENykfbUY,Pantomime,Orgy,https://open.spotify.com/track/08PDVwZBJIG5TwENykfbUY,spotify:track:08PDVwZBJIG5TwENykfbUY
0gLsq5fZ4T7HyQZfcUVql4,Revival,Orgy,https://open.spotify.com/track/0gLsq5fZ4T7HyQZfcUVql4,spotify:track:0gLsq5fZ4T7HyQZfcUVql4
2wcZ0uz0jcG6YuIofrfQUd,Dizzy,Orgy,https://open.spotify.com/track/2wcZ0uz0jcG6YuIofrfQUd,spotify:track:2wcZ0uz0jcG6YuIofrfQUd
3zewJMPF5u49XQWUjJGVFI,"Beautiful Disgrace",Orgy,https://open.spotify.com/track/3zewJMPF5u49XQWUjJGVFI,spotify:track:3zewJMPF5u49XQWUjJGVFI
5ACcDQB7xh1ccdbAFc71uK,"Vapor Transmission - Intro",Orgy,https://open.spotify.com/track/5ACcDQB7xh1ccdbAFc71uK,spotify:track:5ACcDQB7xh1ccdbAFc71uK
4g5SqMpXgmSXZA3t2AO05X,Suckerface,Orgy,https://open.spotify.com/track/4g5SqMpXgmSXZA3t2AO05X,spotify:track:4g5SqMpXgmSXZA3t2AO05X
44ZiDRfCJKMgjFXAb1LEBv,"The Odyssey",Orgy,https://open.spotify.com/track/44ZiDRfCJKMgjFXAb1LEBv,spotify:track:44ZiDRfCJKMgjFXAb1LEBv
0FXxj9RuhwtQbpUCoDgju7,Opticon,Orgy,https://open.spotify.com/track/0FXxj9RuhwtQbpUCoDgju7,spotify:track:0FXxj9RuhwtQbpUCoDgju7
6NldY5aZigWeeGIMY41qG6,"Fiction - Dreams in Digital",Orgy,https://open.spotify.com/track/6NldY5aZigWeeGIMY41qG6,spotify:track:6NldY5aZigWeeGIMY41qG6
7LDic143nUQL5v3VcvBeS5,Eva,Orgy,https://open.spotify.com/track/7LDic143nUQL5v3VcvBeS5,spotify:track:7LDic143nUQL5v3VcvBeS5
7JZ0ooFijAUV38lhDRHu4o,107,Orgy,https://open.spotify.com/track/7JZ0ooFijAUV38lhDRHu4o,spotify:track:7JZ0ooFijAUV38lhDRHu4o
2aap22fI4j904R9YTw1NbR,Dramatica,Orgy,https://open.spotify.com/track/2aap22fI4j904R9YTw1NbR,spotify:track:2aap22fI4j904R9YTw1NbR
0k19HFnTqlzp0S98jpZhCJ,Eyes-Radio-Lies,Orgy,https://open.spotify.com/track/0k19HFnTqlzp0S98jpZhCJ,spotify:track:0k19HFnTqlzp0S98jpZhCJ
7v9BpVFzx0eJ9Bn5m8kFpj,"Saving Faces",Orgy,https://open.spotify.com/track/7v9BpVFzx0eJ9Bn5m8kFpj,spotify:track:7v9BpVFzx0eJ9Bn5m8kFpj
6BTugLcfKWixrZdOpqF7pO,Re-Creation,Orgy,https://open.spotify.com/track/6BTugLcfKWixrZdOpqF7pO,spotify:track:6BTugLcfKWixrZdOpqF7pO
12yCSAefn69QxZGKb1NnDP,"Chasing Sirens",Orgy,https://open.spotify.com/track/12yCSAefn69QxZGKb1NnDP,spotify:track:12yCSAefn69QxZGKb1NnDP
7dilbg9CrRCqa9y21SkF2e,"Where's Gerrold",Orgy,https://open.spotify.com/track/7dilbg9CrRCqa9y21SkF2e,spotify:track:7dilbg9CrRCqa9y21SkF2e
7H7uRNjAMqX0cbRQ7w7NRJ,Voicemail,Poppy,https://open.spotify.com/track/7H7uRNjAMqX0cbRQ7w7NRJ,spotify:track:7H7uRNjAMqX0cbRQ7w7NRJ
6KwSYJxD2zqROxBB9mUQ20,"Scary Mask","Poppy,FEVER 333",https://open.spotify.com/track/6KwSYJxD2zqROxBB9mUQ20,spotify:track:6KwSYJxD2zqROxBB9mUQ20
6eTKiVyN9yvi2kuO8KKtVd,Meat,Poppy,https://open.spotify.com/track/6eTKiVyN9yvi2kuO8KKtVd,spotify:track:6eTKiVyN9yvi2kuO8KKtVd
015EEnzb9yU7gfyyeYYYxy,Concrete,Poppy,https://open.spotify.com/track/015EEnzb9yU7gfyyeYYYxy,spotify:track:015EEnzb9yU7gfyyeYYYxy
5E09pgezFesGrk4ZL9T2cc,"I Disagree",Poppy,https://open.spotify.com/track/5E09pgezFesGrk4ZL9T2cc,spotify:track:5E09pgezFesGrk4ZL9T2cc
6QPOr9B8aEquK1nGwG9Yj6,BLOODMONEY,Poppy,https://open.spotify.com/track/6QPOr9B8aEquK1nGwG9Yj6,spotify:track:6QPOr9B8aEquK1nGwG9Yj6
6pqKUfCoioWVFiYiGN33UN,"Anything Like Me",Poppy,https://open.spotify.com/track/6pqKUfCoioWVFiYiGN33UN,spotify:track:6pqKUfCoioWVFiYiGN33UN
3F2aFZiQ2YjIg3e50pqC6c,"Fill the Crown",Poppy,https://open.spotify.com/track/3F2aFZiQ2YjIg3e50pqC6c,spotify:track:3F2aFZiQ2YjIg3e50pqC6c
7rAEUdstP2ZU8MOPGbHug6,"Supernova Goes Pop","Powerman 5000",https://open.spotify.com/track/7rAEUdstP2ZU8MOPGbHug6,spotify:track:7rAEUdstP2ZU8MOPGbHug6
6aF5JtQSrh7wNrkDE9B0My,"When Worlds Collide","Powerman 5000",https://open.spotify.com/track/6aF5JtQSrh7wNrkDE9B0My,spotify:track:6aF5JtQSrh7wNrkDE9B0My
2VGf3YQ6Zfzb6YyDatYAcY,"Nobody's Real","Powerman 5000",https://open.spotify.com/track/2VGf3YQ6Zfzb6YyDatYAcY,spotify:track:2VGf3YQ6Zfzb6YyDatYAcY
5nPgEKU9FpKecbhFiEUZBZ,"Tonight The Stars Revolt!","Powerman 5000",https://open.spotify.com/track/5nPgEKU9FpKecbhFiEUZBZ,spotify:track:5nPgEKU9FpKecbhFiEUZBZ
4xIbLpddk8s7uis3iAQT98,"Du hast",Rammstein,https://open.spotify.com/track/4xIbLpddk8s7uis3iAQT98,spotify:track:4xIbLpddk8s7uis3iAQT98
01jvnYLwnEwdnwGjsZq02E,"Spiel mit mir - 2023 Mix",Rammstein,https://open.spotify.com/track/01jvnYLwnEwdnwGjsZq02E,spotify:track:01jvnYLwnEwdnwGjsZq02E
1tbQgmYzXGKlveUU4vhUcy,Kokain,Rammstein,https://open.spotify.com/track/1tbQgmYzXGKlveUU4vhUcy,spotify:track:1tbQgmYzXGKlveUU4vhUcy
514GW1c9Jn21KgZmO6mZIE,"Armee der Tristen",Rammstein,https://open.spotify.com/track/514GW1c9Jn21KgZmO6mZIE,spotify:track:514GW1c9Jn21KgZmO6mZIE
2KsHzM4L7ThhNJB6MHXkPx,Zeit,Rammstein,https://open.spotify.com/track/2KsHzM4L7ThhNJB6MHXkPx,spotify:track:2KsHzM4L7ThhNJB6MHXkPx
2UK4qw712yzFh8vYYJGv2B,Schwarz,Rammstein,https://open.spotify.com/track/2UK4qw712yzFh8vYYJGv2B,spotify:track:2UK4qw712yzFh8vYYJGv2B
3Ye7vnZdrO2Gq5IyyH3cOp,Giftig,Rammstein,https://open.spotify.com/track/3Ye7vnZdrO2Gq5IyyH3cOp,spotify:track:3Ye7vnZdrO2Gq5IyyH3cOp
2w7Ca8DNYXBCgA6Bht7o0N,"Zick Zack",Rammstein,https://open.spotify.com/track/2w7Ca8DNYXBCgA6Bht7o0N,spotify:track:2w7Ca8DNYXBCgA6Bht7o0N
1l0arEkM2grgUYMim5SggS,OK,Rammstein,https://open.spotify.com/track/1l0arEkM2grgUYMim5SggS,spotify:track:1l0arEkM2grgUYMim5SggS
0qGZkkxnyfGrUBLflKwBQG,"Meine Tränen",Rammstein,https://open.spotify.com/track/0qGZkkxnyfGrUBLflKwBQG,spotify:track:0qGZkkxnyfGrUBLflKwBQG
0UuNO0yYvsMPlyLF7RfQlg,Angst,Rammstein,https://open.spotify.com/track/0UuNO0yYvsMPlyLF7RfQlg,spotify:track:0UuNO0yYvsMPlyLF7RfQlg
5KTBaWu8IOczQ0sPWzZ7MY,"Dicke Titten",Rammstein,https://open.spotify.com/track/5KTBaWu8IOczQ0sPWzZ7MY,spotify:track:5KTBaWu8IOczQ0sPWzZ7MY
1LvyuaK3gMkd4MLxSEf9MO,Lügen,Rammstein,https://open.spotify.com/track/1LvyuaK3gMkd4MLxSEf9MO,spotify:track:1LvyuaK3gMkd4MLxSEf9MO
56SLMIzWKrEOWIQ5LCzKXV,Adieu,Rammstein,https://open.spotify.com/track/56SLMIzWKrEOWIQ5LCzKXV,spotify:track:56SLMIzWKrEOWIQ5LCzKXV
1feSJuQ6N1fsBkKdPJByvL,"Dragula - Si Non Oscillas, Noli Tintinnare Mix","Rob Zombie",https://open.spotify.com/track/1feSJuQ6N1fsBkKdPJByvL,spotify:track:1feSJuQ6N1fsBkKdPJByvL
0zedteWwFdh2K11kjphhuO,"Living Dead Girl - Subliminal Seduction Mix","Rob Zombie",https://open.spotify.com/track/0zedteWwFdh2K11kjphhuO,spotify:track:0zedteWwFdh2K11kjphhuO
55EpYJEZlZdK5aQTWDPfMi,"Spookshow Baby - Black Leather Catsuit Mix","Rob Zombie",https://open.spotify.com/track/55EpYJEZlZdK5aQTWDPfMi,spotify:track:55EpYJEZlZdK5aQTWDPfMi
4eNnMvUrSu2TRpySjVC0Pv,Superbeast,"Rob Zombie",https://open.spotify.com/track/4eNnMvUrSu2TRpySjVC0Pv,spotify:track:4eNnMvUrSu2TRpySjVC0Pv
6Nm8h73ycDG2saCnZV8poF,Dragula,"Rob Zombie",https://open.spotify.com/track/6Nm8h73ycDG2saCnZV8poF,spotify:track:6Nm8h73ycDG2saCnZV8poF
10V8XpuyMoEcSMfM79WDET,"Living Dead Girl","Rob Zombie",https://open.spotify.com/track/10V8XpuyMoEcSMfM79WDET,spotify:track:10V8XpuyMoEcSMfM79WDET
5sbydPPvDB7fJ1uDo8X6nB,"Demonoid Phenomenon","Rob Zombie",https://open.spotify.com/track/5sbydPPvDB7fJ1uDo8X6nB,spotify:track:5sbydPPvDB7fJ1uDo8X6nB
1NJbYkBhZhcsAVvabqgo08,"Spookshow Baby","Rob Zombie",https://open.spotify.com/track/1NJbYkBhZhcsAVvabqgo08,spotify:track:1NJbYkBhZhcsAVvabqgo08
64J18bwOzZAUmuFxn5l6Ss,"Meet The Creeper","Rob Zombie",https://open.spotify.com/track/64J18bwOzZAUmuFxn5l6Ss,spotify:track:64J18bwOzZAUmuFxn5l6Ss
0TnkUVCrQoJJmYkS3jqt28,"Return Of The Phantom Stranger","Rob Zombie",https://open.spotify.com/track/0TnkUVCrQoJJmYkS3jqt28,spotify:track:0TnkUVCrQoJJmYkS3jqt28
2ty1wBvzv7tEuRbXdkE6bi,"Get to the Gone",Static-X,https://open.spotify.com/track/2ty1wBvzv7tEuRbXdkE6bi,spotify:track:2ty1wBvzv7tEuRbXdkE6bi
63DUo97PJNh69Gg1rXGHEN,Permanence,Static-X,https://open.spotify.com/track/63DUo97PJNh69Gg1rXGHEN,spotify:track:63DUo97PJNh69Gg1rXGHEN
1GwiQCsJ0wEtzQTnblUSnH,"Black and White",Static-X,https://open.spotify.com/track/1GwiQCsJ0wEtzQTnblUSnH,spotify:track:1GwiQCsJ0wEtzQTnblUSnH
4Mu23ztHx0IDwh1QRozITg,"This Is Not",Static-X,https://open.spotify.com/track/4Mu23ztHx0IDwh1QRozITg,spotify:track:4Mu23ztHx0IDwh1QRozITg
1hovoaCUCITutlnm7IL3dh,"Otsego Undead",Static-X,https://open.spotify.com/track/1hovoaCUCITutlnm7IL3dh,spotify:track:1hovoaCUCITutlnm7IL3dh
7r7NIoBZynrYIKZnIS5Z1Q,Cold,Static-X,https://open.spotify.com/track/7r7NIoBZynrYIKZnIS5Z1Q,spotify:track:7r7NIoBZynrYIKZnIS5Z1Q
59ej8sGCYuLwaAR3EDSOmR,"Structural Defect",Static-X,https://open.spotify.com/track/59ej8sGCYuLwaAR3EDSOmR,spotify:track:59ej8sGCYuLwaAR3EDSOmR
1Ux3Qnrlff7RJwtj1yUJQj,"...In a Bag",Static-X,https://open.spotify.com/track/1Ux3Qnrlff7RJwtj1yUJQj,spotify:track:1Ux3Qnrlff7RJwtj1yUJQj
1jfNfKILZhlMRyeDr6df67,"Burn to Burn",Static-X,https://open.spotify.com/track/1jfNfKILZhlMRyeDr6df67,spotify:track:1jfNfKILZhlMRyeDr6df67
4Il38VNlt5lyKIcSc1Fvcx,Machine,Static-X,https://open.spotify.com/track/4Il38VNlt5lyKIcSc1Fvcx,spotify:track:4Il38VNlt5lyKIcSc1Fvcx
6O7pihLJgeqxUnG7u9oYL2,"Push It",Static-X,https://open.spotify.com/track/6O7pihLJgeqxUnG7u9oYL2,spotify:track:6O7pihLJgeqxUnG7u9oYL2
6uOzYMGucTA0MAFwS2FNB2,"I'm With Stupid",Static-X,https://open.spotify.com/track/6uOzYMGucTA0MAFwS2FNB2,spotify:track:6uOzYMGucTA0MAFwS2FNB2
38i5zDVbBEZNxnHGsto6kn,"Bled for Days",Static-X,https://open.spotify.com/track/38i5zDVbBEZNxnHGsto6kn,spotify:track:38i5zDVbBEZNxnHGsto6kn
6kJb4WaCuc4wLBIkSJUY3n,"Love Dump",Static-X,https://open.spotify.com/track/6kJb4WaCuc4wLBIkSJUY3n,spotify:track:6kJb4WaCuc4wLBIkSJUY3n
5T4Wez0kAQRMnzdHIMQDKI,"I Am",Static-X,https://open.spotify.com/track/5T4Wez0kAQRMnzdHIMQDKI,spotify:track:5T4Wez0kAQRMnzdHIMQDKI
0Vtr6WisK5k3f1dmGs9ZiL,Otsegolation,Static-X,https://open.spotify.com/track/0Vtr6WisK5k3f1dmGs9ZiL,spotify:track:0Vtr6WisK5k3f1dmGs9ZiL
0AHkpL17up6cH4gvcQvRXf,Stem,Static-X,https://open.spotify.com/track/0AHkpL17up6cH4gvcQvRXf,spotify:track:0AHkpL17up6cH4gvcQvRXf
029NI2uU26Zx9JiOPa86r8,"Sweat of the Bud",Static-X,https://open.spotify.com/track/029NI2uU26Zx9JiOPa86r8,spotify:track:029NI2uU26Zx9JiOPa86r8
57Zx7e9O2zI7OHLbMCrnCp,Fix,Static-X,https://open.spotify.com/track/57Zx7e9O2zI7OHLbMCrnCp,spotify:track:57Zx7e9O2zI7OHLbMCrnCp
5ctRbSANfjfqVeNGPI7oau,"Wisconsin Death Trip",Static-X,https://open.spotify.com/track/5ctRbSANfjfqVeNGPI7oau,spotify:track:5ctRbSANfjfqVeNGPI7oau
6lQVpykjhYEA9LK7hZi5Yx,"The Trance Is the Motion",Static-X,https://open.spotify.com/track/6lQVpykjhYEA9LK7hZi5Yx,spotify:track:6lQVpykjhYEA9LK7hZi5Yx
3XhrFBIBskDUeujyzNFwXf,Boy,ten56.,https://open.spotify.com/track/3XhrFBIBskDUeujyzNFwXf,spotify:track:3XhrFBIBskDUeujyzNFwXf
1e714xkChvo3z1s9hNxkK5,"Capricorn (A Brand New Name)","Thirty Seconds To Mars",https://open.spotify.com/track/1e714xkChvo3z1s9hNxkK5,spotify:track:1e714xkChvo3z1s9hNxkK5
0g9IOJwdElaCZEvcqGRP4b,"Edge Of The Earth","Thirty Seconds To Mars",https://open.spotify.com/track/0g9IOJwdElaCZEvcqGRP4b,spotify:track:0g9IOJwdElaCZEvcqGRP4b
6GZDAJCKNnB0IkMc5wIm8y,Fallen,"Thirty Seconds To Mars",https://open.spotify.com/track/6GZDAJCKNnB0IkMc5wIm8y,spotify:track:6GZDAJCKNnB0IkMc5wIm8y
70xJ1zSbe2q5ZXy65xvafi,Oblivion,"Thirty Seconds To Mars",https://open.spotify.com/track/70xJ1zSbe2q5ZXy65xvafi,spotify:track:70xJ1zSbe2q5ZXy65xvafi
0PBW0dslhDROHvWlkYxKLq,"Buddha For Mary","Thirty Seconds To Mars",https://open.spotify.com/track/0PBW0dslhDROHvWlkYxKLq,spotify:track:0PBW0dslhDROHvWlkYxKLq
1FptSqDrTSmcMiwj0dR187,Echelon,"Thirty Seconds To Mars",https://open.spotify.com/track/1FptSqDrTSmcMiwj0dR187,spotify:track:1FptSqDrTSmcMiwj0dR187
1QPmOQ63p2Budam7hjjCpp,"Welcome To The Universe","Thirty Seconds To Mars",https://open.spotify.com/track/1QPmOQ63p2Budam7hjjCpp,spotify:track:1QPmOQ63p2Budam7hjjCpp
1kJprj4EaWuNvbChnW75e2,"The Mission","Thirty Seconds To Mars",https://open.spotify.com/track/1kJprj4EaWuNvbChnW75e2,spotify:track:1kJprj4EaWuNvbChnW75e2
0iri98FuLZwsfl67wrxnVw,"End Of The Beginning","Thirty Seconds To Mars",https://open.spotify.com/track/0iri98FuLZwsfl67wrxnVw,spotify:track:0iri98FuLZwsfl67wrxnVw
65LNWbKSo8PyqHz30oqDHG,"93 Million Miles","Thirty Seconds To Mars",https://open.spotify.com/track/65LNWbKSo8PyqHz30oqDHG,spotify:track:65LNWbKSo8PyqHz30oqDHG
7FHHcp2TyEru35lRbRchnv,"Year Zero","Thirty Seconds To Mars",https://open.spotify.com/track/7FHHcp2TyEru35lRbRchnv,spotify:track:7FHHcp2TyEru35lRbRchnv
55mJleti2WfWEFNFcBduhc,Schism,TOOL,https://open.spotify.com/track/55mJleti2WfWEFNFcBduhc,spotify:track:55mJleti2WfWEFNFcBduhc
2iLl6cs7VkHya8zEiEMEMD,"The River","Wage War",https://open.spotify.com/track/2iLl6cs7VkHya8zEiEMEMD,spotify:track:2iLl6cs7VkHya8zEiEMEMD
3mduN26ufQQd29RcB86U8R,"Dreh auf!","We Butter The Bread With Butter",https://open.spotify.com/track/3mduN26ufQQd29RcB86U8R,spotify:track:3mduN26ufQQd29RcB86U8R
40WBlZAQYLA4e4DqgM16Pr,"20 km/h","We Butter The Bread With Butter",https://open.spotify.com/track/40WBlZAQYLA4e4DqgM16Pr,spotify:track:40WBlZAQYLA4e4DqgM16Pr
3uiqSPIWTsLUT5D3aoMO4B,N!CE,"We Butter The Bread With Butter",https://open.spotify.com/track/3uiqSPIWTsLUT5D3aoMO4B,spotify:track:3uiqSPIWTsLUT5D3aoMO4B
0ye8OvqVS5E66gqoVjZ5OC,Läuft,"We Butter The Bread With Butter",https://open.spotify.com/track/0ye8OvqVS5E66gqoVjZ5OC,spotify:track:0ye8OvqVS5E66gqoVjZ5OC
4N2EqRYeOpDzxeL3ikQBqQ,"Jump 'n' Run","We Butter The Bread With Butter",https://open.spotify.com/track/4N2EqRYeOpDzxeL3ikQBqQ,spotify:track:4N2EqRYeOpDzxeL3ikQBqQ
7N11J1pRrkTtjPPyWpYEGA,"Sprich sie einfach an","We Butter The Bread With Butter",https://open.spotify.com/track/7N11J1pRrkTtjPPyWpYEGA,spotify:track:7N11J1pRrkTtjPPyWpYEGA
2z4BNzClwRXtjqLEpoqKDV,"Meine Finger sind zu klein","We Butter The Bread With Butter",https://open.spotify.com/track/2z4BNzClwRXtjqLEpoqKDV,spotify:track:2z4BNzClwRXtjqLEpoqKDV
2bq85KTGElr9naiBOEQdrh,"Piks mich","We Butter The Bread With Butter",https://open.spotify.com/track/2bq85KTGElr9naiBOEQdrh,spotify:track:2bq85KTGElr9naiBOEQdrh
0LMQ4WPGMmtENV8CV81QaT,Metal,"We Butter The Bread With Butter",https://open.spotify.com/track/0LMQ4WPGMmtENV8CV81QaT,spotify:track:0LMQ4WPGMmtENV8CV81QaT
1LRqVXmLyhSazQSbzwcreb,"Angriff der Dönerteller","We Butter The Bread With Butter",https://open.spotify.com/track/1LRqVXmLyhSazQSbzwcreb,spotify:track:1LRqVXmLyhSazQSbzwcreb
3G7WbnJXkRcnoe7OzB5edw,"Schlaf Kindlein Schlaf","We Butter The Bread With Butter",https://open.spotify.com/track/3G7WbnJXkRcnoe7OzB5edw,spotify:track:3G7WbnJXkRcnoe7OzB5edw
0Sg8KYJx719r504JBPZIP1,"Willst du mit mir gehen","We Butter The Bread With Butter",https://open.spotify.com/track/0Sg8KYJx719r504JBPZIP1,spotify:track:0Sg8KYJx719r504JBPZIP1
1PGoHRJDettXAe0RP9frsO,"Das Monster aus dem Schrank","We Butter The Bread With Butter",https://open.spotify.com/track/1PGoHRJDettXAe0RP9frsO,spotify:track:1PGoHRJDettXAe0RP9frsO
5Hj9whoP21EIhlQtU6P1SQ,Breekachu,"We Butter The Bread With Butter",https://open.spotify.com/track/5Hj9whoP21EIhlQtU6P1SQ,spotify:track:5Hj9whoP21EIhlQtU6P1SQ
5r0W5lQJeXQiSX1drlieKp,"Hänschen Klein","We Butter The Bread With Butter",https://open.spotify.com/track/5r0W5lQJeXQiSX1drlieKp,spotify:track:5r0W5lQJeXQiSX1drlieKp
5qgd1qWTF54F6x3Yd9TrE7,"Terminator Popey","We Butter The Bread With Butter",https://open.spotify.com/track/5qgd1qWTF54F6x3Yd9TrE7,spotify:track:5qgd1qWTF54F6x3Yd9TrE7
4XaZXmRsJu0OlZ47plkf0K,"Backe Backe Kuchen","We Butter The Bread With Butter",https://open.spotify.com/track/4XaZXmRsJu0OlZ47plkf0K,spotify:track:4XaZXmRsJu0OlZ47plkf0K
2pYwNtB7YVFE7M3HZxAdrF,"World of Warcraft","We Butter The Bread With Butter",https://open.spotify.com/track/2pYwNtB7YVFE7M3HZxAdrF,spotify:track:2pYwNtB7YVFE7M3HZxAdrF
3vqwveNswvCDk1NCyAHqy3,"Fuchs du hast die Gans gestohlen","We Butter The Bread With Butter",https://open.spotify.com/track/3vqwveNswvCDk1NCyAHqy3,spotify:track:3vqwveNswvCDk1NCyAHqy3
2Kh3zpXoYZ13H1gf4osSLu,"Alle meine Entchen","We Butter The Bread With Butter",https://open.spotify.com/track/2Kh3zpXoYZ13H1gf4osSLu,spotify:track:2Kh3zpXoYZ13H1gf4osSLu
5V97U97zUHDdL8DXjdiMHc,"I Shot the Sheriff","We Butter The Bread With Butter",https://open.spotify.com/track/5V97U97zUHDdL8DXjdiMHc,spotify:track:5V97U97zUHDdL8DXjdiMHc
4MAlaqwIsziUByuWaJJxDa,"Hänsel und Gretel","We Butter The Bread With Butter",https://open.spotify.com/track/4MAlaqwIsziUByuWaJJxDa,spotify:track:4MAlaqwIsziUByuWaJJxDa
6ceDV12sqLuXjqOiG2QRsl,"Der Kuckuck und der Esel","We Butter The Bread With Butter",https://open.spotify.com/track/6ceDV12sqLuXjqOiG2QRsl,spotify:track:6ceDV12sqLuXjqOiG2QRsl
5CJ5pL7zHLYyLDBKvHKrev,Extrem,"We Butter The Bread With Butter",https://open.spotify.com/track/5CJ5pL7zHLYyLDBKvHKrev,spotify:track:5CJ5pL7zHLYyLDBKvHKrev
6gtmyI2ei6bRZ2OpIWLUu3,"Der Anfang vom Ende","We Butter The Bread With Butter",https://open.spotify.com/track/6gtmyI2ei6bRZ2OpIWLUu3,spotify:track:6gtmyI2ei6bRZ2OpIWLUu3
4w7zfOmVNhUIJE7xEQMysv,"Der Tag an dem die Welt unterging","We Butter The Bread With Butter",https://open.spotify.com/track/4w7zfOmVNhUIJE7xEQMysv,spotify:track:4w7zfOmVNhUIJE7xEQMysv
4V8r8GT1yThv5gc0CCYBXZ,"Oh Mama mach Kartoffelsalat","We Butter The Bread With Butter",https://open.spotify.com/track/4V8r8GT1yThv5gc0CCYBXZ,spotify:track:4V8r8GT1yThv5gc0CCYBXZ
2wH96ltaJcALqYMphjskZt,Alptraumsong,"We Butter The Bread With Butter",https://open.spotify.com/track/2wH96ltaJcALqYMphjskZt,spotify:track:2wH96ltaJcALqYMphjskZt
29XZXtqLvjwDcUlowEDus7,"Superföhn Bananendate","We Butter The Bread With Butter",https://open.spotify.com/track/29XZXtqLvjwDcUlowEDus7,spotify:track:29XZXtqLvjwDcUlowEDus7
1wkbzbwEELjjPGg83XofDw,3008,"We Butter The Bread With Butter",https://open.spotify.com/track/1wkbzbwEELjjPGg83XofDw,spotify:track:1wkbzbwEELjjPGg83XofDw
0Of5pJja5ckTkxt9f7TPgE,Glühwürmchen,"We Butter The Bread With Butter",https://open.spotify.com/track/0Of5pJja5ckTkxt9f7TPgE,spotify:track:0Of5pJja5ckTkxt9f7TPgE
1AT1kU5Pj4jVGERvPfVh8R,"Sabine die Zeitmaschine","We Butter The Bread With Butter",https://open.spotify.com/track/1AT1kU5Pj4jVGERvPfVh8R,spotify:track:1AT1kU5Pj4jVGERvPfVh8R
3dWLVYZoY6IWDGbhztrUqe,"Der kleine Vampir","We Butter The Bread With Butter",https://open.spotify.com/track/3dWLVYZoY6IWDGbhztrUqe,spotify:track:3dWLVYZoY6IWDGbhztrUqe
7IZTGQyERabLHlna8SkMLf,"13 Wünsche","We Butter The Bread With Butter",https://open.spotify.com/track/7IZTGQyERabLHlna8SkMLf,spotify:track:7IZTGQyERabLHlna8SkMLf
2Zm58KSh6PsjO87B9ut5SM,"Wir gehen an Land","We Butter The Bread With Butter",https://open.spotify.com/track/2Zm58KSh6PsjO87B9ut5SM,spotify:track:2Zm58KSh6PsjO87B9ut5SM
3uvuh86dvtyEP1aUDY4dKp,"Mein Baumhaus","We Butter The Bread With Butter",https://open.spotify.com/track/3uvuh86dvtyEP1aUDY4dKp,spotify:track:3uvuh86dvtyEP1aUDY4dKp
0C5skcq1yZ3BCoxoExqGYo,Feueralarm,"We Butter The Bread With Butter",https://open.spotify.com/track/0C5skcq1yZ3BCoxoExqGYo,spotify:track:0C5skcq1yZ3BCoxoExqGYo
67TyaohbSITOp7DAcdd7sR,"Das Ende","We Butter The Bread With Butter",https://open.spotify.com/track/67TyaohbSITOp7DAcdd7sR,spotify:track:67TyaohbSITOp7DAcdd7sR
2lU7wi6V6RpYKYdelZqms6,"Dreh auf!","We Butter The Bread With Butter",https://open.spotify.com/track/2lU7wi6V6RpYKYdelZqms6,spotify:track:2lU7wi6V6RpYKYdelZqms6
2VDiin22pqVRQmRNfifW5a,"Alles was ich will","We Butter The Bread With Butter",https://open.spotify.com/track/2VDiin22pqVRQmRNfifW5a,spotify:track:2VDiin22pqVRQmRNfifW5a
1n0JcSZXCMNxXiIsNBXKT3,"Meine Brille","We Butter The Bread With Butter",https://open.spotify.com/track/1n0JcSZXCMNxXiIsNBXKT3,spotify:track:1n0JcSZXCMNxXiIsNBXKT3
6HeQijc0iMoybQKfH7PMj2,"Pyroman & Astronaut","We Butter The Bread With Butter",https://open.spotify.com/track/6HeQijc0iMoybQKfH7PMj2,spotify:track:6HeQijc0iMoybQKfH7PMj2
5RxD1ab0oKdJsZ8qpmGbK9,"Ohne Herz","We Butter The Bread With Butter",https://open.spotify.com/track/5RxD1ab0oKdJsZ8qpmGbK9,spotify:track:5RxD1ab0oKdJsZ8qpmGbK9
2yHwND3e8kgeDca5MiFogy,"Super Heiß ins Trommelfell (S.H.I.T.)","We Butter The Bread With Butter",https://open.spotify.com/track/2yHwND3e8kgeDca5MiFogy,spotify:track:2yHwND3e8kgeDca5MiFogy
4cCuw7c60QStjx4KC1TeOI,"Viva Mariposa","We Butter The Bread With Butter",https://open.spotify.com/track/4cCuw7c60QStjx4KC1TeOI,spotify:track:4cCuw7c60QStjx4KC1TeOI
6Z6a8mZ1BfVCXicvtrDJLP,Fall,"We Butter The Bread With Butter",https://open.spotify.com/track/6Z6a8mZ1BfVCXicvtrDJLP,spotify:track:6Z6a8mZ1BfVCXicvtrDJLP
1xQNeQGJ6fSNRCpdIs4mSV,Makellos,"We Butter The Bread With Butter",https://open.spotify.com/track/1xQNeQGJ6fSNRCpdIs4mSV,spotify:track:1xQNeQGJ6fSNRCpdIs4mSV
3m8v9xfKXKYc9Pq61MBqmu,"Das Uhrwerk","We Butter The Bread With Butter",https://open.spotify.com/track/3m8v9xfKXKYc9Pq61MBqmu,spotify:track:3m8v9xfKXKYc9Pq61MBqmu
6GUpGLn5IHMgIsb44jW1JX,"Krieg aus Gold","We Butter The Bread With Butter",https://open.spotify.com/track/6GUpGLn5IHMgIsb44jW1JX,spotify:track:6GUpGLn5IHMgIsb44jW1JX
1nR2iYXzKkXuPADNwWqHuK,Psycho,"We Butter The Bread With Butter",https://open.spotify.com/track/1nR2iYXzKkXuPADNwWqHuK,spotify:track:1nR2iYXzKkXuPADNwWqHuK
3kSfYTvcHv0LEftv0xzJ0r,"Kind im Brunnen","We Butter The Bread With Butter",https://open.spotify.com/track/3kSfYTvcHv0LEftv0xzJ0r,spotify:track:3kSfYTvcHv0LEftv0xzJ0r
1Pu9MGCLDyXl831gq5HwO6,"Klicks. Likes. Fame. Geil!","We Butter The Bread With Butter",https://open.spotify.com/track/1Pu9MGCLDyXl831gq5HwO6,spotify:track:1Pu9MGCLDyXl831gq5HwO6
5tkmVEqglyP80CsQI8ggMT,"Man’s Not Hot","We Butter The Bread With Butter",https://open.spotify.com/track/5tkmVEqglyP80CsQI8ggMT,spotify:track:5tkmVEqglyP80CsQI8ggMT
6rXgcyo85pYpJHlSdpk0O5,Intro,"We Butter The Bread With Butter",https://open.spotify.com/track/6rXgcyo85pYpJHlSdpk0O5,spotify:track:6rXgcyo85pYpJHlSdpk0O5
1ObWYgf8OzEoE6tuNHsYbg,"1000 Volt","We Butter The Bread With Butter",https://open.spotify.com/track/1ObWYgf8OzEoE6tuNHsYbg,spotify:track:1ObWYgf8OzEoE6tuNHsYbg
4UlQ4huIzFEIOBW7g8pGXf,USA,"We Butter The Bread With Butter",https://open.spotify.com/track/4UlQ4huIzFEIOBW7g8pGXf,spotify:track:4UlQ4huIzFEIOBW7g8pGXf
1uu9WmY1SDjqgol5VwIFWA,"Western Beta","We Butter The Bread With Butter",https://open.spotify.com/track/1uu9WmY1SDjqgol5VwIFWA,spotify:track:1uu9WmY1SDjqgol5VwIFWA
1C2eBRIlff73EXDEAtRZjV,Euphorie,"We Butter The Bread With Butter",https://open.spotify.com/track/1C2eBRIlff73EXDEAtRZjV,spotify:track:1C2eBRIlff73EXDEAtRZjV
5SaXWWrsUFHSJXfdpbag9q,Soldat,"We Butter The Bread With Butter",https://open.spotify.com/track/5SaXWWrsUFHSJXfdpbag9q,spotify:track:5SaXWWrsUFHSJXfdpbag9q
5cp4KYRd4FHSJCaIdR8rwY,Supernova,"We Butter The Bread With Butter",https://open.spotify.com/track/5cp4KYRd4FHSJCaIdR8rwY,spotify:track:5cp4KYRd4FHSJCaIdR8rwY
5wIVNiNvDNnl5DGe0NfOro,"Ich mach was mit Medien","We Butter The Bread With Butter",https://open.spotify.com/track/5wIVNiNvDNnl5DGe0NfOro,spotify:track:5wIVNiNvDNnl5DGe0NfOro
7n6p3W5zPqouWs1gDkioUl,Exorzist,"We Butter The Bread With Butter",https://open.spotify.com/track/7n6p3W5zPqouWs1gDkioUl,spotify:track:7n6p3W5zPqouWs1gDkioUl
4LhpuU8amyUWzHR7q6ec1u,Anarchy,"We Butter The Bread With Butter",https://open.spotify.com/track/4LhpuU8amyUWzHR7q6ec1u,spotify:track:4LhpuU8amyUWzHR7q6ec1u
0IHAgo7m85g37rDQWolFvE,"Berlin, Berlin!","We Butter The Bread With Butter",https://open.spotify.com/track/0IHAgo7m85g37rDQWolFvE,spotify:track:0IHAgo7m85g37rDQWolFvE
3fqLERO54bYUINY8ruSiQ2,"Bang Bang Bang","We Butter The Bread With Butter",https://open.spotify.com/track/3fqLERO54bYUINY8ruSiQ2,spotify:track:3fqLERO54bYUINY8ruSiQ2
4uClp5Yq7j0c4kBpehIgxD,"Gib mir mehr","We Butter The Bread With Butter",https://open.spotify.com/track/4uClp5Yq7j0c4kBpehIgxD,spotify:track:4uClp5Yq7j0c4kBpehIgxD
78rVnZbEPvyin4ZeGUp26q,Rockstar,"We Butter The Bread With Butter",https://open.spotify.com/track/78rVnZbEPvyin4ZeGUp26q,spotify:track:78rVnZbEPvyin4ZeGUp26q
1eNbdODWE4RlrJdWTOQh0N,"Thug Life","We Butter The Bread With Butter",https://open.spotify.com/track/1eNbdODWE4RlrJdWTOQh0N,spotify:track:1eNbdODWE4RlrJdWTOQh0N
3nRPFlUZFJeuNQYMnTQ4gk,"Warum lieben wir nicht mehr","We Butter The Bread With Butter",https://open.spotify.com/track/3nRPFlUZFJeuNQYMnTQ4gk,spotify:track:3nRPFlUZFJeuNQYMnTQ4gk
0Ut01H14nrK8xYyq8nvr4p,Zombiebitch,"We Butter The Bread With Butter",https://open.spotify.com/track/0Ut01H14nrK8xYyq8nvr4p,spotify:track:0Ut01H14nrK8xYyq8nvr4p
2Slqcx8DDRjDwPI2lzyRPp,"Electric Head, Part 1 (The Agony)","White Zombie",https://open.spotify.com/track/2Slqcx8DDRjDwPI2lzyRPp,spotify:track:2Slqcx8DDRjDwPI2lzyRPp
4qVZBA7jWL23SEWOfKFjiw,"Super Charger Heaven","White Zombie",https://open.spotify.com/track/4qVZBA7jWL23SEWOfKFjiw,spotify:track:4qVZBA7jWL23SEWOfKFjiw
32wKoxHhexqZUBdv0HlEcc,"Real Solution #9","White Zombie",https://open.spotify.com/track/32wKoxHhexqZUBdv0HlEcc,spotify:track:32wKoxHhexqZUBdv0HlEcc
0VGJewwJfPhs4HiccGkQqM,"Creature Of The Wheel","White Zombie",https://open.spotify.com/track/0VGJewwJfPhs4HiccGkQqM,spotify:track:0VGJewwJfPhs4HiccGkQqM
2tn19BXpqVJLMtHErCUrTY,"Electric Head, Part 2 (The Ecstasy)","White Zombie",https://open.spotify.com/track/2tn19BXpqVJLMtHErCUrTY,spotify:track:2tn19BXpqVJLMtHErCUrTY
1cERvLjc7iYWgOqmTRQo8j,"I, Zombie","White Zombie",https://open.spotify.com/track/1cERvLjc7iYWgOqmTRQo8j,spotify:track:1cERvLjc7iYWgOqmTRQo8j
1NbJFhkVdD47YZ2IojKkJi,"More Human Than Human","White Zombie",https://open.spotify.com/track/1NbJFhkVdD47YZ2IojKkJi,spotify:track:1NbJFhkVdD47YZ2IojKkJi
3mrCLBzpIry4pBSsszv7Fy,"El Phantasmo And The Chicken-Run Blast-O-Rama","White Zombie",https://open.spotify.com/track/3mrCLBzpIry4pBSsszv7Fy,spotify:track:3mrCLBzpIry4pBSsszv7Fy
1KJ0slPieoKVuvA4wufi8U,"Blur The Technicolor","White Zombie",https://open.spotify.com/track/1KJ0slPieoKVuvA4wufi8U,spotify:track:1KJ0slPieoKVuvA4wufi8U
7q5NQ0aaWYatIlig3mUysL,"Adieu - RMX by Richard Z. Kruspe","Rammstein,RICHARD Z. KRUSPE",https://open.spotify.com/track/7q5NQ0aaWYatIlig3mUysL,spotify:track:7q5NQ0aaWYatIlig3mUysL
1kqx2Z9AXjbUCbPkUVbIRM,"Angst - RMX by twocolors","Rammstein,twocolors",https://open.spotify.com/track/1kqx2Z9AXjbUCbPkUVbIRM,spotify:track:1kqx2Z9AXjbUCbPkUVbIRM
4D1VchY3LaTzchH12BCLoe,Ausländer,Rammstein,https://open.spotify.com/track/4D1VchY3LaTzchH12BCLoe,spotify:track:4D1VchY3LaTzchH12BCLoe
1T8IRUJBga0JXioJZvxjBR,Deutschland,Rammstein,https://open.spotify.com/track/1T8IRUJBga0JXioJZvxjBR,spotify:track:1T8IRUJBga0JXioJZvxjBR
7iQECb7MyQbhGAJW0ttxuW,"Dicke Titten",Rammstein,https://open.spotify.com/track/7iQECb7MyQbhGAJW0ttxuW,spotify:track:7iQECb7MyQbhGAJW0ttxuW
3UCnSaaqDCgtuRo0J8Sxbp,Rammlied,Rammstein,https://open.spotify.com/track/3UCnSaaqDCgtuRo0J8Sxbp,spotify:track:3UCnSaaqDCgtuRo0J8Sxbp
47gjUao1XjSO4fvVRm9L55,"Ich tu dir weh",Rammstein,https://open.spotify.com/track/47gjUao1XjSO4fvVRm9L55,spotify:track:47gjUao1XjSO4fvVRm9L55
2zzGRIrSY0Wtvqh38bmQCX,"Waidmanns Heil",Rammstein,https://open.spotify.com/track/2zzGRIrSY0Wtvqh38bmQCX,spotify:track:2zzGRIrSY0Wtvqh38bmQCX
498yaB7s3JRZUikLpMHbRY,Haifisch,Rammstein,https://open.spotify.com/track/498yaB7s3JRZUikLpMHbRY,spotify:track:498yaB7s3JRZUikLpMHbRY
02YLDr4G3ScTiFxPkFetHp,B********,Rammstein,https://open.spotify.com/track/02YLDr4G3ScTiFxPkFetHp,spotify:track:02YLDr4G3ScTiFxPkFetHp
4Udy7IV530U08UDWaCovVq,"Frühling in Paris",Rammstein,https://open.spotify.com/track/4Udy7IV530U08UDWaCovVq,spotify:track:4Udy7IV530U08UDWaCovVq
408h6ByvTHvW3jrpoEY4MO,"Wiener Blut",Rammstein,https://open.spotify.com/track/408h6ByvTHvW3jrpoEY4MO,spotify:track:408h6ByvTHvW3jrpoEY4MO
0EAKf1NdBfTiK1idL7yLTg,Pussy,Rammstein,https://open.spotify.com/track/0EAKf1NdBfTiK1idL7yLTg,spotify:track:0EAKf1NdBfTiK1idL7yLTg
2sbTu4X9OxrjlkFAc6sjmL,"Liebe ist für alle da",Rammstein,https://open.spotify.com/track/2sbTu4X9OxrjlkFAc6sjmL,spotify:track:2sbTu4X9OxrjlkFAc6sjmL
6ECJVE5BQqHNUfUQn55nay,Mehr,Rammstein,https://open.spotify.com/track/6ECJVE5BQqHNUfUQn55nay,spotify:track:6ECJVE5BQqHNUfUQn55nay
5WaTZ5horqgD3wuo5RBJjv,"Roter Sand",Rammstein,https://open.spotify.com/track/5WaTZ5horqgD3wuo5RBJjv,spotify:track:5WaTZ5horqgD3wuo5RBJjv
2L3Cf8iSrpfeScML779PoZ,"Führe mich",Rammstein,https://open.spotify.com/track/2L3Cf8iSrpfeScML779PoZ,spotify:track:2L3Cf8iSrpfeScML779PoZ
3HRR6SWBBPDP6I8pGtj97Z,Donaukinder,Rammstein,https://open.spotify.com/track/3HRR6SWBBPDP6I8pGtj97Z,spotify:track:3HRR6SWBBPDP6I8pGtj97Z
02r9ZPaIVdyeYft4yIfk1y,Halt,Rammstein,https://open.spotify.com/track/02r9ZPaIVdyeYft4yIfk1y,spotify:track:02r9ZPaIVdyeYft4yIfk1y
1ryMgu0CnRSseTYpvMDOLD,"Mein Herz brennt",Rammstein,https://open.spotify.com/track/1ryMgu0CnRSseTYpvMDOLD,spotify:track:1ryMgu0CnRSseTYpvMDOLD
2bEOoGCjJJVf60y3aKgXcn,"Links 2 3 4",Rammstein,https://open.spotify.com/track/2bEOoGCjJJVf60y3aKgXcn,spotify:track:2bEOoGCjJJVf60y3aKgXcn
4w3R0GZ2rScJMKlgPJzHRq,Sonne,Rammstein,https://open.spotify.com/track/4w3R0GZ2rScJMKlgPJzHRq,spotify:track:4w3R0GZ2rScJMKlgPJzHRq
1SlMYQmLe0yNEvBIfaPTAW,"Ich will",Rammstein,https://open.spotify.com/track/1SlMYQmLe0yNEvBIfaPTAW,spotify:track:1SlMYQmLe0yNEvBIfaPTAW
73JZKk0nb1WOUmh1Eo3Unc,"Feuer frei!",Rammstein,https://open.spotify.com/track/73JZKk0nb1WOUmh1Eo3Unc,spotify:track:73JZKk0nb1WOUmh1Eo3Unc
3Yj9lNYD0su1mbTtA1ktat,Mutter,Rammstein,https://open.spotify.com/track/3Yj9lNYD0su1mbTtA1ktat,spotify:track:3Yj9lNYD0su1mbTtA1ktat
2YfSQPgeAkhNjFwm3qJbSx,Spieluhr,Rammstein,https://open.spotify.com/track/2YfSQPgeAkhNjFwm3qJbSx,spotify:track:2YfSQPgeAkhNjFwm3qJbSx
5NSoxlB4utD51hYMAZpIdV,Zwitter,Rammstein,https://open.spotify.com/track/5NSoxlB4utD51hYMAZpIdV,spotify:track:5NSoxlB4utD51hYMAZpIdV
1qlTeIhNofXvNYy4appFOC,"Rein raus",Rammstein,https://open.spotify.com/track/1qlTeIhNofXvNYy4appFOC,spotify:track:1qlTeIhNofXvNYy4appFOC
7rOPeDJ9zeLDRfZowRK8qB,Adios,Rammstein,https://open.spotify.com/track/7rOPeDJ9zeLDRfZowRK8qB,spotify:track:7rOPeDJ9zeLDRfZowRK8qB
1Q94WI2punbv0tABeSch7n,Benzin,Rammstein,https://open.spotify.com/track/1Q94WI2punbv0tABeSch7n,spotify:track:1Q94WI2punbv0tABeSch7n
6UHXHzMYvpatBSPK7hxQR5,"Mann gegen Mann",Rammstein,https://open.spotify.com/track/6UHXHzMYvpatBSPK7hxQR5,spotify:track:6UHXHzMYvpatBSPK7hxQR5
7u018epVcYPTPVKCWAemLP,Rosenrot,Rammstein,https://open.spotify.com/track/7u018epVcYPTPVKCWAemLP,spotify:track:7u018epVcYPTPVKCWAemLP
2SPsfOz23D2rOeRdhSKZOR,Spring,Rammstein,https://open.spotify.com/track/2SPsfOz23D2rOeRdhSKZOR,spotify:track:2SPsfOz23D2rOeRdhSKZOR
3xiYn2FVh7XOlhb8pBrELg,"Wo bist du",Rammstein,https://open.spotify.com/track/3xiYn2FVh7XOlhb8pBrELg,spotify:track:3xiYn2FVh7XOlhb8pBrELg
3f1Pyzzn7GWBWNpx0vXqjF,"Stirb nicht vor mir (Don't Die Before I Do)",Rammstein,https://open.spotify.com/track/3f1Pyzzn7GWBWNpx0vXqjF,spotify:track:3f1Pyzzn7GWBWNpx0vXqjF
3sc9J5yO4vMKIP41UcKB8I,Zerstören,Rammstein,https://open.spotify.com/track/3sc9J5yO4vMKIP41UcKB8I,spotify:track:3sc9J5yO4vMKIP41UcKB8I
12oRvm1xzDO56HlpEnm0JH,"Hilf mir",Rammstein,https://open.spotify.com/track/12oRvm1xzDO56HlpEnm0JH,spotify:track:12oRvm1xzDO56HlpEnm0JH
4hLS1e3mrL0gbm8BqX1VvN,"Te quiero puta!",Rammstein,https://open.spotify.com/track/4hLS1e3mrL0gbm8BqX1VvN,spotify:track:4hLS1e3mrL0gbm8BqX1VvN
48LYcLfuBtTfKD6DLlyOyj,"Feuer und Wasser",Rammstein,https://open.spotify.com/track/48LYcLfuBtTfKD6DLlyOyj,spotify:track:48LYcLfuBtTfKD6DLlyOyj
53yBfGozCZOAqaM16PwMKP,"Reise, Reise",Rammstein,https://open.spotify.com/track/53yBfGozCZOAqaM16PwMKP,spotify:track:53yBfGozCZOAqaM16PwMKP
2OQRceDfxBfmwTEmNOSpFq,"Mein Teil",Rammstein,https://open.spotify.com/track/2OQRceDfxBfmwTEmNOSpFq,spotify:track:2OQRceDfxBfmwTEmNOSpFq
50VqNIbwCOPVtXuWSWjdOY,"Dalai Lama",Rammstein,https://open.spotify.com/track/50VqNIbwCOPVtXuWSWjdOY,spotify:track:50VqNIbwCOPVtXuWSWjdOY
29YDZUNKvBI2I64TvLj1Wt,"Keine Lust",Rammstein,https://open.spotify.com/track/29YDZUNKvBI2I64TvLj1Wt,spotify:track:29YDZUNKvBI2I64TvLj1Wt
679Tyyun9r41BvpDOTAAOo,Los,Rammstein,https://open.spotify.com/track/679Tyyun9r41BvpDOTAAOo,spotify:track:679Tyyun9r41BvpDOTAAOo
33ayEZDfgARpadIdqo87JQ,Amerika,Rammstein,https://open.spotify.com/track/33ayEZDfgARpadIdqo87JQ,spotify:track:33ayEZDfgARpadIdqo87JQ
0k8LXt5uJ5O07BhSvnvjkY,Moskau,Rammstein,https://open.spotify.com/track/0k8LXt5uJ5O07BhSvnvjkY,spotify:track:0k8LXt5uJ5O07BhSvnvjkY
6qNtBTcJTKlP88CdAvUGw4,Morgenstern,Rammstein,https://open.spotify.com/track/6qNtBTcJTKlP88CdAvUGw4,spotify:track:6qNtBTcJTKlP88CdAvUGw4
7KiB7d1EkC0YM2OAQGACML,"Stein um Stein",Rammstein,https://open.spotify.com/track/7KiB7d1EkC0YM2OAQGACML,spotify:track:7KiB7d1EkC0YM2OAQGACML
4Hruh5C0Ef3y8mIcns5Y1O,"Ohne dich",Rammstein,https://open.spotify.com/track/4Hruh5C0Ef3y8mIcns5Y1O,spotify:track:4Hruh5C0Ef3y8mIcns5Y1O
4tNIRQkZwbtXPVYtaYDiTd,Amour,Rammstein,https://open.spotify.com/track/4tNIRQkZwbtXPVYtaYDiTd,spotify:track:4tNIRQkZwbtXPVYtaYDiTd
2bPGTMB5sFfFYQ2YvSmup0,Deutschland,Rammstein,https://open.spotify.com/track/2bPGTMB5sFfFYQ2YvSmup0,spotify:track:2bPGTMB5sFfFYQ2YvSmup0
5vZ4IeUenK2cHub2d7yfWk,Radio,Rammstein,https://open.spotify.com/track/5vZ4IeUenK2cHub2d7yfWk,spotify:track:5vZ4IeUenK2cHub2d7yfWk
3d3k8g4GTVx9EFIFlOZOEX,"Zeig dich",Rammstein,https://open.spotify.com/track/3d3k8g4GTVx9EFIFlOZOEX,spotify:track:3d3k8g4GTVx9EFIFlOZOEX
7j43FohbLVulScL7S9sQZk,Ausländer,Rammstein,https://open.spotify.com/track/7j43FohbLVulScL7S9sQZk,spotify:track:7j43FohbLVulScL7S9sQZk
15f16lrsDzFeNpHYBTzHLI,Sex,Rammstein,https://open.spotify.com/track/15f16lrsDzFeNpHYBTzHLI,spotify:track:15f16lrsDzFeNpHYBTzHLI
2iFgHPoa7FNHwgLnjXzu7F,Puppe,Rammstein,https://open.spotify.com/track/2iFgHPoa7FNHwgLnjXzu7F,spotify:track:2iFgHPoa7FNHwgLnjXzu7F
4anzVbFPUuZTw0KQeZ0qnu,"Was ich liebe",Rammstein,https://open.spotify.com/track/4anzVbFPUuZTw0KQeZ0qnu,spotify:track:4anzVbFPUuZTw0KQeZ0qnu
0sMmtnF7by7WPNeRXCam9H,"Weit weg",Rammstein,https://open.spotify.com/track/0sMmtnF7by7WPNeRXCam9H,spotify:track:0sMmtnF7by7WPNeRXCam9H
6X5zsgjDlssIkv0sVYZgx1,Tattoo,Rammstein,https://open.spotify.com/track/6X5zsgjDlssIkv0sVYZgx1,spotify:track:6X5zsgjDlssIkv0sVYZgx1
2bHRnMtpXMUmzDHZrAyxne,Hallomann,Rammstein,https://open.spotify.com/track/2bHRnMtpXMUmzDHZrAyxne,spotify:track:2bHRnMtpXMUmzDHZrAyxne
138ADAIJra5lBNbqQF2m7z,Sehnsucht,Rammstein,https://open.spotify.com/track/138ADAIJra5lBNbqQF2m7z,spotify:track:138ADAIJra5lBNbqQF2m7z
0xQZkTxb49QpopIZQhKJUY,Engel,Rammstein,https://open.spotify.com/track/0xQZkTxb49QpopIZQhKJUY,spotify:track:0xQZkTxb49QpopIZQhKJUY
2mJabhCPoHBA7a6uLLbDlV,Tier,Rammstein,https://open.spotify.com/track/2mJabhCPoHBA7a6uLLbDlV,spotify:track:2mJabhCPoHBA7a6uLLbDlV
0G7gu8m9HuYX3vAAz2gcFi,"Bestrafe mich",Rammstein,https://open.spotify.com/track/0G7gu8m9HuYX3vAAz2gcFi,spotify:track:0G7gu8m9HuYX3vAAz2gcFi
6uEvFCaOqXyEidoO8BZbyh,"Du hast",Rammstein,https://open.spotify.com/track/6uEvFCaOqXyEidoO8BZbyh,spotify:track:6uEvFCaOqXyEidoO8BZbyh
0SCkN2QprWk02svK0HCZ2n,"Bück dich",Rammstein,https://open.spotify.com/track/0SCkN2QprWk02svK0HCZ2n,spotify:track:0SCkN2QprWk02svK0HCZ2n
5tNhreO6L8kfvQSqPjuGUg,"Spiel mit mir",Rammstein,https://open.spotify.com/track/5tNhreO6L8kfvQSqPjuGUg,spotify:track:5tNhreO6L8kfvQSqPjuGUg
5pRKNboeEfPCaitVvh7F8S,Klavier,Rammstein,https://open.spotify.com/track/5pRKNboeEfPCaitVvh7F8S,spotify:track:5pRKNboeEfPCaitVvh7F8S
1ilqu0y37Kl1sgF4jfIkle,"Alter Mann",Rammstein,https://open.spotify.com/track/1ilqu0y37Kl1sgF4jfIkle,spotify:track:1ilqu0y37Kl1sgF4jfIkle
07CUEJZd1N8NFKcIeHiFbR,Eifersucht,Rammstein,https://open.spotify.com/track/07CUEJZd1N8NFKcIeHiFbR,spotify:track:07CUEJZd1N8NFKcIeHiFbR
21lHn1YDJIcM695Lob0l0R,"Küss mich (Fellfrosch)",Rammstein,https://open.spotify.com/track/21lHn1YDJIcM695Lob0l0R,spotify:track:21lHn1YDJIcM695Lob0l0R
5hPxC9i9lj9pJwg7DK2MvC,"Zick Zack",Rammstein,https://open.spotify.com/track/5hPxC9i9lj9pJwg7DK2MvC,spotify:track:5hPxC9i9lj9pJwg7DK2MvC
4MwtC97qqJaBZTclVax4gd,"Mein Teil - You Are What You Eat Edit Remix By Pet Shop Boys","Rammstein,Pet Shop Boys",https://open.spotify.com/track/4MwtC97qqJaBZTclVax4gd,spotify:track:4MwtC97qqJaBZTclVax4gd
1zxDunl4jVQZkm7CRY69gS,"Mein Teil - The Return To New York Buffet Remix By Arthur Baker","Rammstein,Arthur Baker",https://open.spotify.com/track/1zxDunl4jVQZkm7CRY69gS,spotify:track:1zxDunl4jVQZkm7CRY69gS
77rlgRg6CnNWgdoSdS7OQx,"Mein Teil - There Are No Guitars On This Mix By Pet Shop Boys","Rammstein,Pet Shop Boys",https://open.spotify.com/track/77rlgRg6CnNWgdoSdS7OQx,spotify:track:77rlgRg6CnNWgdoSdS7OQx
2MC5MLUdhrVUWGHUFHvaLF,"Wollt ihr das Bett in Flammen sehen",Rammstein,https://open.spotify.com/track/2MC5MLUdhrVUWGHUFHvaLF,spotify:track:2MC5MLUdhrVUWGHUFHvaLF
5ft9yiGXI9o4bnbznZFP3U,"Der Meister",Rammstein,https://open.spotify.com/track/5ft9yiGXI9o4bnbznZFP3U,spotify:track:5ft9yiGXI9o4bnbznZFP3U
3c02RAbOojbCSXQebk6Sf1,"Weisses Fleisch",Rammstein,https://open.spotify.com/track/3c02RAbOojbCSXQebk6Sf1,spotify:track:3c02RAbOojbCSXQebk6Sf1
407eqFGqQc40KPf43YrQ44,"Asche zu Asche",Rammstein,https://open.spotify.com/track/407eqFGqQc40KPf43YrQ44,spotify:track:407eqFGqQc40KPf43YrQ44
7LQ1G6zaXDwQH7bp3RtzIY,Seemann,Rammstein,https://open.spotify.com/track/7LQ1G6zaXDwQH7bp3RtzIY,spotify:track:7LQ1G6zaXDwQH7bp3RtzIY
4yUcHLkHUwAPpKN0Uvdo8I,"Du riechst so gut",Rammstein,https://open.spotify.com/track/4yUcHLkHUwAPpKN0Uvdo8I,spotify:track:4yUcHLkHUwAPpKN0Uvdo8I
4gUq1k2i3zn6dd7PbfbxED,"Das alte Leid",Rammstein,https://open.spotify.com/track/4gUq1k2i3zn6dd7PbfbxED,spotify:track:4gUq1k2i3zn6dd7PbfbxED
33LTCp3HM36k7KuB7M3IHd,"Heirate mich",Rammstein,https://open.spotify.com/track/33LTCp3HM36k7KuB7M3IHd,spotify:track:33LTCp3HM36k7KuB7M3IHd
1Ix5KgMrv9kFPZN6g75CeS,Herzeleid,Rammstein,https://open.spotify.com/track/1Ix5KgMrv9kFPZN6g75CeS,spotify:track:1Ix5KgMrv9kFPZN6g75CeS
7lL7AgPCYvDHz8AI4nergA,Laichzeit,Rammstein,https://open.spotify.com/track/7lL7AgPCYvDHz8AI4nergA,spotify:track:7lL7AgPCYvDHz8AI4nergA
0Zfh4uDmJz3D44Qy9nYMqu,Rammstein,Rammstein,https://open.spotify.com/track/0Zfh4uDmJz3D44Qy9nYMqu,spotify:track:0Zfh4uDmJz3D44Qy9nYMqu
49jaUIJvwlaR26bGkMEvqq,"Du hast - Remix By Jacob Hellner","Rammstein,Jacob Hellner",https://open.spotify.com/track/49jaUIJvwlaR26bGkMEvqq,spotify:track:49jaUIJvwlaR26bGkMEvqq
2bgzLyveFadEfaAdTZRGgt,"Links 2 3 4 - Clawfinger Geradeaus Remix","Rammstein,Clawfinger",https://open.spotify.com/track/2bgzLyveFadEfaAdTZRGgt,spotify:track:2bgzLyveFadEfaAdTZRGgt
3666GsMZa11dgLdEUv83qf,"Break and Enter","Hyper,Blue Stahli",https://open.spotify.com/track/3666GsMZa11dgLdEUv83qf,spotify:track:3666GsMZa11dgLdEUv83qf
2oETBignNklkq1RE62Uzux,"One Last Breath","Blue Stahli",https://open.spotify.com/track/2oETBignNklkq1RE62Uzux,spotify:track:2oETBignNklkq1RE62Uzux
78U68VOVhyqag6KB5TlvfI,Gravity,"Blue Stahli",https://open.spotify.com/track/78U68VOVhyqag6KB5TlvfI,spotify:track:78U68VOVhyqag6KB5TlvfI
2Dd41q7B8wfO0RWQxw8H8q,"The Mountain","Blue Stahli",https://open.spotify.com/track/2Dd41q7B8wfO0RWQxw8H8q,spotify:track:2Dd41q7B8wfO0RWQxw8H8q
3qoF1SNGlCiMf4v2Uz3t54,Prognosis,"Blue Stahli",https://open.spotify.com/track/3qoF1SNGlCiMf4v2Uz3t54,spotify:track:3qoF1SNGlCiMf4v2Uz3t54
0wuGHHsJVLVkULt8hUgTFa,Fighter,"Blue Stahli",https://open.spotify.com/track/0wuGHHsJVLVkULt8hUgTFa,spotify:track:0wuGHHsJVLVkULt8hUgTFa
4xLp0OrbuXYmcg1cFWSbDc,"Death Will Have to Run","Blue Stahli",https://open.spotify.com/track/4xLp0OrbuXYmcg1cFWSbDc,spotify:track:4xLp0OrbuXYmcg1cFWSbDc
64D3mSyqF6wwuxkdOeQmbl,"The Triumph of King Freak (A Crypt of Preservation and Superstition)","Rob Zombie",https://open.spotify.com/track/64D3mSyqF6wwuxkdOeQmbl,spotify:track:64D3mSyqF6wwuxkdOeQmbl
25aImn2Fe3Zg3GbysaBJvR,"Goddess Wept",Ameonna,https://open.spotify.com/track/25aImn2Fe3Zg3GbysaBJvR,spotify:track:25aImn2Fe3Zg3GbysaBJvR
5PpCWJw095UmXcmhJ11ejj,"Rain Bringer",Ameonna,https://open.spotify.com/track/5PpCWJw095UmXcmhJ11ejj,spotify:track:5PpCWJw095UmXcmhJ11ejj
31aAnuWhwYOZVyEbxnBDy8,"Behavioral Health",Ameonna,https://open.spotify.com/track/31aAnuWhwYOZVyEbxnBDy8,spotify:track:31aAnuWhwYOZVyEbxnBDy8
6IjVLddTUR8vKnqW9Pkwuk,Void,Ameonna,https://open.spotify.com/track/6IjVLddTUR8vKnqW9Pkwuk,spotify:track:6IjVLddTUR8vKnqW9Pkwuk
0fGYmUHJtO0F377QMPoWdA,PZN/MND,Ameonna,https://open.spotify.com/track/0fGYmUHJtO0F377QMPoWdA,spotify:track:0fGYmUHJtO0F377QMPoWdA
0y9bSzYaOfGaMTyLJ335S3,"Autumn (A Long Goodbye...)",Ameonna,https://open.spotify.com/track/0y9bSzYaOfGaMTyLJ335S3,spotify:track:0y9bSzYaOfGaMTyLJ335S3
1NCnHEjwEZIvC5mJfdSBfU,Switchback,"Celldweller,The Browning",https://open.spotify.com/track/1NCnHEjwEZIvC5mJfdSBfU,spotify:track:1NCnHEjwEZIvC5mJfdSBfU
