1Hq7TRfVL9Rk3z3ddjmiNr,Keys,"Feather,Steven K",https://open.spotify.com/track/1Hq7TRfVL9Rk3z3ddjmiNr,spotify:track:1Hq7TRfVL9Rk3z3ddjmiNr
29PZWczj1zWN3MGauIYDFA,"Keys - Feather VIP Remix","Feather,Steven K",https://open.spotify.com/track/29PZWczj1zWN3MGauIYDFA,spotify:track:29PZWczj1zWN3MGauIYDFA
7hBMcXR2m0xu4Ix44KnnVw,"Rise - Artm Remix","Feather,Kait Weston,ARTM",https://open.spotify.com/track/7hBMcXR2m0xu4Ix44KnnVw,spotify:track:7hBMcXR2m0xu4Ix44KnnVw
1nWyjFTObqu6jar6MJ4Iy8,"Smoke (with Lostboycrow) - Lumasi Remix","Feather,Lostboycrow,Lumasi",https://open.spotify.com/track/1nWyjFTObqu6jar6MJ4Iy8,spotify:track:1nWyjFTObqu6jar6MJ4Iy8
1NB7s5oHg62iFYJhEjQcTb,"Where Are You - Svble Remix","Feather,Svble",https://open.spotify.com/track/1NB7s5oHg62iFYJhEjQcTb,spotify:track:1NB7s5oHg62iFYJhEjQcTb
5SpjhPqTJMg9jcKkywdo1P,"Safe House - SWAAMP Remix","Feather,SWAAMP",https://open.spotify.com/track/5SpjhPqTJMg9jcKkywdo1P,spotify:track:5SpjhPqTJMg9jcKkywdo1P
3EmhEAiSstmWMiGQx1VpY5,"Let Go","Feather,Luma,Sintra",https://open.spotify.com/track/3EmhEAiSstmWMiGQx1VpY5,spotify:track:3EmhEAiSstmWMiGQx1VpY5
4h9AqdgRkK8m7TxjqWWhmX,"Wasted Time","Feather,Badnights",https://open.spotify.com/track/4h9AqdgRkK8m7TxjqWWhmX,spotify:track:4h9AqdgRkK8m7TxjqWWhmX
01CYURG36K4cUpGVxVHcZ6,"Safe House",Feather,https://open.spotify.com/track/01CYURG36K4cUpGVxVHcZ6,spotify:track:01CYURG36K4cUpGVxVHcZ6
6Hbn1MoD7g0X7Ej6oGEzn6,Rise,"Feather,Kait Weston",https://open.spotify.com/track/6Hbn1MoD7g0X7Ej6oGEzn6,spotify:track:6Hbn1MoD7g0X7Ej6oGEzn6
0croPhsHSTxKpx6V4ejEWq,"Where Are You",Feather,https://open.spotify.com/track/0croPhsHSTxKpx6V4ejEWq,spotify:track:0croPhsHSTxKpx6V4ejEWq
6oULazNZYGlY3WNKGROKqO,"Smoke (with Lostboycrow)","Feather,Lostboycrow",https://open.spotify.com/track/6oULazNZYGlY3WNKGROKqO,spotify:track:6oULazNZYGlY3WNKGROKqO
7HL55NO8ZU6BgO4XroTHKj,"GTFO - Feather Remix","TRØVES,Feather",https://open.spotify.com/track/7HL55NO8ZU6BgO4XroTHKj,spotify:track:7HL55NO8ZU6BgO4XroTHKj
6rVBlsjUJD7R4ahLw9O7IE,"Little Bit - Feather Remix","Timeflies,Feather",https://open.spotify.com/track/6rVBlsjUJD7R4ahLw9O7IE,spotify:track:6rVBlsjUJD7R4ahLw9O7IE
57Zcl7oKKr29qHp38dzzWi,Echo,"Yves V",https://open.spotify.com/track/57Zcl7oKKr29qHp38dzzWi,spotify:track:57Zcl7oKKr29qHp38dzzWi
72YEdByaXkTGdLni7VNQ7A,"Rewind Me","Xyan,Azuria Sky",https://open.spotify.com/track/72YEdByaXkTGdLni7VNQ7A,spotify:track:72YEdByaXkTGdLni7VNQ7A
3UUh2R7L4ofTc1D6nu1nTS,"Beautiful Illusion","LOCKBOX,Ruby Chase",https://open.spotify.com/track/3UUh2R7L4ofTc1D6nu1nTS,spotify:track:3UUh2R7L4ofTc1D6nu1nTS
6j3SCtszgNX4AqxZZntSTy,"Where Do We Go",lama,https://open.spotify.com/track/6j3SCtszgNX4AqxZZntSTy,spotify:track:6j3SCtszgNX4AqxZZntSTy
4iwzQQ0Y8c7kM3wmgAVCrq,"Die For You - Zedd Remix","VALORANT,Grabbitz,Zedd",https://open.spotify.com/track/4iwzQQ0Y8c7kM3wmgAVCrq,spotify:track:4iwzQQ0Y8c7kM3wmgAVCrq
5kVXjAxYDkN57tZQi0JKya,"You've Got To Let Go If You Want To Be Free","Disclosure,Zedd",https://open.spotify.com/track/5kVXjAxYDkN57tZQi0JKya,spotify:track:5kVXjAxYDkN57tZQi0JKya
6FSCEmCyFlB5khXkLa409b,"Wait For Me",Slushii,https://open.spotify.com/track/6FSCEmCyFlB5khXkLa409b,spotify:track:6FSCEmCyFlB5khXkLa409b
4BJlTocvAr85YJZG7F0kvu,"Sweet Illusion",Slushii,https://open.spotify.com/track/4BJlTocvAr85YJZG7F0kvu,spotify:track:4BJlTocvAr85YJZG7F0kvu
6pW0sVrdJeGqm2aTC9tPTG,"Melting over You",Slushii,https://open.spotify.com/track/6pW0sVrdJeGqm2aTC9tPTG,spotify:track:6pW0sVrdJeGqm2aTC9tPTG
04ynVNunHLb17fIKoSPY50,"Into the Light",Slushii,https://open.spotify.com/track/04ynVNunHLb17fIKoSPY50,spotify:track:04ynVNunHLb17fIKoSPY50
0XjwGvdaCmnqNBLNxAtMTJ,"My Senses",Slushii,https://open.spotify.com/track/0XjwGvdaCmnqNBLNxAtMTJ,spotify:track:0XjwGvdaCmnqNBLNxAtMTJ
2vXS7qnlkbjuk9Wt7kDa0L,"Someone Else",Slushii,https://open.spotify.com/track/2vXS7qnlkbjuk9Wt7kDa0L,spotify:track:2vXS7qnlkbjuk9Wt7kDa0L
6CCVWVVqhhZgywZFSOAX2R,Forever,Slushii,https://open.spotify.com/track/6CCVWVVqhhZgywZFSOAX2R,spotify:track:6CCVWVVqhhZgywZFSOAX2R
4DrPfYeLVDGjvjfA16jIja,"Dear Me",Slushii,https://open.spotify.com/track/4DrPfYeLVDGjvjfA16jIja,spotify:track:4DrPfYeLVDGjvjfA16jIja
7cUpX4uJVnIhEg7NxDUdwP,"I’ll Be There",Slushii,https://open.spotify.com/track/7cUpX4uJVnIhEg7NxDUdwP,spotify:track:7cUpX4uJVnIhEg7NxDUdwP
50DhBqL4NUt9xplvAopQyI,"Out of Light",Slushii,https://open.spotify.com/track/50DhBqL4NUt9xplvAopQyI,spotify:track:50DhBqL4NUt9xplvAopQyI
7nISdfXZcndb60O4qQUREF,Together,"Drove,Dillon Francis",https://open.spotify.com/track/7nISdfXZcndb60O4qQUREF,spotify:track:7nISdfXZcndb60O4qQUREF
5JKU2tXiG3yvJtefNwe7ZQ,Touch,"3LAU,Carly Paige",https://open.spotify.com/track/5JKU2tXiG3yvJtefNwe7ZQ,spotify:track:5JKU2tXiG3yvJtefNwe7ZQ
0YRRY9xvuAQgBHW9qiFwNr,Close,"3LAU,Oly",https://open.spotify.com/track/0YRRY9xvuAQgBHW9qiFwNr,spotify:track:0YRRY9xvuAQgBHW9qiFwNr
25cw3s5Xa4z4BaSscifCvZ,Fire,"3LAU,Said The Sky,NÉONHÈART",https://open.spotify.com/track/25cw3s5Xa4z4BaSscifCvZ,spotify:track:25cw3s5Xa4z4BaSscifCvZ
0ZDDzzxry7vf3rrg2xYOo6,"On My Own","3LAU,Nevve",https://open.spotify.com/track/0ZDDzzxry7vf3rrg2xYOo6,spotify:track:0ZDDzzxry7vf3rrg2xYOo6
7K0PcGvMUi3KF7El8U6GKZ,"Walk Away","3LAU,LUNA AURA",https://open.spotify.com/track/7K0PcGvMUi3KF7El8U6GKZ,spotify:track:7K0PcGvMUi3KF7El8U6GKZ
3uicYLMpXfLIlFNI5o4MMT,Winter,3LAU,https://open.spotify.com/track/3uicYLMpXfLIlFNI5o4MMT,spotify:track:3uicYLMpXfLIlFNI5o4MMT
0YVh9PLITnoaMgc2LG3sqi,"Star Crossed",3LAU,https://open.spotify.com/track/0YVh9PLITnoaMgc2LG3sqi,spotify:track:0YVh9PLITnoaMgc2LG3sqi
0fHvKAddOl23DNbklkGhMS,"You Want More","3LAU,MAX",https://open.spotify.com/track/0fHvKAddOl23DNbklkGhMS,spotify:track:0fHvKAddOl23DNbklkGhMS
7GalIlpcDztcRU5GGm06yK,Arcana,3LAU,https://open.spotify.com/track/7GalIlpcDztcRU5GGm06yK,spotify:track:7GalIlpcDztcRU5GGm06yK
3as4sLqPThvJbuzoSJfQDz,"Worlds Away","3LAU,Emma Hewitt",https://open.spotify.com/track/3as4sLqPThvJbuzoSJfQDz,spotify:track:3as4sLqPThvJbuzoSJfQDz
1m2VkypH9N3AeX00b0TOck,"Real Love - Valentino Khan Remix","Dillon Francis,Aleyna Tilki,Valentino Khan",https://open.spotify.com/track/1m2VkypH9N3AeX00b0TOck,spotify:track:1m2VkypH9N3AeX00b0TOck
1KtD0xaLAikgIt5tPbteZQ,"Thinking About You (feat. Ayah Marar)","Calvin Harris,Ayah Marar",https://open.spotify.com/track/1KtD0xaLAikgIt5tPbteZQ,spotify:track:1KtD0xaLAikgIt5tPbteZQ
5rLDQx3ruy2dz1HmO8NoOO,"Something Beautiful","Tritonal,Eric Lumiere",https://open.spotify.com/track/5rLDQx3ruy2dz1HmO8NoOO,spotify:track:5rLDQx3ruy2dz1HmO8NoOO
7habNl7IWdky5EHecHG66Y,"Out Of The Dark","Tritonal,EMME",https://open.spotify.com/track/7habNl7IWdky5EHecHG66Y,spotify:track:7habNl7IWdky5EHecHG66Y
4vOaYlXlH6idIruqB2TabJ,Waterboiler,Tritonal,https://open.spotify.com/track/4vOaYlXlH6idIruqB2TabJ,spotify:track:4vOaYlXlH6idIruqB2TabJ
6EpS5juo40tpkVTV4csmMi,Signals,"Tritonal,Sarah de Warren",https://open.spotify.com/track/6EpS5juo40tpkVTV4csmMi,spotify:track:6EpS5juo40tpkVTV4csmMi
175Xa0mLfc90AlFMHMfE9O,Superhuman,"Tritonal,Codeko",https://open.spotify.com/track/175Xa0mLfc90AlFMHMfE9O,spotify:track:175Xa0mLfc90AlFMHMfE9O
6vV7WcECTaOwgy56LMTSOD,Metawave,Tritonal,https://open.spotify.com/track/6vV7WcECTaOwgy56LMTSOD,spotify:track:6vV7WcECTaOwgy56LMTSOD
6p8FJKMse6i5HYpXuY6pRM,"Always A Fool (Tritonia 395) - Jope Remix","Kyau & Albert,Jope",https://open.spotify.com/track/6p8FJKMse6i5HYpXuY6pRM,spotify:track:6p8FJKMse6i5HYpXuY6pRM
2vYX3fFK8O9VmuSuwmAvRP,"Always Will (Tritonia 393) - Mees Salomé Remix","Tinlicker,Nathan Nicholson,Mees Salomé",https://open.spotify.com/track/2vYX3fFK8O9VmuSuwmAvRP,spotify:track:2vYX3fFK8O9VmuSuwmAvRP
25sBpEnXUMgbQJVs3pvq4g,"Breathe (Tritonia 393)","Whiteout,Gid Sedgwick",https://open.spotify.com/track/25sBpEnXUMgbQJVs3pvq4g,spotify:track:25sBpEnXUMgbQJVs3pvq4g
0BSHH0asHMdca5NXesp0N9,"Going Under","Borgeous,Loud Luxury",https://open.spotify.com/track/0BSHH0asHMdca5NXesp0N9,spotify:track:0BSHH0asHMdca5NXesp0N9
7xCO6aDTo8bnqQXLbsgDUH,"Still With Me - Elevven Remix","Tritonal,Cristina Soto,Elevven",https://open.spotify.com/track/7xCO6aDTo8bnqQXLbsgDUH,spotify:track:7xCO6aDTo8bnqQXLbsgDUH
0RVRQ4EqQWWxFX02uSuqf5,Bloom,MitiS,https://open.spotify.com/track/0RVRQ4EqQWWxFX02uSuqf5,spotify:track:0RVRQ4EqQWWxFX02uSuqf5
36rVmexpQ7mUBZrvnkC88j,"Hot Water","Audien,3LAU,Victoria Zaro",https://open.spotify.com/track/36rVmexpQ7mUBZrvnkC88j,spotify:track:36rVmexpQ7mUBZrvnkC88j
3eNSD9aYg47dm4RESTII9H,"You Do You - DJ Hanzel Remix","Dillon Francis,BabyJake,DJ Hanzel",https://open.spotify.com/track/3eNSD9aYg47dm4RESTII9H,spotify:track:3eNSD9aYg47dm4RESTII9H
77SFu2WL2ONIOzoVidrNhC,"Touch - Jaded Remix","Dillon Francis,BabyJake,JADED",https://open.spotify.com/track/77SFu2WL2ONIOzoVidrNhC,spotify:track:77SFu2WL2ONIOzoVidrNhC
0BkfeemCDp8WmuKVnrwBaN,"Born Yesterday (Tritonia 400)","Tritonal,Brigetta",https://open.spotify.com/track/0BkfeemCDp8WmuKVnrwBaN,spotify:track:0BkfeemCDp8WmuKVnrwBaN
33gxCGZuswkRKZRrs3TJ7q,"love u","Aero Chord",https://open.spotify.com/track/33gxCGZuswkRKZRrs3TJ7q,spotify:track:33gxCGZuswkRKZRrs3TJ7q
2ZQJafOSFoY7j5OJq2IL2l,BLUE,"Aero Chord",https://open.spotify.com/track/2ZQJafOSFoY7j5OJq2IL2l,spotify:track:2ZQJafOSFoY7j5OJq2IL2l
6y5j7VjDcsB5uD4YvEwf4N,"Beach Drive 2","Aero Chord",https://open.spotify.com/track/6y5j7VjDcsB5uD4YvEwf4N,spotify:track:6y5j7VjDcsB5uD4YvEwf4N
36yEbTVL91NNfex8ZsTX7m,Backbone,"Aero Chord",https://open.spotify.com/track/36yEbTVL91NNfex8ZsTX7m,spotify:track:36yEbTVL91NNfex8ZsTX7m
2w07Z3vzp2EJYJVVKZhfa1,"Loved You",Saypex,https://open.spotify.com/track/2w07Z3vzp2EJYJVVKZhfa1,spotify:track:2w07Z3vzp2EJYJVVKZhfa1
5huAB6vUDoI1aDV7E5YGCq,"On My Mind - Odd Mob Remix","3LAU,Yeah Boy,Odd Mob",https://open.spotify.com/track/5huAB6vUDoI1aDV7E5YGCq,spotify:track:5huAB6vUDoI1aDV7E5YGCq
1nDxMDYxf2CewdmQ5KTHSG,"On My Mind - Club Mix","3LAU,Yeah Boy",https://open.spotify.com/track/1nDxMDYxf2CewdmQ5KTHSG,spotify:track:1nDxMDYxf2CewdmQ5KTHSG
6KXmKsgyW8EtRHlMk1ehKi,"Why Can't You Wait - 3LAU Remix","The Chainsmokers,Bob Moses,3LAU",https://open.spotify.com/track/6KXmKsgyW8EtRHlMk1ehKi,spotify:track:6KXmKsgyW8EtRHlMk1ehKi
3EqfkwoSbO6qnn6Agw085M,"Divinity - ODESZA Remix","Porter Robinson,Amy Millan,ODESZA",https://open.spotify.com/track/3EqfkwoSbO6qnn6Agw085M,spotify:track:3EqfkwoSbO6qnn6Agw085M
1FxZblJPTjTl7SWSOwdmBk,Places,"Drove,Dillon Francis",https://open.spotify.com/track/1FxZblJPTjTl7SWSOwdmBk,spotify:track:1FxZblJPTjTl7SWSOwdmBk
2iDejv4THvGsopBwdmWbXd,"Good Luck - D.O.D Remix","Mabel,Jax Jones,Galantis,D.O.D",https://open.spotify.com/track/2iDejv4THvGsopBwdmWbXd,spotify:track:2iDejv4THvGsopBwdmWbXd
4BWLfAHThCm7NqedtofG2n,"Sweet Talker","Olly Alexander (Years & Years),Galantis",https://open.spotify.com/track/4BWLfAHThCm7NqedtofG2n,spotify:track:4BWLfAHThCm7NqedtofG2n
5KyT1syQnS28kOtVF9KGPx,"Save Me","Steve Aoki,HRVY",https://open.spotify.com/track/5KyT1syQnS28kOtVF9KGPx,spotify:track:5KyT1syQnS28kOtVF9KGPx
3WBFrkR1IXIdIVDD4RyLEp,"Fade Away - Stadiumx Remix","Morgan Page,VIVID,Stadiumx",https://open.spotify.com/track/3WBFrkR1IXIdIVDD4RyLEp,spotify:track:3WBFrkR1IXIdIVDD4RyLEp
5Oly5xq0i6BppBOvUATJif,"Outcomes (Tritonia 448)","Feyln,Atóm",https://open.spotify.com/track/5Oly5xq0i6BppBOvUATJif,spotify:track:5Oly5xq0i6BppBOvUATJif
0sKiIgNL6jvko9u7lCf69s,"Sanctuary (Tritonia 448)","PRAANA,Ed Graves",https://open.spotify.com/track/0sKiIgNL6jvko9u7lCf69s,spotify:track:0sKiIgNL6jvko9u7lCf69s
5c5YjcpHPFYVu3YtFnBIhB,"Like You Do (Tritonia 448)","Klur,Holochrome",https://open.spotify.com/track/5c5YjcpHPFYVu3YtFnBIhB,spotify:track:5c5YjcpHPFYVu3YtFnBIhB
4MiXQDN1momatKRGewJGAS,"Holding On (Tritonia 448)","Local Dialect,Jordan Arts",https://open.spotify.com/track/4MiXQDN1momatKRGewJGAS,spotify:track:4MiXQDN1momatKRGewJGAS
4v86EHxZ7SZ180mLg3Eawx,"Tears Of The Kingdom (Tritonia 448)","Giuseppe Ottaviani,Alex Sonata,R.I.O.,Tishmal",https://open.spotify.com/track/4v86EHxZ7SZ180mLg3Eawx,spotify:track:4v86EHxZ7SZ180mLg3Eawx
1WFP0LuheqHRMth5L8qwTJ,"Self Luminous (Colorscapes Volume Five Intro) (Tritonia 447)",PRAANA,https://open.spotify.com/track/1WFP0LuheqHRMth5L8qwTJ,spotify:track:1WFP0LuheqHRMth5L8qwTJ
6zGwhSqWnvmdsb203zj52Z,"Sanctuary (Tritonia 447)","PRAANA,Ed Graves",https://open.spotify.com/track/6zGwhSqWnvmdsb203zj52Z,spotify:track:6zGwhSqWnvmdsb203zj52Z
70F6rH7Ypu4LshRoQTSz6H,"Sun Rings (Tritonia 447)","Tagavaka,Oliver Wickham",https://open.spotify.com/track/70F6rH7Ypu4LshRoQTSz6H,spotify:track:70F6rH7Ypu4LshRoQTSz6H
0YdtGNpq2mkEwD2aCGQERo,"Violent Love (Tritonia 447)","Clér Letiv",https://open.spotify.com/track/0YdtGNpq2mkEwD2aCGQERo,spotify:track:0YdtGNpq2mkEwD2aCGQERo
2PAnsM0pgMam50R9k1aEVn,"Blue (Tritonia 447)","Farves,maybealice",https://open.spotify.com/track/2PAnsM0pgMam50R9k1aEVn,spotify:track:2PAnsM0pgMam50R9k1aEVn
6nDpTK8e9NLCHSziGKHfsE,"Like You Do (Tritonia 447)","Klur,Holochrome",https://open.spotify.com/track/6nDpTK8e9NLCHSziGKHfsE,spotify:track:6nDpTK8e9NLCHSziGKHfsE
6jTTAVXFdZ0B0AAXaRluMC,"I Will Leave A Light On (Tritonia 447)","Le Youth,Lane 8,Jyll",https://open.spotify.com/track/6jTTAVXFdZ0B0AAXaRluMC,spotify:track:6jTTAVXFdZ0B0AAXaRluMC
5gnj95iEDEIVC7fWXlHCgB,"Hold On (Tritonia 447)","Mhammed El Alami,Choujaa,EGGSTA",https://open.spotify.com/track/5gnj95iEDEIVC7fWXlHCgB,spotify:track:5gnj95iEDEIVC7fWXlHCgB
2EhAaYwx8OoABjVRCRCSTf,"Used To (Tritonia 447)","Ryan Lucian",https://open.spotify.com/track/2EhAaYwx8OoABjVRCRCSTf,spotify:track:2EhAaYwx8OoABjVRCRCSTf
18tl30nqc9b0KRlLVVs8Ln,"Like You Did (Tritonia 447)","Le Youth",https://open.spotify.com/track/18tl30nqc9b0KRlLVVs8Ln,spotify:track:18tl30nqc9b0KRlLVVs8Ln
4DH1NKnmqyJpSRgBzrxKDO,"Give No More (Tritonia 447)","TRU Concept,Romany",https://open.spotify.com/track/4DH1NKnmqyJpSRgBzrxKDO,spotify:track:4DH1NKnmqyJpSRgBzrxKDO
0kbgS61KbpXqFxIasEx2fH,"Ocean (Tritonia 447)","Julian Gray,Flachbau",https://open.spotify.com/track/0kbgS61KbpXqFxIasEx2fH,spotify:track:0kbgS61KbpXqFxIasEx2fH
5RfhieWYfSVj4qer6Oue1q,"Via Infinita (Tritonia 447) - Marsh Remix","Estiva,Marsh",https://open.spotify.com/track/5RfhieWYfSVj4qer6Oue1q,spotify:track:5RfhieWYfSVj4qer6Oue1q
4cZimoSuK2a7E6q4k2u3z3,"Want My Love (Tritonia 446)","KAAZE,Mentum",https://open.spotify.com/track/4cZimoSuK2a7E6q4k2u3z3,spotify:track:4cZimoSuK2a7E6q4k2u3z3
61vOX7xDN6UWHkl5K6YWjc,"Used To (Tritonia 446)","Ryan Lucian",https://open.spotify.com/track/61vOX7xDN6UWHkl5K6YWjc,spotify:track:61vOX7xDN6UWHkl5K6YWjc
3XUAiEdXZvbPWlTP0FQO9h,"Via Infinita (Tritonia 446) - Marsh Remix","Estiva,Marsh",https://open.spotify.com/track/3XUAiEdXZvbPWlTP0FQO9h,spotify:track:3XUAiEdXZvbPWlTP0FQO9h
5Vkv4IYQpTkdNFMdREPtEb,"Ephemeral (Tritonia 446)","Fløa,OAI",https://open.spotify.com/track/5Vkv4IYQpTkdNFMdREPtEb,spotify:track:5Vkv4IYQpTkdNFMdREPtEb
7xBzRSVNU22RIEfnSV8BsH,"eudaimønia (Tritonia 446) - DJ Version",birø,https://open.spotify.com/track/7xBzRSVNU22RIEfnSV8BsH,spotify:track:7xBzRSVNU22RIEfnSV8BsH
48BGE08WQmnx8AgDdvdrW5,"It's All Love (Tritonia 446)",Ashibah,https://open.spotify.com/track/48BGE08WQmnx8AgDdvdrW5,spotify:track:48BGE08WQmnx8AgDdvdrW5
1ku0lnRDk4Zm3HQIwLYHEQ,"Gravity (Tritonia 446)","Rafael Osmo",https://open.spotify.com/track/1ku0lnRDk4Zm3HQIwLYHEQ,spotify:track:1ku0lnRDk4Zm3HQIwLYHEQ
7KWCX5aU1JNBQn7EpGSaBp,"Beyond Belief (Tritonia 446)","Matt Fax",https://open.spotify.com/track/7KWCX5aU1JNBQn7EpGSaBp,spotify:track:7KWCX5aU1JNBQn7EpGSaBp
3WUhNjGUp66v1Veh1zAC90,"Swoon Tune (Tritonia 446)","My Friend",https://open.spotify.com/track/3WUhNjGUp66v1Veh1zAC90,spotify:track:3WUhNjGUp66v1Veh1zAC90
0P8UZaVX2Fl8kz7CakRRV3,"Do You Want Me (Tritonia 446)","John Grand",https://open.spotify.com/track/0P8UZaVX2Fl8kz7CakRRV3,spotify:track:0P8UZaVX2Fl8kz7CakRRV3
1lkko35v3gHVxD8MbYdgHC,"Elements (Tritonia 446)","Steve Brian,Freak E Beatz",https://open.spotify.com/track/1lkko35v3gHVxD8MbYdgHC,spotify:track:1lkko35v3gHVxD8MbYdgHC
6IK1OV3INUjysxWAND1nED,"Ephemeral (Tritonia 445)","Fløa,OAI",https://open.spotify.com/track/6IK1OV3INUjysxWAND1nED,spotify:track:6IK1OV3INUjysxWAND1nED
30fqwAxQqw3GfD8ekD9NnL,"Hold Me Close (Tritonia 445)","Holen,Salright",https://open.spotify.com/track/30fqwAxQqw3GfD8ekD9NnL,spotify:track:30fqwAxQqw3GfD8ekD9NnL
71ogOjXPoO6T6lLwgK7zS2,"Bermondsey Bender (Tritonia 445)",anamē,https://open.spotify.com/track/71ogOjXPoO6T6lLwgK7zS2,spotify:track:71ogOjXPoO6T6lLwgK7zS2
7JBD5TEquCdUfkpIbmdkm9,"Sand Problems (Tritonia 445)",Hosini,https://open.spotify.com/track/7JBD5TEquCdUfkpIbmdkm9,spotify:track:7JBD5TEquCdUfkpIbmdkm9
2Pcv4ox47YvAkuBR2fnJNL,"Sun Rings (Tritonia 445)","Tagavaka,Oliver Wickham",https://open.spotify.com/track/2Pcv4ox47YvAkuBR2fnJNL,spotify:track:2Pcv4ox47YvAkuBR2fnJNL
1vkNiCIjSpbRXPMhCJ9MS7,"Positivity (Tritonia 445)","Hex & Solstice",https://open.spotify.com/track/1vkNiCIjSpbRXPMhCJ9MS7,spotify:track:1vkNiCIjSpbRXPMhCJ9MS7
19qCWm7XHG5yCfIfDPOnko,"Satellite (Tritonia 445)",Hyperbits,https://open.spotify.com/track/19qCWm7XHG5yCfIfDPOnko,spotify:track:19qCWm7XHG5yCfIfDPOnko
5nxJ73v30G7UhOcSRQtutB,"Fire (Tritonia 445)",MaTa,https://open.spotify.com/track/5nxJ73v30G7UhOcSRQtutB,spotify:track:5nxJ73v30G7UhOcSRQtutB
25j9z6ODpyZVBCvUeXRJxq,"Think About Me (Tritonia 445)","Mahalo,Swedish Red Elephant",https://open.spotify.com/track/25j9z6ODpyZVBCvUeXRJxq,spotify:track:25j9z6ODpyZVBCvUeXRJxq
6TIkaLRHq4zKAGNIRvpOVb,"Kalopsia (Tritonia 445) - Matt Fax Remix","The Blizzard,Matt Fax",https://open.spotify.com/track/6TIkaLRHq4zKAGNIRvpOVb,spotify:track:6TIkaLRHq4zKAGNIRvpOVb
5uyjOJLHQ91ir36cvxtUvi,"Black On Blue (Tritonia 445)",Titus1,https://open.spotify.com/track/5uyjOJLHQ91ir36cvxtUvi,spotify:track:5uyjOJLHQ91ir36cvxtUvi
0ARgbxk6Q45OxmDXt8IcQR,"Strangers (Tritonia 445) - Den Rize Remix","Cubicore,Ava Silver,Den Rize",https://open.spotify.com/track/0ARgbxk6Q45OxmDXt8IcQR,spotify:track:0ARgbxk6Q45OxmDXt8IcQR
6EFIjHK3feePQaS7M8Sj4G,"Feel Alive (Tritonia 445)","Morgin Madison",https://open.spotify.com/track/6EFIjHK3feePQaS7M8Sj4G,spotify:track:6EFIjHK3feePQaS7M8Sj4G
3eg1yydEvaDgiFGutSidsJ,"Grandview (Tritonia 442)",Hausman,https://open.spotify.com/track/3eg1yydEvaDgiFGutSidsJ,spotify:track:3eg1yydEvaDgiFGutSidsJ
3MMRxtG86JLhnJl5TyQhjp,"Horizon (Tritonia 442)","Chris Luno,CEAUS,Kelimei",https://open.spotify.com/track/3MMRxtG86JLhnJl5TyQhjp,spotify:track:3MMRxtG86JLhnJl5TyQhjp
6GmqBIkSGlxSWCbMSsMKaM,"Sleep (Tritonia 442) - Wassu Remix","Marsh,Jodie Knight,Wassu",https://open.spotify.com/track/6GmqBIkSGlxSWCbMSsMKaM,spotify:track:6GmqBIkSGlxSWCbMSsMKaM
5Gt7IXzqg2uXGW6MphEkph,"Back Into Your Arms (Tritonia 442)","Modera,Blonde Maze",https://open.spotify.com/track/5Gt7IXzqg2uXGW6MphEkph,spotify:track:5Gt7IXzqg2uXGW6MphEkph
3pAoS9tfGnLUCIazRw3kgT,"Still With Me (Tritonia 442) - Suncatcher's Digitally Enhanced Mix","Tritonal,Cristina Soto,Suncatcher",https://open.spotify.com/track/3pAoS9tfGnLUCIazRw3kgT,spotify:track:3pAoS9tfGnLUCIazRw3kgT
7bR9f9ZLnwrwEBLP7Fs7In,"Wildflower (Tritonia 441)","L.GU.,Émilie Rachel",https://open.spotify.com/track/7bR9f9ZLnwrwEBLP7Fs7In,spotify:track:7bR9f9ZLnwrwEBLP7Fs7In
05uE3lfatmb60vqpZVLnm6,"Someone We Used To Love (Tritonia 441)","anamē,Lydmor",https://open.spotify.com/track/05uE3lfatmb60vqpZVLnm6,spotify:track:05uE3lfatmb60vqpZVLnm6
1OJHiEkB78WXYbAicq4LEi,"Lullaby (Tritonia 441)","PRAANA,Julia Church",https://open.spotify.com/track/1OJHiEkB78WXYbAicq4LEi,spotify:track:1OJHiEkB78WXYbAicq4LEi
6YjarrabDpG9XiT9CB2JTv,"Bahrain (Tritonia 441)",Bridges,https://open.spotify.com/track/6YjarrabDpG9XiT9CB2JTv,spotify:track:6YjarrabDpG9XiT9CB2JTv
6fM7jj7KRgQiQjP19CxwzI,"Anywhere (Road Trippin') (Tritonia 441)",anamē,https://open.spotify.com/track/6fM7jj7KRgQiQjP19CxwzI,spotify:track:6fM7jj7KRgQiQjP19CxwzI
3GXnZQW2AFx4GPtvLgaSOn,"Back Into Your Arms (Tritonia 441)","Modera,Blonde Maze",https://open.spotify.com/track/3GXnZQW2AFx4GPtvLgaSOn,spotify:track:3GXnZQW2AFx4GPtvLgaSOn
0nG8zk2gFM1yHZWTOtRc6a,"Lonely (Tritonia 441)","Nils Hoffmann,Rae Morris",https://open.spotify.com/track/0nG8zk2gFM1yHZWTOtRc6a,spotify:track:0nG8zk2gFM1yHZWTOtRc6a
3d7rKJ2b831Q6XZbB3W8Tw,"Illuminate (Tritonia 441)","Seelo,maybealice",https://open.spotify.com/track/3d7rKJ2b831Q6XZbB3W8Tw,spotify:track:3d7rKJ2b831Q6XZbB3W8Tw
1mA8GFyaFXlVO1SGcCgbMD,"At Night (Tritonia 441)","Rodrigo Deem,Leonard A",https://open.spotify.com/track/1mA8GFyaFXlVO1SGcCgbMD,spotify:track:1mA8GFyaFXlVO1SGcCgbMD
0GvXAEeqoxFFb652DXTJ7b,"So Cold (Tritonia 441)","Spada,Steand",https://open.spotify.com/track/0GvXAEeqoxFFb652DXTJ7b,spotify:track:0GvXAEeqoxFFb652DXTJ7b
2jSbEXVNNve7TDdjKTbSjX,"On The Line (Tritonia 441) - Estiva Club Mix",Estiva,https://open.spotify.com/track/2jSbEXVNNve7TDdjKTbSjX,spotify:track:2jSbEXVNNve7TDdjKTbSjX
5kNKi19kAtwLZbsUP1Gfoi,"Living In A Dream (Tritonia 440)",Awakend,https://open.spotify.com/track/5kNKi19kAtwLZbsUP1Gfoi,spotify:track:5kNKi19kAtwLZbsUP1Gfoi
0PYqorDFBYvDPnWvHuRTFE,"Abenaki - Mixed","Matt Fax",https://open.spotify.com/track/0PYqorDFBYvDPnWvHuRTFE,spotify:track:0PYqorDFBYvDPnWvHuRTFE
4qtyI5A60HvEZyd2COrNMF,"Palm Of Your Hand - Mixed","Speed Limits,Jaco,Joni Fatora",https://open.spotify.com/track/4qtyI5A60HvEZyd2COrNMF,spotify:track:4qtyI5A60HvEZyd2COrNMF
1fB3hbspgm2aIiV3m4d5EC,"Wait For Me - Mixed","Steve Brian,Christian Carcamo",https://open.spotify.com/track/1fB3hbspgm2aIiV3m4d5EC,spotify:track:1fB3hbspgm2aIiV3m4d5EC
1AyHkkwuBKZBOPXfKEksE5,"Quiet Hope - Mixed",Farius,https://open.spotify.com/track/1AyHkkwuBKZBOPXfKEksE5,spotify:track:1AyHkkwuBKZBOPXfKEksE5
3HswCJ0rvF7UtehsYNe49W,"Twilight Tonight - ARTY Remode Mixed",ARTY,https://open.spotify.com/track/3HswCJ0rvF7UtehsYNe49W,spotify:track:3HswCJ0rvF7UtehsYNe49W
7wYWkZjn5eQEPUV8vrnuRV,"Hold On - Maor Levi Club Mix Mixed","Ignas,Julie Thompson,Maor Levi",https://open.spotify.com/track/7wYWkZjn5eQEPUV8vrnuRV,spotify:track:7wYWkZjn5eQEPUV8vrnuRV
7Lui9pI28Tnz4g7BqQvMCF,"Miami Love - Mixed",Farius,https://open.spotify.com/track/7Lui9pI28Tnz4g7BqQvMCF,spotify:track:7Lui9pI28Tnz4g7BqQvMCF
4muN3oiikoGCuw8qXe5nGv,"The Strip - Mixed",Juventa,https://open.spotify.com/track/4muN3oiikoGCuw8qXe5nGv,spotify:track:4muN3oiikoGCuw8qXe5nGv
0kl6lpQdSLiGDeuKePvMTo,"Mai Tai - Mixed","Johan Vilborg",https://open.spotify.com/track/0kl6lpQdSLiGDeuKePvMTo,spotify:track:0kl6lpQdSLiGDeuKePvMTo
0Va5NzOn3EZu1kny4Att75,"Move Into Light - Mixed","Juventa,Erica Curran",https://open.spotify.com/track/0Va5NzOn3EZu1kny4Att75,spotify:track:0Va5NzOn3EZu1kny4Att75
3Wk0faTtkapwHDapUyzsFw,"Long Way Home - Mixed","Tritonal,HALIENE,SCHALA,Jorza",https://open.spotify.com/track/3Wk0faTtkapwHDapUyzsFw,spotify:track:3Wk0faTtkapwHDapUyzsFw
6rfTkd56APdyDkt6PYC2LL,"Get What You Give - Mixed","Felix Cartal",https://open.spotify.com/track/6rfTkd56APdyDkt6PYC2LL,spotify:track:6rfTkd56APdyDkt6PYC2LL
2lSGlVd7wnarZR0pFtmhdl,"Hung Up - Mixed","Tritonal,Sj,Emma Gatsby",https://open.spotify.com/track/2lSGlVd7wnarZR0pFtmhdl,spotify:track:2lSGlVd7wnarZR0pFtmhdl
1lLTWiQyOB8W6IUGkDduKW,"Golden Hour - Mixed","YORK,Au/Ra",https://open.spotify.com/track/1lLTWiQyOB8W6IUGkDduKW,spotify:track:1lLTWiQyOB8W6IUGkDduKW
0MqozbhJoTuAjOSh9j1bYh,"I Feel The Love - Mixed","Tritonal,Ross Lynch,R5",https://open.spotify.com/track/0MqozbhJoTuAjOSh9j1bYh,spotify:track:0MqozbhJoTuAjOSh9j1bYh
3LuOmGQlap9sKOW9sF8hNN,"Music Sounds Better With You - Mixed",Vanrip,https://open.spotify.com/track/3LuOmGQlap9sKOW9sF8hNN,spotify:track:3LuOmGQlap9sKOW9sF8hNN
06XI6yNhBABnwuKIN9xEmx,"Gotta Know - Mixed","Andy Bianchini",https://open.spotify.com/track/06XI6yNhBABnwuKIN9xEmx,spotify:track:06XI6yNhBABnwuKIN9xEmx
10rvUzXji7SlLvS5RuUKGf,"Stars & Moon - Mixed","Breathe Carolina,Shanahan,HALIENE",https://open.spotify.com/track/10rvUzXji7SlLvS5RuUKGf,spotify:track:10rvUzXji7SlLvS5RuUKGf
6JeXN1CQWRsWumh9XhCDKQ,"Never Be The Same - Mixed","Tritonal,Rosie Darling",https://open.spotify.com/track/6JeXN1CQWRsWumh9XhCDKQ,spotify:track:6JeXN1CQWRsWumh9XhCDKQ
6jBiLxakOJKGT4Mi4R8XNM,"Sleepwalking - Juventa Remix Mixed","The Chain Gang Of 1974,Juventa",https://open.spotify.com/track/6jBiLxakOJKGT4Mi4R8XNM,spotify:track:6jBiLxakOJKGT4Mi4R8XNM
4XQOqRvMntDUUDxnLnZMXI,"Golden - Mixed","Thomas Hayes,Kyler England",https://open.spotify.com/track/4XQOqRvMntDUUDxnLnZMXI,spotify:track:4XQOqRvMntDUUDxnLnZMXI
7w3CKvNMGzXIGe9LEDTyw7,"Getaway - Mixed","Tritonal,Angel Taylor",https://open.spotify.com/track/7w3CKvNMGzXIGe9LEDTyw7,spotify:track:7w3CKvNMGzXIGe9LEDTyw7
5JPeSVJ8gtp41T0cOdzB12,"Eclipse - Mixed","Ryos,Allisa Rose",https://open.spotify.com/track/5JPeSVJ8gtp41T0cOdzB12,spotify:track:5JPeSVJ8gtp41T0cOdzB12
5SJ54yqsDrjPiD1JoLM5dE,"Steal Your Heart - Mixed","BRKLYN,Lenachka",https://open.spotify.com/track/5SJ54yqsDrjPiD1JoLM5dE,spotify:track:5SJ54yqsDrjPiD1JoLM5dE
2LrRm6MT4JIbMDuyaEiNp5,"Still With Me - Seven Lions Remix Mixed","Tritonal,Cristina Soto,Seven Lions",https://open.spotify.com/track/2LrRm6MT4JIbMDuyaEiNp5,spotify:track:2LrRm6MT4JIbMDuyaEiNp5
0smT7YjJgL0wZXnNaxVJmC,"Horizon - Mixed","Seven Lions,Tritonal,Kill The Noise,HALIENE",https://open.spotify.com/track/0smT7YjJgL0wZXnNaxVJmC,spotify:track:0smT7YjJgL0wZXnNaxVJmC
37WIubo710TkdeSs78TZ9U,"Answers - Mixed",Au5,https://open.spotify.com/track/37WIubo710TkdeSs78TZ9U,spotify:track:37WIubo710TkdeSs78TZ9U
23bDBi7aXpTUpKD7GIXUKU,"Every Heartbeat - Beat Service's Digitally Enhanced Intro Remix Mixed","Will Holland,Jeza,Beat Service",https://open.spotify.com/track/23bDBi7aXpTUpKD7GIXUKU,spotify:track:23bDBi7aXpTUpKD7GIXUKU
7rv69MUocNExmERArtdSxn,"The Wall - ARTY Remode Mix Mixed","ARTY,Tania Zygar",https://open.spotify.com/track/7rv69MUocNExmERArtdSxn,spotify:track:7rv69MUocNExmERArtdSxn
228PBmh888KBCfhaEBUgHx,"Utopia - ARTY Remix Mixed","Tritonal,ARTY",https://open.spotify.com/track/228PBmh888KBCfhaEBUgHx,spotify:track:228PBmh888KBCfhaEBUgHx
6jzDyXRaiDcD1MSL8LArXY,"I Feel Fine - Piano Mix Mixed",Estiva,https://open.spotify.com/track/6jzDyXRaiDcD1MSL8LArXY,spotify:track:6jzDyXRaiDcD1MSL8LArXY
3OeSjKyqz49JUjRHE1p6Ii,"Memorial (You Were Loved) - Maor Levi Club Mix Mixed","Ad Brown,Kerry Leva,Maor Levi",https://open.spotify.com/track/3OeSjKyqz49JUjRHE1p6Ii,spotify:track:3OeSjKyqz49JUjRHE1p6Ii
6qGF1kHLk0sVUTKA6AXXtH,"The Reach - Mixed",Audien,https://open.spotify.com/track/6qGF1kHLk0sVUTKA6AXXtH,spotify:track:6qGF1kHLk0sVUTKA6AXXtH
0FILSluMFjr21BmYRJpQX0,"Malaysia - Mixed",Jaco,https://open.spotify.com/track/0FILSluMFjr21BmYRJpQX0,spotify:track:0FILSluMFjr21BmYRJpQX0
6CySANWEGsHwHnKlXhcBtu,"Lifted - Mat Zo Remix Mixed","Tritonal,Cristina Soto,Mat Zo",https://open.spotify.com/track/6CySANWEGsHwHnKlXhcBtu,spotify:track:6CySANWEGsHwHnKlXhcBtu
40iQwW0BLjkDfOzolKiS8N,"Two To One - Vocal Mix Mixed","Adam Szabo,Johan Vilborg,Johnny Norberg",https://open.spotify.com/track/40iQwW0BLjkDfOzolKiS8N,spotify:track:40iQwW0BLjkDfOzolKiS8N
74e5wTSevttRVmgEr8qhiG,"Eyelar (shutters)","Fred again..,Eyelar",https://open.spotify.com/track/74e5wTSevttRVmgEr8qhiG,spotify:track:74e5wTSevttRVmgEr8qhiG
3wJrBiiTIRRfKSL2TQWR60,"Delilah (pull me out of this)","Fred again..,Delilah Montagu",https://open.spotify.com/track/3wJrBiiTIRRfKSL2TQWR60,spotify:track:3wJrBiiTIRRfKSL2TQWR60
7EVwfiF5yCIzo8ndyfZpUL,"Kammy (like i do)","Fred again..,KAMILLE",https://open.spotify.com/track/7EVwfiF5yCIzo8ndyfZpUL,spotify:track:7EVwfiF5yCIzo8ndyfZpUL
7JuPXIoPE7yZGNQEfKc68x,"Berwyn (all that i got is you)","Fred again..,BERWYN,Dermot Kennedy,Guante",https://open.spotify.com/track/7JuPXIoPE7yZGNQEfKc68x,spotify:track:7JuPXIoPE7yZGNQEfKc68x
7mRD0qvI5y0SZ4DPhpejdd,"Bleu (better with time)","Fred again..,Yung Bleu",https://open.spotify.com/track/7mRD0qvI5y0SZ4DPhpejdd,spotify:track:7mRD0qvI5y0SZ4DPhpejdd
3XmJ4yghm34AEFQL8iyC4N,"Nathan (still breathing)","Fred again..,Nathan Archie",https://open.spotify.com/track/3XmJ4yghm34AEFQL8iyC4N,spotify:track:3XmJ4yghm34AEFQL8iyC4N
4HStxm6wtRzoAyOacAlHUG,"Danielle (smile on my face)","Fred again..",https://open.spotify.com/track/4HStxm6wtRzoAyOacAlHUG,spotify:track:4HStxm6wtRzoAyOacAlHUG
7HE4i03hLQsuuV0fUPFypJ,"Kelly (end of a nightmare)","Fred again..,Wet",https://open.spotify.com/track/7HE4i03hLQsuuV0fUPFypJ,spotify:track:7HE4i03hLQsuuV0fUPFypJ
0wIrCNimJJJsIn5HFYOAnW,"Mustafa (time to move you)","Fred again..",https://open.spotify.com/track/0wIrCNimJJJsIn5HFYOAnW,spotify:track:0wIrCNimJJJsIn5HFYOAnW
1ftsPnNZSEc3gZAVzbtWsI,"Clara (the night is dark)","Fred again..,Clara Ward",https://open.spotify.com/track/1ftsPnNZSEc3gZAVzbtWsI,spotify:track:1ftsPnNZSEc3gZAVzbtWsI
5aPK04eiQ7cYyJSgu8DXrv,"Winnie (end of me)","Fred again..",https://open.spotify.com/track/5aPK04eiQ7cYyJSgu8DXrv,spotify:track:5aPK04eiQ7cYyJSgu8DXrv
5dmGVe8dSbVWcGY7fv9tpt,"Metawave - Alex Breitling Remix","Tritonal,Alex Breitling",https://open.spotify.com/track/5dmGVe8dSbVWcGY7fv9tpt,spotify:track:5dmGVe8dSbVWcGY7fv9tpt
1QzaNyTI7rLz92DwHnkHfM,Metawave,Tritonal,https://open.spotify.com/track/1QzaNyTI7rLz92DwHnkHfM,spotify:track:1QzaNyTI7rLz92DwHnkHfM
2PR9neIeC5wnEGCFJz1KtE,"Keep My Dreams Alive","Tritonal,Susie Ledge",https://open.spotify.com/track/2PR9neIeC5wnEGCFJz1KtE,spotify:track:2PR9neIeC5wnEGCFJz1KtE
7pJoxAx2Ey151xnTbw7nOp,"Keep My Dreams Alive - Giuseppe Ottaviani Remix","Tritonal,Susie Ledge,Giuseppe Ottaviani",https://open.spotify.com/track/7pJoxAx2Ey151xnTbw7nOp,spotify:track:7pJoxAx2Ey151xnTbw7nOp
3FPO3yf4dJVyAlh1H8EHIM,"Keep My Dreams Alive - Hessian Remix","Tritonal,Susie Ledge,Hessian",https://open.spotify.com/track/3FPO3yf4dJVyAlh1H8EHIM,spotify:track:3FPO3yf4dJVyAlh1H8EHIM
3acoxwTCuCLNUTpF02Wh6h,"Adelphi '88 - Jerome Isma-Ae Remix","Tritonal,Jerome Isma-Ae",https://open.spotify.com/track/3acoxwTCuCLNUTpF02Wh6h,spotify:track:3acoxwTCuCLNUTpF02Wh6h
1K0RcMlSicf0Y3t6kr65Mp,"Adelphi '88 - Leonard A Remix","Tritonal,Leonard A",https://open.spotify.com/track/1K0RcMlSicf0Y3t6kr65Mp,spotify:track:1K0RcMlSicf0Y3t6kr65Mp
4Fb8Uz6pN02p474y96lAcn,"Adelphi '88",Tritonal,https://open.spotify.com/track/4Fb8Uz6pN02p474y96lAcn,spotify:track:4Fb8Uz6pN02p474y96lAcn
