0F7rPQys6hb5LMAOTdNWCj,Cliffhanger,"80s Stallone",https://open.spotify.com/track/0F7rPQys6hb5LMAOTdNWCj,spotify:track:0F7rPQys6hb5LMAOTdNWCj
2n68jWnnuNT656vKaUfMa8,Resurrect,"Absolute Valentine",https://open.spotify.com/track/2n68jWnnuNT656vKaUfMa8,spotify:track:2n68jWnnuNT656vKaUfMa8
1cPkGuGeYnwqAAmHak7UVk,Spitfire,"Absolute Valentine",https://open.spotify.com/track/1cPkGuGeYnwqAAmHak7UVk,spotify:track:1cPkGuGeYnwqAAmHak7UVk
525gnHVEU3hPLtskigfsGX,Panther,"Absolute Valentine",https://open.spotify.com/track/525gnHVEU3hPLtskigfsGX,spotify:track:525gnHVEU3hPLtskigfsGX
1ucSPhnmXjQSZpirpZ2eEB,"Paramount Glamour Myth","Absolute Valentine",https://open.spotify.com/track/1ucSPhnmXjQSZpirpZ2eEB,spotify:track:1ucSPhnmXjQSZpirpZ2eEB
6J0kUJImgshGBRoIcbSkeG,Omega,"Absolute Valentine",https://open.spotify.com/track/6J0kUJImgshGBRoIcbSkeG,spotify:track:6J0kUJImgshGBRoIcbSkeG
2TTZcr3ElgL0oSwlq7AYmK,"Your Passenger Forever","Absolute Valentine",https://open.spotify.com/track/2TTZcr3ElgL0oSwlq7AYmK,spotify:track:2TTZcr3ElgL0oSwlq7AYmK
6tvJc8EODkiQZhMXixAD98,Powertrust,"Absolute Valentine",https://open.spotify.com/track/6tvJc8EODkiQZhMXixAD98,spotify:track:6tvJc8EODkiQZhMXixAD98
3U5LtlLQw5Mo1Ajnsg7EJN,"The Impossible","Absolute Valentine",https://open.spotify.com/track/3U5LtlLQw5Mo1Ajnsg7EJN,spotify:track:3U5LtlLQw5Mo1Ajnsg7EJN
77EILYczauy4B82i5rNiUJ,"Bad Power","Absolute Valentine",https://open.spotify.com/track/77EILYczauy4B82i5rNiUJ,spotify:track:77EILYczauy4B82i5rNiUJ
0BB8uk7gIHRQyXvXeJAqmY,"Strange Hope","Absolute Valentine",https://open.spotify.com/track/0BB8uk7gIHRQyXvXeJAqmY,spotify:track:0BB8uk7gIHRQyXvXeJAqmY
78I0gIyCWPwLTpZpp2Uy2w,"She Is a Dancer","Absolute Valentine",https://open.spotify.com/track/78I0gIyCWPwLTpZpp2Uy2w,spotify:track:78I0gIyCWPwLTpZpp2Uy2w
7Fv2id2ixW0VgivqGrC5Pf,Vacuum,"Angst Athens",https://open.spotify.com/track/7Fv2id2ixW0VgivqGrC5Pf,spotify:track:7Fv2id2ixW0VgivqGrC5Pf
75lIVX3YP3mNzmOVa7tqKo,Radio,"Arcade High,Slyleaf",https://open.spotify.com/track/75lIVX3YP3mNzmOVa7tqKo,spotify:track:75lIVX3YP3mNzmOVa7tqKo
03f4a7ufRhMagh7eHacvMK,"We Were Titans","Arcade High",https://open.spotify.com/track/03f4a7ufRhMagh7eHacvMK,spotify:track:03f4a7ufRhMagh7eHacvMK
6mZdhOGRRZfMhRGHasBVIz,"Venture City","Arcade High",https://open.spotify.com/track/6mZdhOGRRZfMhRGHasBVIz,spotify:track:6mZdhOGRRZfMhRGHasBVIz
0VgkrquGXw5ZgiYUfqYWkV,"Coat of Arms","Arcade High",https://open.spotify.com/track/0VgkrquGXw5ZgiYUfqYWkV,spotify:track:0VgkrquGXw5ZgiYUfqYWkV
4AIX1HqLT9NsF0pyfM8nX4,"The Last Picture Show","Arcade High",https://open.spotify.com/track/4AIX1HqLT9NsF0pyfM8nX4,spotify:track:4AIX1HqLT9NsF0pyfM8nX4
4z12rBopuh8247QmB5ApmA,"Select Start","Arcade High",https://open.spotify.com/track/4z12rBopuh8247QmB5ApmA,spotify:track:4z12rBopuh8247QmB5ApmA
1vOt5ALpLwFcmTUihMpWui,"Time (And Time Again)","Arcade High",https://open.spotify.com/track/1vOt5ALpLwFcmTUihMpWui,spotify:track:1vOt5ALpLwFcmTUihMpWui
6LsjjnjpH3F9KHkf8fCntH,"Save State","Arcade High",https://open.spotify.com/track/6LsjjnjpH3F9KHkf8fCntH,spotify:track:6LsjjnjpH3F9KHkf8fCntH
20LeSuUaEhVD6WMETpR5MI,"Only Memories","Arcade High",https://open.spotify.com/track/20LeSuUaEhVD6WMETpR5MI,spotify:track:20LeSuUaEhVD6WMETpR5MI
5CUVeyoGZBpN83lQFJP4C5,"Run the Heat [Digital ] (Bonus Track)","Arcade High",https://open.spotify.com/track/5CUVeyoGZBpN83lQFJP4C5,spotify:track:5CUVeyoGZBpN83lQFJP4C5
02fSxVKwfRglhkXt03wVJg,"Outrun This!","Arcade High",https://open.spotify.com/track/02fSxVKwfRglhkXt03wVJg,spotify:track:02fSxVKwfRglhkXt03wVJg
02fSxVKwfRglhkXt03wVJg,"Outrun This!","Arcade High",https://open.spotify.com/track/02fSxVKwfRglhkXt03wVJg,spotify:track:02fSxVKwfRglhkXt03wVJg
02fSxVKwfRglhkXt03wVJg,"Outrun This!","Arcade High",https://open.spotify.com/track/02fSxVKwfRglhkXt03wVJg,spotify:track:02fSxVKwfRglhkXt03wVJg
02fSxVKwfRglhkXt03wVJg,"Outrun This!","Arcade High",https://open.spotify.com/track/02fSxVKwfRglhkXt03wVJg,spotify:track:02fSxVKwfRglhkXt03wVJg
3gA0PfLYZKNn5MyMOtyz3N,"Raging City","Aural Vampire",https://open.spotify.com/track/3gA0PfLYZKNn5MyMOtyz3N,spotify:track:3gA0PfLYZKNn5MyMOtyz3N
5EfAUBOp1FiLnnptnw0jvO,"Sunset Neon","Blue Stahli,Sunset Neon",https://open.spotify.com/track/5EfAUBOp1FiLnnptnw0jvO,spotify:track:5EfAUBOp1FiLnnptnw0jvO
3EDGl4A8vZdmy2dOrMxj9x,Intro,"Carpenter Brut",https://open.spotify.com/track/3EDGl4A8vZdmy2dOrMxj9x,spotify:track:3EDGl4A8vZdmy2dOrMxj9x
7HVIwdyhqiVyFdSIszo8yW,"Blood Machines Theme","Carpenter Brut",https://open.spotify.com/track/7HVIwdyhqiVyFdSIszo8yW,spotify:track:7HVIwdyhqiVyFdSIszo8yW
7orId0i6MnpWhZJHPxJhkK,"Attack Of The Amazons","Carpenter Brut",https://open.spotify.com/track/7orId0i6MnpWhZJHPxJhkK,spotify:track:7orId0i6MnpWhZJHPxJhkK
5ux7UPxfCuAyRnWYgOKUu4,"The Ceremony","Carpenter Brut",https://open.spotify.com/track/5ux7UPxfCuAyRnWYgOKUu4,spotify:track:5ux7UPxfCuAyRnWYgOKUu4
4f5YIopYdOgo4jS2ssGFe3,Mima,"Carpenter Brut",https://open.spotify.com/track/4f5YIopYdOgo4jS2ssGFe3,spotify:track:4f5YIopYdOgo4jS2ssGFe3
54RxhgBQGLFZDhl09oa2F5,"Souls Wreck","Carpenter Brut",https://open.spotify.com/track/54RxhgBQGLFZDhl09oa2F5,spotify:track:54RxhgBQGLFZDhl09oa2F5
1owGUlWw8qhNUJJ8wFonGE,Touchdown,"Carpenter Brut",https://open.spotify.com/track/1owGUlWw8qhNUJJ8wFonGE,spotify:track:1owGUlWw8qhNUJJ8wFonGE
22ggBeOeFMhrJLx8PXfapY,"Heart Ship","Carpenter Brut",https://open.spotify.com/track/22ggBeOeFMhrJLx8PXfapY,spotify:track:22ggBeOeFMhrJLx8PXfapY
3mXSL6Hlstfa25MrcSG1k0,"The Last Ceremony","Carpenter Brut",https://open.spotify.com/track/3mXSL6Hlstfa25MrcSG1k0,spotify:track:3mXSL6Hlstfa25MrcSG1k0
1nU3mGmGJJNZbsduyXGXNl,"Bloody Kisses - The Swift","Carpenter Brut",https://open.spotify.com/track/1nU3mGmGJJNZbsduyXGXNl,spotify:track:1nU3mGmGJJNZbsduyXGXNl
2DbEnjYgdtWfwesVZWV21C,"Lago's Sleep","Carpenter Brut",https://open.spotify.com/track/2DbEnjYgdtWfwesVZWV21C,spotify:track:2DbEnjYgdtWfwesVZWV21C
6qMdtBuUuX3aWFiRuktfHy,"Grand Final","Carpenter Brut",https://open.spotify.com/track/6qMdtBuUuX3aWFiRuktfHy,spotify:track:6qMdtBuUuX3aWFiRuktfHy
6EA3G2IIMCKmZmb6xPFunG,"Gone Now","Carpenter Brut,Pencey Sloe",https://open.spotify.com/track/6EA3G2IIMCKmZmb6xPFunG,spotify:track:6EA3G2IIMCKmZmb6xPFunG
07XGgLdeNvEw8aA1zEroWu,"Hush Sally, Hush!","Carpenter Brut",https://open.spotify.com/track/07XGgLdeNvEw8aA1zEroWu,spotify:track:07XGgLdeNvEw8aA1zEroWu
0YP8sOKF4ctjO7qEVX1Dr0,"Leather Teeth","Carpenter Brut",https://open.spotify.com/track/0YP8sOKF4ctjO7qEVX1Dr0,spotify:track:0YP8sOKF4ctjO7qEVX1Dr0
4Ztvl8C9Ld3IdHNo1a3UBe,"Cheerleader Effect","Carpenter Brut,Kristoffer Rygg",https://open.spotify.com/track/4Ztvl8C9Ld3IdHNo1a3UBe,spotify:track:4Ztvl8C9Ld3IdHNo1a3UBe
03CuZdDzBA8eDhccTMPo0m,"Inferno Galore","Carpenter Brut",https://open.spotify.com/track/03CuZdDzBA8eDhccTMPo0m,spotify:track:03CuZdDzBA8eDhccTMPo0m
7BpkKhtfyV1v0brgODMaIX,"End Titles","Carpenter Brut",https://open.spotify.com/track/7BpkKhtfyV1v0brgODMaIX,spotify:track:7BpkKhtfyV1v0brgODMaIX
7oqMRv3rmuGIcqR47L5M9v,"Opening Title","Carpenter Brut",https://open.spotify.com/track/7oqMRv3rmuGIcqR47L5M9v,spotify:track:7oqMRv3rmuGIcqR47L5M9v
7tRlQgs4YlpXEbiuBx5iMX,"Straight Outta Hell","Carpenter Brut",https://open.spotify.com/track/7tRlQgs4YlpXEbiuBx5iMX,spotify:track:7tRlQgs4YlpXEbiuBx5iMX
7ED1aBFSQAFhU85nYNlihL,"The Widow Maker - feat. Gunship","Carpenter Brut,Gunship",https://open.spotify.com/track/7ED1aBFSQAFhU85nYNlihL,spotify:track:7ED1aBFSQAFhU85nYNlihL
7isnmiHMrdP3AMdz6olJSo,"Imaginary Fire - feat.Greg Puciato","Carpenter Brut,Greg Puciato",https://open.spotify.com/track/7isnmiHMrdP3AMdz6olJSo,spotify:track:7isnmiHMrdP3AMdz6olJSo
4bRfxOqnnsz24rruXiJqzZ,"Day Stalker","Carpenter Brut",https://open.spotify.com/track/4bRfxOqnnsz24rruXiJqzZ,spotify:track:4bRfxOqnnsz24rruXiJqzZ
3c9Qjz4yovHqwFfF3CWbtr,"Night Prowler","Carpenter Brut",https://open.spotify.com/track/3c9Qjz4yovHqwFfF3CWbtr,spotify:track:3c9Qjz4yovHqwFfF3CWbtr
6FylTL5ddiK801oRoaarFB,"Lipstick Masquerade - feat. Persha","Carpenter Brut,Persha",https://open.spotify.com/track/6FylTL5ddiK801oRoaarFB,spotify:track:6FylTL5ddiK801oRoaarFB
4EFZ6UBd3gsNkRKSVTxTfl,"Color Me Blood","Carpenter Brut",https://open.spotify.com/track/4EFZ6UBd3gsNkRKSVTxTfl,spotify:track:4EFZ6UBd3gsNkRKSVTxTfl
4UdzhrUlauXeITfwltg1wX,"Stabat Mater - Sylvaine","Carpenter Brut,Sylvaine",https://open.spotify.com/track/4UdzhrUlauXeITfwltg1wX,spotify:track:4UdzhrUlauXeITfwltg1wX
5kiVBOtudTAfFFVmn0EmUf,"Paradisi Gloria","Carpenter Brut",https://open.spotify.com/track/5kiVBOtudTAfFFVmn0EmUf,spotify:track:5kiVBOtudTAfFFVmn0EmUf
3Td2S78609SWsjKCwWybMQ,"Leather Terror - feat. Johannes « Jonka » Andersson","Carpenter Brut,Johannes « Jonka » Andersson",https://open.spotify.com/track/3Td2S78609SWsjKCwWybMQ,spotify:track:3Td2S78609SWsjKCwWybMQ
1jMZoUNzSuw2J5UGXYsDxC,"Night Stalker (From ""The Rise of the Synths"")","Carpenter Brut",https://open.spotify.com/track/1jMZoUNzSuw2J5UGXYsDxC,spotify:track:1jMZoUNzSuw2J5UGXYsDxC
1FRa5OZa3IJG6TCOH9es2t,"Escape from Midwich Valley","Carpenter Brut",https://open.spotify.com/track/1FRa5OZa3IJG6TCOH9es2t,spotify:track:1FRa5OZa3IJG6TCOH9es2t
4otn4qNn22cXoxmWEsPdOB,"Disco Zombi Italia","Carpenter Brut",https://open.spotify.com/track/4otn4qNn22cXoxmWEsPdOB,spotify:track:4otn4qNn22cXoxmWEsPdOB
7hDzMxRCQlJKiBQX6qd7zG,"L.A. Venice Bitch 80's","Carpenter Brut",https://open.spotify.com/track/7hDzMxRCQlJKiBQX6qd7zG,spotify:track:7hDzMxRCQlJKiBQX6qd7zG
3S1CaH7ArTb8eZsOIcv7IL,"Wake Up the President","Carpenter Brut",https://open.spotify.com/track/3S1CaH7ArTb8eZsOIcv7IL,spotify:track:3S1CaH7ArTb8eZsOIcv7IL
5FDszqShX4MkMZCkyWZlNx,"347 Midnight Demons","Carpenter Brut",https://open.spotify.com/track/5FDszqShX4MkMZCkyWZlNx,spotify:track:5FDszqShX4MkMZCkyWZlNx
6LFyoNh5NACnd6yoX7kAdF,"Le Perv","Carpenter Brut",https://open.spotify.com/track/6LFyoNh5NACnd6yoX7kAdF,spotify:track:6LFyoNh5NACnd6yoX7kAdF
4eiTSqoxOWExDu57OSQWgr,"Roller Mobster","Carpenter Brut",https://open.spotify.com/track/4eiTSqoxOWExDu57OSQWgr,spotify:track:4eiTSqoxOWExDu57OSQWgr
12cITMD0dBJ25nmJDR2ptI,"Meet Matt Stryker","Carpenter Brut",https://open.spotify.com/track/12cITMD0dBJ25nmJDR2ptI,spotify:track:12cITMD0dBJ25nmJDR2ptI
49zgQWxmae5SESFN60Dh33,"Looking for Tracy Tzu","Carpenter Brut",https://open.spotify.com/track/49zgQWxmae5SESFN60Dh33,spotify:track:49zgQWxmae5SESFN60Dh33
6uvN9wGix9uNTTlKApJkBx,"Sexkiller on the Loose","Carpenter Brut",https://open.spotify.com/track/6uvN9wGix9uNTTlKApJkBx,spotify:track:6uvN9wGix9uNTTlKApJkBx
7E9fSFXKvz0rEN3Emw2rwz,"Hang'em All","Carpenter Brut",https://open.spotify.com/track/7E9fSFXKvz0rEN3Emw2rwz,spotify:track:7E9fSFXKvz0rEN3Emw2rwz
5LmYKG6KiZkoiFIuTuumPM,"Division Ruine","Carpenter Brut",https://open.spotify.com/track/5LmYKG6KiZkoiFIuTuumPM,spotify:track:5LmYKG6KiZkoiFIuTuumPM
5tsClamatYBBC7i8OHC17N,"Paradise Warfare","Carpenter Brut",https://open.spotify.com/track/5tsClamatYBBC7i8OHC17N,spotify:track:5tsClamatYBBC7i8OHC17N
0HcYKqHk5Gqju4HHqxApGH,"Run, Sally, Run!","Carpenter Brut",https://open.spotify.com/track/0HcYKqHk5Gqju4HHqxApGH,spotify:track:0HcYKqHk5Gqju4HHqxApGH
7fCJ3DTer4Y8RPSHR1AWKk,"Turbo Killer","Carpenter Brut",https://open.spotify.com/track/7fCJ3DTer4Y8RPSHR1AWKk,spotify:track:7fCJ3DTer4Y8RPSHR1AWKk
4onl5yyBbCNCy2y79BI84p,"Anarchy Road","Carpenter Brut",https://open.spotify.com/track/4onl5yyBbCNCy2y79BI84p,spotify:track:4onl5yyBbCNCy2y79BI84p
6HQp4IuHYecmJcT3mCaTYA,"Invasion A.D.","Carpenter Brut",https://open.spotify.com/track/6HQp4IuHYecmJcT3mCaTYA,spotify:track:6HQp4IuHYecmJcT3mCaTYA
6jImsKa3Z2FaHbQp2OtE6s,1:09,Danger,https://open.spotify.com/track/6jImsKa3Z2FaHbQp2OtE6s,spotify:track:6jImsKa3Z2FaHbQp2OtE6s
3WHGMx4tWMsJdhHEVmG4ox,"Soul Siphon","Daniel Deluxe",https://open.spotify.com/track/3WHGMx4tWMsJdhHEVmG4ox,spotify:track:3WHGMx4tWMsJdhHEVmG4ox
2AmS9yzykD8LGZxeYPC2eX,"The Guardian (feat. Sourc3)","Daniel Deluxe,Sourc3",https://open.spotify.com/track/2AmS9yzykD8LGZxeYPC2eX,spotify:track:2AmS9yzykD8LGZxeYPC2eX
44cJWXqVqhWQcqQwEPlpdm,"Time Limit","Daniel Deluxe",https://open.spotify.com/track/44cJWXqVqhWQcqQwEPlpdm,spotify:track:44cJWXqVqhWQcqQwEPlpdm
4tWLnXjQOQN8scMLua5XDS,"Combat Ready","Daniel Deluxe",https://open.spotify.com/track/4tWLnXjQOQN8scMLua5XDS,spotify:track:4tWLnXjQOQN8scMLua5XDS
0sBAEhc5oBXIysu6xNMPS7,Corruptor,"Daniel Deluxe",https://open.spotify.com/track/0sBAEhc5oBXIysu6xNMPS7,spotify:track:0sBAEhc5oBXIysu6xNMPS7
5SF6qKuFQGrOjIhgqft1qb,Aero,"Daniel Deluxe",https://open.spotify.com/track/5SF6qKuFQGrOjIhgqft1qb,spotify:track:5SF6qKuFQGrOjIhgqft1qb
0nUK0EW6SA2ILwuhuKQwf1,"Black Metropolis","Daniel Deluxe",https://open.spotify.com/track/0nUK0EW6SA2ILwuhuKQwf1,spotify:track:0nUK0EW6SA2ILwuhuKQwf1
2fADfhHBLNzSmATXhJB55R,Cerberus,"Daniel Deluxe",https://open.spotify.com/track/2fADfhHBLNzSmATXhJB55R,spotify:track:2fADfhHBLNzSmATXhJB55R
37GD7jrPe7DubPim1i5kJI,"Blood Magic","Daniel Deluxe",https://open.spotify.com/track/37GD7jrPe7DubPim1i5kJI,spotify:track:37GD7jrPe7DubPim1i5kJI
0lAT7XjxbHgpPfTRn2oSFS,"For Our Heroes","Daniel Deluxe",https://open.spotify.com/track/0lAT7XjxbHgpPfTRn2oSFS,spotify:track:0lAT7XjxbHgpPfTRn2oSFS
3Ntp14p4caf7ge693VMxV0,"Burning Skylines","Daniel Deluxe",https://open.spotify.com/track/3Ntp14p4caf7ge693VMxV0,spotify:track:3Ntp14p4caf7ge693VMxV0
539y2n1UYiM2gyYJKGNuuQ,Darkness,"Daniel Deluxe",https://open.spotify.com/track/539y2n1UYiM2gyYJKGNuuQ,spotify:track:539y2n1UYiM2gyYJKGNuuQ
3I6lDeGt3gH9bvFwsSZRRC,"The System","Daniel Deluxe,Volkor X",https://open.spotify.com/track/3I6lDeGt3gH9bvFwsSZRRC,spotify:track:3I6lDeGt3gH9bvFwsSZRRC
2ywk9oDKsNUZ7YXxed4AnA,Disobey,"Daniel Deluxe",https://open.spotify.com/track/2ywk9oDKsNUZ7YXxed4AnA,spotify:track:2ywk9oDKsNUZ7YXxed4AnA
6aXrn9eJ1N95L1rtzLjqlk,Aggressor,"Daniel Deluxe",https://open.spotify.com/track/6aXrn9eJ1N95L1rtzLjqlk,spotify:track:6aXrn9eJ1N95L1rtzLjqlk
1JPM2FUffSwbfqE3D3mFxU,Breakout,"Daniel Deluxe",https://open.spotify.com/track/1JPM2FUffSwbfqE3D3mFxU,spotify:track:1JPM2FUffSwbfqE3D3mFxU
7iSos22E2zQgoV88EsEHbV,Enemy,"Daniel Deluxe",https://open.spotify.com/track/7iSos22E2zQgoV88EsEHbV,spotify:track:7iSos22E2zQgoV88EsEHbV
5XpM8ml9A5Oyqw2WUncLcl,Cyberoptics,"Daniel Deluxe",https://open.spotify.com/track/5XpM8ml9A5Oyqw2WUncLcl,spotify:track:5XpM8ml9A5Oyqw2WUncLcl
5HGe1C5BP00F08o3Y7Mled,"The Key","Daniel Deluxe",https://open.spotify.com/track/5HGe1C5BP00F08o3Y7Mled,spotify:track:5HGe1C5BP00F08o3Y7Mled
3MvNzffI4XDL6cYOUHt8ZP,"The Link","Daniel Deluxe",https://open.spotify.com/track/3MvNzffI4XDL6cYOUHt8ZP,spotify:track:3MvNzffI4XDL6cYOUHt8ZP
7iTlq9CNC96uO9QcdCGiyD,Momentum,"Daniel Deluxe",https://open.spotify.com/track/7iTlq9CNC96uO9QcdCGiyD,spotify:track:7iTlq9CNC96uO9QcdCGiyD
38CN0dLs0JdTLPWP69Sz3p,Connected,"Daniel Deluxe",https://open.spotify.com/track/38CN0dLs0JdTLPWP69Sz3p,spotify:track:38CN0dLs0JdTLPWP69Sz3p
2c1GPRnvehzCAwv23QFe8Q,"Railgun (Bonus Track)","Daniel Deluxe",https://open.spotify.com/track/2c1GPRnvehzCAwv23QFe8Q,spotify:track:2c1GPRnvehzCAwv23QFe8Q
52iV7av0pPkXl0LEmecPl0,Air,"Daniel Deluxe",https://open.spotify.com/track/52iV7av0pPkXl0LEmecPl0,spotify:track:52iV7av0pPkXl0LEmecPl0
3XxItD7JwghG475aDe8yL2,Infiltrator,"Daniel Deluxe",https://open.spotify.com/track/3XxItD7JwghG475aDe8yL2,spotify:track:3XxItD7JwghG475aDe8yL2
3xtySJF8p0GiNhSJE5TZTY,"Blood and Steel","Daniel Deluxe",https://open.spotify.com/track/3xtySJF8p0GiNhSJE5TZTY,spotify:track:3xtySJF8p0GiNhSJE5TZTY
0PhVeoHEEaRkar3ToDQz6w,Dharma,"Daniel Deluxe",https://open.spotify.com/track/0PhVeoHEEaRkar3ToDQz6w,spotify:track:0PhVeoHEEaRkar3ToDQz6w
7K5fuTLEheomsZDdVtC3aw,Capture,"Daniel Deluxe",https://open.spotify.com/track/7K5fuTLEheomsZDdVtC3aw,spotify:track:7K5fuTLEheomsZDdVtC3aw
3fONI0IwnQ3jEf9ClapXWb,"Forget the Past","Daniel Deluxe",https://open.spotify.com/track/3fONI0IwnQ3jEf9ClapXWb,spotify:track:3fONI0IwnQ3jEf9ClapXWb
3q3BXHH5Txd0Rw3bMC1t4g,"Access Denied","Daniel Deluxe",https://open.spotify.com/track/3q3BXHH5Txd0Rw3bMC1t4g,spotify:track:3q3BXHH5Txd0Rw3bMC1t4g
0J16FRAAvdL4Um3kZ9zXiA,"Let Them Know","Daniel Deluxe",https://open.spotify.com/track/0J16FRAAvdL4Um3kZ9zXiA,spotify:track:0J16FRAAvdL4Um3kZ9zXiA
4rEQQqOvfx11MRK6lOogn6,Sector,"Daniel Deluxe",https://open.spotify.com/track/4rEQQqOvfx11MRK6lOogn6,spotify:track:4rEQQqOvfx11MRK6lOogn6
14zvUqbIP1qQ36m6s1frfG,Factory,"Daniel Deluxe",https://open.spotify.com/track/14zvUqbIP1qQ36m6s1frfG,spotify:track:14zvUqbIP1qQ36m6s1frfG
4NliCnfFdUlxysYKdewe5T,Striker,"Daniel Deluxe",https://open.spotify.com/track/4NliCnfFdUlxysYKdewe5T,spotify:track:4NliCnfFdUlxysYKdewe5T
4N5lVNNfOlrsX9LNnaSLut,Celerity,"Daniel Deluxe",https://open.spotify.com/track/4N5lVNNfOlrsX9LNnaSLut,spotify:track:4N5lVNNfOlrsX9LNnaSLut
0Dq9fMtiubl73UQCiKRYi8,"The Orb","Daniel Deluxe",https://open.spotify.com/track/0Dq9fMtiubl73UQCiKRYi8,spotify:track:0Dq9fMtiubl73UQCiKRYi8
6O72Ao6kORIi0Ky2nl58Rx,"Truth to Power","Daniel Deluxe",https://open.spotify.com/track/6O72Ao6kORIi0Ky2nl58Rx,spotify:track:6O72Ao6kORIi0Ky2nl58Rx
2eFLfhq4nk9O0vqg1MNPJ4,Blaster,"Daniel Deluxe",https://open.spotify.com/track/2eFLfhq4nk9O0vqg1MNPJ4,spotify:track:2eFLfhq4nk9O0vqg1MNPJ4
1iCSKjtxiPZqsCAwEV0rJU,Razor,"Daniel Deluxe",https://open.spotify.com/track/1iCSKjtxiPZqsCAwEV0rJU,spotify:track:1iCSKjtxiPZqsCAwEV0rJU
6w0w5Yj3b6IaZ77DPLwXDM,Vendetta,"Daniel Deluxe",https://open.spotify.com/track/6w0w5Yj3b6IaZ77DPLwXDM,spotify:track:6w0w5Yj3b6IaZ77DPLwXDM
3faWBwyX22VYfUCvBz0QcX,"Air (Cybervoid)","Daniel Deluxe",https://open.spotify.com/track/3faWBwyX22VYfUCvBz0QcX,spotify:track:3faWBwyX22VYfUCvBz0QcX
3dh1DBmO5i4sW0x6Gn5vt2,Solitude,"Daniel Deluxe",https://open.spotify.com/track/3dh1DBmO5i4sW0x6Gn5vt2,spotify:track:3dh1DBmO5i4sW0x6Gn5vt2
0BaJICMsDHBHUl5jWX5suD,Sundown,"Daniel Deluxe",https://open.spotify.com/track/0BaJICMsDHBHUl5jWX5suD,spotify:track:0BaJICMsDHBHUl5jWX5suD
2xqz7YVOC7Q5DlmBIPFuBW,Infiltrator,"Daniel Deluxe",https://open.spotify.com/track/2xqz7YVOC7Q5DlmBIPFuBW,spotify:track:2xqz7YVOC7Q5DlmBIPFuBW
5YGymYiY6gMujoNlJwLaRE,Firewall,"Daniel Deluxe",https://open.spotify.com/track/5YGymYiY6gMujoNlJwLaRE,spotify:track:5YGymYiY6gMujoNlJwLaRE
2C8yOJ8Dq0PhiY6RyBecb7,Cypher,"Daniel Deluxe",https://open.spotify.com/track/2C8yOJ8Dq0PhiY6RyBecb7,spotify:track:2C8yOJ8Dq0PhiY6RyBecb7
6Jo19fbs95OaF8vDOrgfZo,"Price of Progress","Daniel Deluxe",https://open.spotify.com/track/6Jo19fbs95OaF8vDOrgfZo,spotify:track:6Jo19fbs95OaF8vDOrgfZo
7zOjl84UGSSJ5F8tYEtRUL,"Silent Kings","Daniel Deluxe",https://open.spotify.com/track/7zOjl84UGSSJ5F8tYEtRUL,spotify:track:7zOjl84UGSSJ5F8tYEtRUL
16RudprPSxVUZcprpmcu62,"Instruments of Retribution","Daniel Deluxe",https://open.spotify.com/track/16RudprPSxVUZcprpmcu62,spotify:track:16RudprPSxVUZcprpmcu62
4anNOnCJY0yoOSElBvgBsC,Phantoms,"Daniel Deluxe",https://open.spotify.com/track/4anNOnCJY0yoOSElBvgBsC,spotify:track:4anNOnCJY0yoOSElBvgBsC
4oWOB0Y1IGjTTQNxB23OjD,Almaz,"Daniel Deluxe",https://open.spotify.com/track/4oWOB0Y1IGjTTQNxB23OjD,spotify:track:4oWOB0Y1IGjTTQNxB23OjD
4HoeoFvqOqZ2QeLXBLUn77,Vanguard,"Daniel Deluxe",https://open.spotify.com/track/4HoeoFvqOqZ2QeLXBLUn77,spotify:track:4HoeoFvqOqZ2QeLXBLUn77
2M88k5DFWgVkORccvMbbsk,Prime,"Daniel Deluxe",https://open.spotify.com/track/2M88k5DFWgVkORccvMbbsk,spotify:track:2M88k5DFWgVkORccvMbbsk
2tsGEoD0ZZT3fulBCu0bZz,"The Portal","Daniel Deluxe",https://open.spotify.com/track/2tsGEoD0ZZT3fulBCu0bZz,spotify:track:2tsGEoD0ZZT3fulBCu0bZz
7empQNiKO0Cc7nvCF1yn4X,Overseer,"Daniel Deluxe",https://open.spotify.com/track/7empQNiKO0Cc7nvCF1yn4X,spotify:track:7empQNiKO0Cc7nvCF1yn4X
5qMuwLpBB6NoGugsPwaeQD,Territory,"Daniel Deluxe",https://open.spotify.com/track/5qMuwLpBB6NoGugsPwaeQD,spotify:track:5qMuwLpBB6NoGugsPwaeQD
2QqtdPHw3FDwBQOqZ4cukY,"Fall of the Ancient World","Dan Terminus",https://open.spotify.com/track/2QqtdPHw3FDwBQOqZ4cukY,spotify:track:2QqtdPHw3FDwBQOqZ4cukY
66mrZkPfgbiNceElTSQ1H0,Margaritifer,"Dan Terminus",https://open.spotify.com/track/66mrZkPfgbiNceElTSQ1H0,spotify:track:66mrZkPfgbiNceElTSQ1H0
4Wok4H4cC5h1IuNtrXy8Dy,Angelus,"Dan Terminus",https://open.spotify.com/track/4Wok4H4cC5h1IuNtrXy8Dy,spotify:track:4Wok4H4cC5h1IuNtrXy8Dy
6VLpSo7nOHE9klQNeNvzFA,"Friendship Through Clear Plastic Walls","Dan Terminus",https://open.spotify.com/track/6VLpSo7nOHE9klQNeNvzFA,spotify:track:6VLpSo7nOHE9klQNeNvzFA
2bGVGN9jTcK7FbKYn03DWu,Vesubian,"Dan Terminus",https://open.spotify.com/track/2bGVGN9jTcK7FbKYn03DWu,spotify:track:2bGVGN9jTcK7FbKYn03DWu
4CcywaDJpId86XtVnC8lJz,"Deus Mecanicus","Dan Terminus",https://open.spotify.com/track/4CcywaDJpId86XtVnC8lJz,spotify:track:4CcywaDJpId86XtVnC8lJz
0DKLweOTJ3IRNh5lHSmB2e,"Electronic Snow","Dan Terminus",https://open.spotify.com/track/0DKLweOTJ3IRNh5lHSmB2e,spotify:track:0DKLweOTJ3IRNh5lHSmB2e
0UXjxbwAx4QAYn6YbxiLGZ,"Cherenkov Blue Overdriver","Dan Terminus",https://open.spotify.com/track/0UXjxbwAx4QAYn6YbxiLGZ,spotify:track:0UXjxbwAx4QAYn6YbxiLGZ
5cPLJlJmLnJ4bpUL9qQATF,"Heavy Artillery","Dan Terminus",https://open.spotify.com/track/5cPLJlJmLnJ4bpUL9qQATF,spotify:track:5cPLJlJmLnJ4bpUL9qQATF
6ibLKEeYe9OWEoOShWVrt7,Avalanche,"Dan Terminus",https://open.spotify.com/track/6ibLKEeYe9OWEoOShWVrt7,spotify:track:6ibLKEeYe9OWEoOShWVrt7
6beC3AznIqDCT7jVqvfLHs,"Death by Distortion","Dan Terminus",https://open.spotify.com/track/6beC3AznIqDCT7jVqvfLHs,spotify:track:6beC3AznIqDCT7jVqvfLHs
6D47g67q5TXZA0zUEjRnpQ,"The Chasm","Dan Terminus",https://open.spotify.com/track/6D47g67q5TXZA0zUEjRnpQ,spotify:track:6D47g67q5TXZA0zUEjRnpQ
550HL3jAmxbIRRINHpmx9R,"Eternal Annihilator","Dan Terminus",https://open.spotify.com/track/550HL3jAmxbIRRINHpmx9R,spotify:track:550HL3jAmxbIRRINHpmx9R
4SIK4YsySXAj0RLhDsDVhQ,"It's Too Bad She Won't Live","Dan Terminus",https://open.spotify.com/track/4SIK4YsySXAj0RLhDsDVhQ,spotify:track:4SIK4YsySXAj0RLhDsDVhQ
6Iz9LTkkuKvsgsmRgu8mnG,Grim,"Dan Terminus",https://open.spotify.com/track/6Iz9LTkkuKvsgsmRgu8mnG,spotify:track:6Iz9LTkkuKvsgsmRgu8mnG
3kFycDYxW6hIfdYcMyyOHn,"Restless Destroyer","Dan Terminus",https://open.spotify.com/track/3kFycDYxW6hIfdYcMyyOHn,spotify:track:3kFycDYxW6hIfdYcMyyOHn
0R3tIY8XWAlJ73GEAE5IgV,"Pegasus Pro Ultra Fusion","Dan Terminus",https://open.spotify.com/track/0R3tIY8XWAlJ73GEAE5IgV,spotify:track:0R3tIY8XWAlJ73GEAE5IgV
3UFPzs1FXYNWBAfEoKVtz4,Detonation,"Dan Terminus",https://open.spotify.com/track/3UFPzs1FXYNWBAfEoKVtz4,spotify:track:3UFPzs1FXYNWBAfEoKVtz4
2qyLVIebRX3Jd93Z7qMu2d,"The Wrath of Code (feat. Perturbator)","Dan Terminus,Perturbator",https://open.spotify.com/track/2qyLVIebRX3Jd93Z7qMu2d,spotify:track:2qyLVIebRX3Jd93Z7qMu2d
6EFEJItXATlTBkNNFXJ6Yn,"Midnight Rendez-Vous","Das Mörtal,French Fox",https://open.spotify.com/track/6EFEJItXATlTBkNNFXJ6Yn,spotify:track:6EFEJItXATlTBkNNFXJ6Yn
1UAw7Hitdt1r5TejkK6PGK,"Backseat Love Affair","Das Mörtal",https://open.spotify.com/track/1UAw7Hitdt1r5TejkK6PGK,spotify:track:1UAw7Hitdt1r5TejkK6PGK
1Y6TLa7x6OWZj3LRclrwQf,"Bedtime Intimacy","Das Mörtal",https://open.spotify.com/track/1Y6TLa7x6OWZj3LRclrwQf,spotify:track:1Y6TLa7x6OWZj3LRclrwQf
4GRjyoodNWTD2Vj0YefG5B,"Dark Alley Intercourse","Das Mörtal",https://open.spotify.com/track/4GRjyoodNWTD2Vj0YefG5B,spotify:track:4GRjyoodNWTD2Vj0YefG5B
3FQLOzJmQwHh3ZaRRhGNvp,Jennifer,"Das Mörtal",https://open.spotify.com/track/3FQLOzJmQwHh3ZaRRhGNvp,spotify:track:3FQLOzJmQwHh3ZaRRhGNvp
3DroJIm8gXPC4Huse2gSKU,"Risking My Life","Das Mörtal,Ghost Twin",https://open.spotify.com/track/3DroJIm8gXPC4Huse2gSKU,spotify:track:3DroJIm8gXPC4Huse2gSKU
0JhguLNtB6LkLaYaRqgXNg,"Youth Escape","Das Mörtal",https://open.spotify.com/track/0JhguLNtB6LkLaYaRqgXNg,spotify:track:0JhguLNtB6LkLaYaRqgXNg
2v6emfgGWu3zymRSDlZiB2,"The Curse","Das Mörtal",https://open.spotify.com/track/2v6emfgGWu3zymRSDlZiB2,spotify:track:2v6emfgGWu3zymRSDlZiB2
2e8wEZDc2SPIDvk5smXB8y,"Final Survivor Girl","Das Mörtal",https://open.spotify.com/track/2e8wEZDc2SPIDvk5smXB8y,spotify:track:2e8wEZDc2SPIDvk5smXB8y
22yo07sortPzpvVeHJFmUP,"Midnight Rendez-Vous - Outro","Das Mörtal",https://open.spotify.com/track/22yo07sortPzpvVeHJFmUP,spotify:track:22yo07sortPzpvVeHJFmUP
2qzbJyY0c4vzhXFlnRNCji,"Hotline Miami II","Das Mörtal",https://open.spotify.com/track/2qzbJyY0c4vzhXFlnRNCji,spotify:track:2qzbJyY0c4vzhXFlnRNCji
35Gkqy9aTbMNerterdWIp7,"Admiring You Through the Blinds","Das Mörtal",https://open.spotify.com/track/35Gkqy9aTbMNerterdWIp7,spotify:track:35Gkqy9aTbMNerterdWIp7
6N6p8sFsHoIXTpCLUlX3bo,"The Killing","Das Mörtal",https://open.spotify.com/track/6N6p8sFsHoIXTpCLUlX3bo,spotify:track:6N6p8sFsHoIXTpCLUlX3bo
0tSzUQEjymCZjmfnnnaqvm,"The Killing","Das Mörtal",https://open.spotify.com/track/0tSzUQEjymCZjmfnnnaqvm,spotify:track:0tSzUQEjymCZjmfnnnaqvm
0tSzUQEjymCZjmfnnnaqvm,"The Killing","Das Mörtal",https://open.spotify.com/track/0tSzUQEjymCZjmfnnnaqvm,spotify:track:0tSzUQEjymCZjmfnnnaqvm
0tSzUQEjymCZjmfnnnaqvm,"The Killing","Das Mörtal",https://open.spotify.com/track/0tSzUQEjymCZjmfnnnaqvm,spotify:track:0tSzUQEjymCZjmfnnnaqvm
0tSzUQEjymCZjmfnnnaqvm,"The Killing","Das Mörtal",https://open.spotify.com/track/0tSzUQEjymCZjmfnnnaqvm,spotify:track:0tSzUQEjymCZjmfnnnaqvm
1dwuVlgCGTS37z5P0sxqTn,Innocence,"Electric Youth",https://open.spotify.com/track/1dwuVlgCGTS37z5P0sxqTn,spotify:track:1dwuVlgCGTS37z5P0sxqTn
6tfI13HmQHR3jP1fakpewd,2080,"Ephixa,Heartful",https://open.spotify.com/track/6tfI13HmQHR3jP1fakpewd,spotify:track:6tfI13HmQHR3jP1fakpewd
23YvaJCxPMQCepiEfkdstd,"Transcendence from the Flesh","Ex Machina",https://open.spotify.com/track/23YvaJCxPMQCepiEfkdstd,spotify:track:23YvaJCxPMQCepiEfkdstd
0sL5Im2m9bntan6f5BqlP1,"Silencer (No Remorse No Regret) [feat. KALAX]","Ex Machina,Kalax",https://open.spotify.com/track/0sL5Im2m9bntan6f5BqlP1,spotify:track:0sL5Im2m9bntan6f5BqlP1
1lHgypUMksdQluI0mFhieN,Vanguard,"Ex Machina",https://open.spotify.com/track/1lHgypUMksdQluI0mFhieN,spotify:track:1lHgypUMksdQluI0mFhieN
35QHXQ7gIFvlWjj4T5amAD,"Advanced Race","Ex Machina",https://open.spotify.com/track/35QHXQ7gIFvlWjj4T5amAD,spotify:track:35QHXQ7gIFvlWjj4T5amAD
3CPzKi8iNK2a80f9noIHZI,"Europa Station in Deep Cold","Ex Machina",https://open.spotify.com/track/3CPzKi8iNK2a80f9noIHZI,spotify:track:3CPzKi8iNK2a80f9noIHZI
5eXBvI0mRLLozNHI3KcY5q,"Full Combat Chassis","Ex Machina",https://open.spotify.com/track/5eXBvI0mRLLozNHI3KcY5q,spotify:track:5eXBvI0mRLLozNHI3KcY5q
3yL08mA9kaKtya5Z3EtNWK,"Malicious Hardware [feat. OGRE]","Ex Machina,Ogre",https://open.spotify.com/track/3yL08mA9kaKtya5Z3EtNWK,spotify:track:3yL08mA9kaKtya5Z3EtNWK
1RDX72amttjGAl62mEU293,Home,"Fantom '87",https://open.spotify.com/track/1RDX72amttjGAl62mEU293,spotify:track:1RDX72amttjGAl62mEU293
3H1mW7drd8ijBgAhZzA52H,Euphoria,"Fury Weekend,Scandroid",https://open.spotify.com/track/3H1mW7drd8ijBgAhZzA52H,spotify:track:3H1mW7drd8ijBgAhZzA52H
4qm4hch0cwdKkiB2KhnFEf,"1988 Girls",Futurecop!,https://open.spotify.com/track/4qm4hch0cwdKkiB2KhnFEf,spotify:track:4qm4hch0cwdKkiB2KhnFEf
54aGpu8JD1IMlTylvqE05G,"City Lights","The G",https://open.spotify.com/track/54aGpu8JD1IMlTylvqE05G,spotify:track:54aGpu8JD1IMlTylvqE05G
7ts8oqVXQXBI6GTLW3LVN6,Arcology,"The G",https://open.spotify.com/track/7ts8oqVXQXBI6GTLW3LVN6,spotify:track:7ts8oqVXQXBI6GTLW3LVN6
2TDxRFl5La3EEymYtVXdk6,"Stars That Fade","The G,Vandal Moon",https://open.spotify.com/track/2TDxRFl5La3EEymYtVXdk6,spotify:track:2TDxRFl5La3EEymYtVXdk6
5Wrd7eU7jcJPoZEU1Z26ow,"Genesee Avenue",Gost,https://open.spotify.com/track/5Wrd7eU7jcJPoZEU1Z26ow,spotify:track:5Wrd7eU7jcJPoZEU1Z26ow
1XCY7udaTvarEaZYNJdSgy,"Night Crawler",Gost,https://open.spotify.com/track/1XCY7udaTvarEaZYNJdSgy,spotify:track:1XCY7udaTvarEaZYNJdSgy
4irDcMLOiYcCbRFKBBWXI5,Master,Gost,https://open.spotify.com/track/4irDcMLOiYcCbRFKBBWXI5,spotify:track:4irDcMLOiYcCbRFKBBWXI5
7KkNDNSl8N9yT9VyQHre73,"Reign in Hell",Gost,https://open.spotify.com/track/7KkNDNSl8N9yT9VyQHre73,spotify:track:7KkNDNSl8N9yT9VyQHre73
2QdJLvV9t5MXPsjnharnxL,Tongue,Gost,https://open.spotify.com/track/2QdJLvV9t5MXPsjnharnxL,spotify:track:2QdJLvV9t5MXPsjnharnxL
5ekcg6CQTDmE9qS2InV33J,Ripper,Gost,https://open.spotify.com/track/5ekcg6CQTDmE9qS2InV33J,spotify:track:5ekcg6CQTDmE9qS2InV33J
4wKjNmrKnV0ZdlIwYk3lcF,"Bathory Bitch",Gost,https://open.spotify.com/track/4wKjNmrKnV0ZdlIwYk3lcF,spotify:track:4wKjNmrKnV0ZdlIwYk3lcF
7lcimhAUxosagDLjwI6uF5,Sacrament,Gost,https://open.spotify.com/track/7lcimhAUxosagDLjwI6uF5,spotify:track:7lcimhAUxosagDLjwI6uF5
0PtcAocxleRXX4HCK9dblL,Behemoth,Gost,https://open.spotify.com/track/0PtcAocxleRXX4HCK9dblL,spotify:track:0PtcAocxleRXX4HCK9dblL
4HtZf62ztzlDuYlt4sHSeO,"Bloody Roses",Gost,https://open.spotify.com/track/4HtZf62ztzlDuYlt4sHSeO,spotify:track:4HtZf62ztzlDuYlt4sHSeO
4UkZQhbbMLfVWAzwp7WdPT,Garruth,Gost,https://open.spotify.com/track/4UkZQhbbMLfVWAzwp7WdPT,spotify:track:4UkZQhbbMLfVWAzwp7WdPT
4W4MshifF244xhzFoMu699,"The Prowler",Gost,https://open.spotify.com/track/4W4MshifF244xhzFoMu699,spotify:track:4W4MshifF244xhzFoMu699
4RtKWao64GNQBLs7WgbxXb,Sigil,Gost,https://open.spotify.com/track/4RtKWao64GNQBLs7WgbxXb,spotify:track:4RtKWao64GNQBLs7WgbxXb
0Wvub5B9ea3uKCNrlx6iNX,"Loudas Deceit",Gost,https://open.spotify.com/track/0Wvub5B9ea3uKCNrlx6iNX,spotify:track:0Wvub5B9ea3uKCNrlx6iNX
1HQmItFwfttjjGvjovbrln,Beliar,Gost,https://open.spotify.com/track/1HQmItFwfttjjGvjovbrln,spotify:track:1HQmItFwfttjjGvjovbrln
0XQcX90mUnMc2vTudODo7Q,Legion,Gost,https://open.spotify.com/track/0XQcX90mUnMc2vTudODo7Q,spotify:track:0XQcX90mUnMc2vTudODo7Q
6m5FhufOnznciVDU3EGPeB,"16 a.M.",Gost,https://open.spotify.com/track/6m5FhufOnznciVDU3EGPeB,spotify:track:6m5FhufOnznciVDU3EGPeB
6lEM8pimYEkdY9PJEti1oo,"Shiloh's Lament",Gost,https://open.spotify.com/track/6lEM8pimYEkdY9PJEti1oo,spotify:track:6lEM8pimYEkdY9PJEti1oo
4iV8cdKxB7zoRaloVmbApM,Malum,Gost,https://open.spotify.com/track/4iV8cdKxB7zoRaloVmbApM,spotify:track:4iV8cdKxB7zoRaloVmbApM
3g5ITjawuZzxMA48bsU1h7,Commandment,Gost,https://open.spotify.com/track/3g5ITjawuZzxMA48bsU1h7,spotify:track:3g5ITjawuZzxMA48bsU1h7
58wI0G1lOqXEGcg5dZD8IE,"She Lives in Red Light",Gost,https://open.spotify.com/track/58wI0G1lOqXEGcg5dZD8IE,spotify:track:58wI0G1lOqXEGcg5dZD8IE
0L4T3f7LjHEVwBRHCGpB5V,"The Kill Switch","Gregorio Franco",https://open.spotify.com/track/0L4T3f7LjHEVwBRHCGpB5V,spotify:track:0L4T3f7LjHEVwBRHCGpB5V
1CDj0BU4csQrhrKo6h8Cv1,Ruination,"Gregorio Franco",https://open.spotify.com/track/1CDj0BU4csQrhrKo6h8Cv1,spotify:track:1CDj0BU4csQrhrKo6h8Cv1
3dSwNTf0KkcgGGDqEsdF58,"The Blind Dead","Gregorio Franco",https://open.spotify.com/track/3dSwNTf0KkcgGGDqEsdF58,spotify:track:3dSwNTf0KkcgGGDqEsdF58
2vZ5ZhDq1CuXxLc9H2my1h,"Laid to Waste","Gregorio Franco",https://open.spotify.com/track/2vZ5ZhDq1CuXxLc9H2my1h,spotify:track:2vZ5ZhDq1CuXxLc9H2my1h
5XTZyAXfiAeCO2YQuXZURy,"Charon's Dance(interlude)","Gregorio Franco",https://open.spotify.com/track/5XTZyAXfiAeCO2YQuXZURy,spotify:track:5XTZyAXfiAeCO2YQuXZURy
28FXlw3cUBvrclUC7W1oLA,"Eternal Nightmare","Gregorio Franco",https://open.spotify.com/track/28FXlw3cUBvrclUC7W1oLA,spotify:track:28FXlw3cUBvrclUC7W1oLA
2lqrpNI6uQlHmMffmFSZVG,Kuuvalgus,"Gregorio Franco",https://open.spotify.com/track/2lqrpNI6uQlHmMffmFSZVG,spotify:track:2lqrpNI6uQlHmMffmFSZVG
3QCbHdca4yUQXfihxBBvqf,RCW-47357,"Gregorio Franco",https://open.spotify.com/track/3QCbHdca4yUQXfihxBBvqf,spotify:track:3QCbHdca4yUQXfihxBBvqf
0wOhPFOtge0vmGNLPAjfpE,"The Void Knows Your Name","Gregorio Franco",https://open.spotify.com/track/0wOhPFOtge0vmGNLPAjfpE,spotify:track:0wOhPFOtge0vmGNLPAjfpE
4WQWygPvszyXUr7pqtkvsc,Wreckage,"Gregorio Franco",https://open.spotify.com/track/4WQWygPvszyXUr7pqtkvsc,spotify:track:4WQWygPvszyXUr7pqtkvsc
4retq6UX3U2AJvtWmjK5MI,Desecration,"Gregorio Franco",https://open.spotify.com/track/4retq6UX3U2AJvtWmjK5MI,spotify:track:4retq6UX3U2AJvtWmjK5MI
33dFZ9xSBqY90V8wBjNFOO,Eon,"Gregorio Franco",https://open.spotify.com/track/33dFZ9xSBqY90V8wBjNFOO,spotify:track:33dFZ9xSBqY90V8wBjNFOO
0wzWuGqGidMazIUSwD4NrI,Awakening,"Gregorio Franco,Glitbiter",https://open.spotify.com/track/0wzWuGqGidMazIUSwD4NrI,spotify:track:0wzWuGqGidMazIUSwD4NrI
5vEbUALDS94iGrjOSZD615,"The Pit","Gregorio Franco",https://open.spotify.com/track/5vEbUALDS94iGrjOSZD615,spotify:track:5vEbUALDS94iGrjOSZD615
1RdZlUWQ418V3fRVrNaEHD,Mortus,"Gregorio Franco",https://open.spotify.com/track/1RdZlUWQ418V3fRVrNaEHD,spotify:track:1RdZlUWQ418V3fRVrNaEHD
7oykX3Fdn870utgvVda7K0,Reckoning,"Gregorio Franco",https://open.spotify.com/track/7oykX3Fdn870utgvVda7K0,spotify:track:7oykX3Fdn870utgvVda7K0
5wTCCfTCqXDcuc00zye7JK,Unmaker,"Gregorio Franco",https://open.spotify.com/track/5wTCCfTCqXDcuc00zye7JK,spotify:track:5wTCCfTCqXDcuc00zye7JK
1rtXzL5PWkt1JcWE7nSla8,K.O.N.,"Gregorio Franco",https://open.spotify.com/track/1rtXzL5PWkt1JcWE7nSla8,spotify:track:1rtXzL5PWkt1JcWE7nSla8
1p6rxXXneAgmdn0x4dhsO2,"The Prowler 2019","Gregorio Franco",https://open.spotify.com/track/1p6rxXXneAgmdn0x4dhsO2,spotify:track:1p6rxXXneAgmdn0x4dhsO2
4GBJomKlZNRnODfpL299pw,"Dark All Day","Gunship,Tim Cappello,Indiana",https://open.spotify.com/track/4GBJomKlZNRnODfpL299pw,spotify:track:4GBJomKlZNRnODfpL299pw
0d3O2HCMzSblmSsWd9Lgh2,"When You Grow Up, Your Heart Dies",Gunship,https://open.spotify.com/track/0d3O2HCMzSblmSsWd9Lgh2,spotify:track:0d3O2HCMzSblmSsWd9Lgh2
3TjBuYxZqsO5jirM0rujRO,"The Drone Racing League",Gunship,https://open.spotify.com/track/3TjBuYxZqsO5jirM0rujRO,spotify:track:3TjBuYxZqsO5jirM0rujRO
7x54Ia2d2ZkQ58zqw8MESv,"Rise the Midnight Girl",Gunship,https://open.spotify.com/track/7x54Ia2d2ZkQ58zqw8MESv,spotify:track:7x54Ia2d2ZkQ58zqw8MESv
7hsRTk36qhFTSzmBoAZHdI,Thrasher,Gunship,https://open.spotify.com/track/7hsRTk36qhFTSzmBoAZHdI,spotify:track:7hsRTk36qhFTSzmBoAZHdI
3L5OGCMGh4Vhql02c2zHcW,"Black Blood Red Kiss","Gunship,Kat Von D",https://open.spotify.com/track/3L5OGCMGh4Vhql02c2zHcW,spotify:track:3L5OGCMGh4Vhql02c2zHcW
5598GfKJx4yhkbGNsBVWAM,"Time After Time",Gunship,https://open.spotify.com/track/5598GfKJx4yhkbGNsBVWAM,spotify:track:5598GfKJx4yhkbGNsBVWAM
4j1ICBkRoVnQ7CAaGbyiFo,"Honour Among Thieves",Gunship,https://open.spotify.com/track/4j1ICBkRoVnQ7CAaGbyiFo,spotify:track:4j1ICBkRoVnQ7CAaGbyiFo
3UwWu3k4ppm1vQxLuSIr0H,"Art3mis & Parzival","Gunship,Stella Le Page",https://open.spotify.com/track/3UwWu3k4ppm1vQxLuSIr0H,spotify:track:3UwWu3k4ppm1vQxLuSIr0H
6vOfbjqR7q9jO41zhxqAw4,Symmetrical,Gunship,https://open.spotify.com/track/6vOfbjqR7q9jO41zhxqAw4,spotify:track:6vOfbjqR7q9jO41zhxqAw4
3WoZLDtOvUnzMIDEhKr4hM,"Cyber City",Gunship,https://open.spotify.com/track/3WoZLDtOvUnzMIDEhKr4hM,spotify:track:3WoZLDtOvUnzMIDEhKr4hM
5TxotO7jpRFwG1dR1suT7G,"The Mountain",Gunship,https://open.spotify.com/track/5TxotO7jpRFwG1dR1suT7G,spotify:track:5TxotO7jpRFwG1dR1suT7G
1upZuFHbOUzhH5P8wnDAbI,"Revel in Your Time",Gunship,https://open.spotify.com/track/1upZuFHbOUzhH5P8wnDAbI,spotify:track:1upZuFHbOUzhH5P8wnDAbI
5VKEsChbUowEF2BT0gJSGX,"Tech Noir","Gunship,John Carpenter,Charlie Simpson",https://open.spotify.com/track/5VKEsChbUowEF2BT0gJSGX,spotify:track:5VKEsChbUowEF2BT0gJSGX
2FLLhhm8e4YVKUPKvuwInC,"Shadow Fury",Gunship,https://open.spotify.com/track/2FLLhhm8e4YVKUPKvuwInC,spotify:track:2FLLhhm8e4YVKUPKvuwInC
5gdFoLS8DYmztAFmmbPjft,"Pink Mist",Gunship,https://open.spotify.com/track/5gdFoLS8DYmztAFmmbPjft,spotify:track:5gdFoLS8DYmztAFmmbPjft
6RlRl5irhdt6ZVnLvpp1K7,Kitsune,Gunship,https://open.spotify.com/track/6RlRl5irhdt6ZVnLvpp1K7,spotify:track:6RlRl5irhdt6ZVnLvpp1K7
7xXFI5Tn80UPSmbRS4GodV,"The Hegemon",Gunship,https://open.spotify.com/track/7xXFI5Tn80UPSmbRS4GodV,spotify:track:7xXFI5Tn80UPSmbRS4GodV
2eTHgWvYYunxgqYKqNOuZD,"Fly for Your Life",Gunship,https://open.spotify.com/track/2eTHgWvYYunxgqYKqNOuZD,spotify:track:2eTHgWvYYunxgqYKqNOuZD
5W9bzZkOaNgFRXSNekFpBo,"Maximum Black",Gunship,https://open.spotify.com/track/5W9bzZkOaNgFRXSNekFpBo,spotify:track:5W9bzZkOaNgFRXSNekFpBo
4az5cxWbquOT0ScNy9XTZ6,"Tech Noir - Carpenter Brut Remix","Gunship,Carpenter Brut",https://open.spotify.com/track/4az5cxWbquOT0ScNy9XTZ6,spotify:track:4az5cxWbquOT0ScNy9XTZ6
1NEWwMsKyxs10blVIk0Bju,"Revel in Your Time - Miami Nights 1984 Remix","Gunship,Miami Nights 1984",https://open.spotify.com/track/1NEWwMsKyxs10blVIk0Bju,spotify:track:1NEWwMsKyxs10blVIk0Bju
1GibYlvNOCmT1XT3xdJKoW,"Black Sun on the Horizon - Makeup and Vanity Set Remix","Gunship,Martin Grech,Makeup And Vanity Set",https://open.spotify.com/track/1GibYlvNOCmT1XT3xdJKoW,spotify:track:1GibYlvNOCmT1XT3xdJKoW
4iADclNEcQMVtPMOpBqwIg,"The Video Game Champion",Gunship,https://open.spotify.com/track/4iADclNEcQMVtPMOpBqwIg,spotify:track:4iADclNEcQMVtPMOpBqwIg
3Nfjp50cbXINpjzNueXQfp,"The Cleaner",Inexedra,https://open.spotify.com/track/3Nfjp50cbXINpjzNueXQfp,spotify:track:3Nfjp50cbXINpjzNueXQfp
3DRgjf6w5uIfHkSPemBibk,Organism,"Jordan F",https://open.spotify.com/track/3DRgjf6w5uIfHkSPemBibk,spotify:track:3DRgjf6w5uIfHkSPemBibk
2wF0A2dhBasy3a4Dd7qS2L,Energy,"Jordan F",https://open.spotify.com/track/2wF0A2dhBasy3a4Dd7qS2L,spotify:track:2wF0A2dhBasy3a4Dd7qS2L
7uQEET684GGWqHd2gARgTx,"The Blight","Jordan F",https://open.spotify.com/track/7uQEET684GGWqHd2gARgTx,spotify:track:7uQEET684GGWqHd2gARgTx
634EnmjsTLW2ph1lR4S3T3,"Night Breed","Jordan F",https://open.spotify.com/track/634EnmjsTLW2ph1lR4S3T3,spotify:track:634EnmjsTLW2ph1lR4S3T3
20hJ7OoGU6BRa6f7EkZKK7,Sanctuary,"Jordan F",https://open.spotify.com/track/20hJ7OoGU6BRa6f7EkZKK7,spotify:track:20hJ7OoGU6BRa6f7EkZKK7
1CZoAZi0RlT7GHATm2Pctr,"The Chasm","Jordan F",https://open.spotify.com/track/1CZoAZi0RlT7GHATm2Pctr,spotify:track:1CZoAZi0RlT7GHATm2Pctr
5mingclVyvC4OztrDo8OzE,Overdrive,"Jordan F",https://open.spotify.com/track/5mingclVyvC4OztrDo8OzE,spotify:track:5mingclVyvC4OztrDo8OzE
4uc6K7Aj0ITh6nmbxFj0Ez,Labyrinth,"Jordan F",https://open.spotify.com/track/4uc6K7Aj0ITh6nmbxFj0Ez,spotify:track:4uc6K7Aj0ITh6nmbxFj0Ez
2ewvKapM7AtD3ADdj7TCaM,"Let’s Cruise","Jordan F",https://open.spotify.com/track/2ewvKapM7AtD3ADdj7TCaM,spotify:track:2ewvKapM7AtD3ADdj7TCaM
6QpiwleV7bkGqTkMp2XtPd,"Mesmerised (feat. Dana Jean Phoenix)","Jordan F,Dana Jean Phoenix",https://open.spotify.com/track/6QpiwleV7bkGqTkMp2XtPd,spotify:track:6QpiwleV7bkGqTkMp2XtPd
41jPGe526XNMfmko3hPsZe,"One Way Ticket","Jordan F",https://open.spotify.com/track/41jPGe526XNMfmko3hPsZe,spotify:track:41jPGe526XNMfmko3hPsZe
0Jv398g9JzwYwtbrEeF8pB,Daydreamer,"Jordan F",https://open.spotify.com/track/0Jv398g9JzwYwtbrEeF8pB,spotify:track:0Jv398g9JzwYwtbrEeF8pB
7uR9VQyJqsKOhXxyKzm3de,"Our Destiny, Above Us","Jordan F",https://open.spotify.com/track/7uR9VQyJqsKOhXxyKzm3de,spotify:track:7uR9VQyJqsKOhXxyKzm3de
0AedYMl2BIMpphQpO38EmQ,"Under the Sun (feat. Le Cassette)","Jordan F,Le Cassette",https://open.spotify.com/track/0AedYMl2BIMpphQpO38EmQ,spotify:track:0AedYMl2BIMpphQpO38EmQ
2qneLuyQKcI2Y5Pp5u6zTQ,"Galaxy Train","Jordan F",https://open.spotify.com/track/2qneLuyQKcI2Y5Pp5u6zTQ,spotify:track:2qneLuyQKcI2Y5Pp5u6zTQ
1JNYWB1GEiMeWOSxGY0byF,Timelines,"Jordan F",https://open.spotify.com/track/1JNYWB1GEiMeWOSxGY0byF,spotify:track:1JNYWB1GEiMeWOSxGY0byF
6muEMEbK3Fk9uUdhDYWqiq,Navigate,Kalax,https://open.spotify.com/track/6muEMEbK3Fk9uUdhDYWqiq,spotify:track:6muEMEbK3Fk9uUdhDYWqiq
1RvLd9BRBqSsLFIbRDDhah,"Take Me Back (feat. World Wild)","Kalax,World Wild",https://open.spotify.com/track/1RvLd9BRBqSsLFIbRDDhah,spotify:track:1RvLd9BRBqSsLFIbRDDhah
3WSjCXcYsajzbRewIXtGgH,Outlands,Kalax,https://open.spotify.com/track/3WSjCXcYsajzbRewIXtGgH,spotify:track:3WSjCXcYsajzbRewIXtGgH
6sQNBxTBNJZ5NVBJ91rnaW,Reset,"Kick Puncher",https://open.spotify.com/track/6sQNBxTBNJZ5NVBJ91rnaW,spotify:track:6sQNBxTBNJZ5NVBJ91rnaW
7AaM3qK1PnqW2JkQxq6TeQ,Resolution,"Kick Puncher",https://open.spotify.com/track/7AaM3qK1PnqW2JkQxq6TeQ,spotify:track:7AaM3qK1PnqW2JkQxq6TeQ
1usxg4F9cnQp6I9ykYxZEW,"Something Else","Kick Puncher",https://open.spotify.com/track/1usxg4F9cnQp6I9ykYxZEW,spotify:track:1usxg4F9cnQp6I9ykYxZEW
5T2lM2r829axVNboY722j0,Redline,Lazerhawk,https://open.spotify.com/track/5T2lM2r829axVNboY722j0,spotify:track:5T2lM2r829axVNboY722j0
3p8GZk4Lcc02CJSSo9q1WV,Overdrive,Lazerhawk,https://open.spotify.com/track/3p8GZk4Lcc02CJSSo9q1WV,spotify:track:3p8GZk4Lcc02CJSSo9q1WV
4fo7zZTzAJd66iUxDQ5xUD,Overdrive,Lazerhawk,https://open.spotify.com/track/4fo7zZTzAJd66iUxDQ5xUD,spotify:track:4fo7zZTzAJd66iUxDQ5xUD
4fo7zZTzAJd66iUxDQ5xUD,Overdrive,Lazerhawk,https://open.spotify.com/track/4fo7zZTzAJd66iUxDQ5xUD,spotify:track:4fo7zZTzAJd66iUxDQ5xUD
4fo7zZTzAJd66iUxDQ5xUD,Overdrive,Lazerhawk,https://open.spotify.com/track/4fo7zZTzAJd66iUxDQ5xUD,spotify:track:4fo7zZTzAJd66iUxDQ5xUD
4fo7zZTzAJd66iUxDQ5xUD,Overdrive,Lazerhawk,https://open.spotify.com/track/4fo7zZTzAJd66iUxDQ5xUD,spotify:track:4fo7zZTzAJd66iUxDQ5xUD
6uPigfYyqYrLvIgxbcJkcU,"Electric Groove",Lazerhawk,https://open.spotify.com/track/6uPigfYyqYrLvIgxbcJkcU,spotify:track:6uPigfYyqYrLvIgxbcJkcU
60PT0caiBCWmyv5ZmmUMHE,"Distress Signal",Lazerhawk,https://open.spotify.com/track/60PT0caiBCWmyv5ZmmUMHE,spotify:track:60PT0caiBCWmyv5ZmmUMHE
1JU1AmEk20bjac5kEdZEsv,"Dream Machine",Lazerhawk,https://open.spotify.com/track/1JU1AmEk20bjac5kEdZEsv,spotify:track:1JU1AmEk20bjac5kEdZEsv
44CRKHUdLplS1YCUrR5DMA,"The Fixx",Lazerhawk,https://open.spotify.com/track/44CRKHUdLplS1YCUrR5DMA,spotify:track:44CRKHUdLplS1YCUrR5DMA
1vqIFfa8EVBVRlbXdQ7vb0,"Pedal To The Metal",Lazerhawk,https://open.spotify.com/track/1vqIFfa8EVBVRlbXdQ7vb0,spotify:track:1vqIFfa8EVBVRlbXdQ7vb0
1NrINzhlysFUwUA6mv37Fd,Interstellar,Lazerhawk,https://open.spotify.com/track/1NrINzhlysFUwUA6mv37Fd,spotify:track:1NrINzhlysFUwUA6mv37Fd
6T5t8MKmjSJpYAqkprFe68,"So Close",Lazerhawk,https://open.spotify.com/track/6T5t8MKmjSJpYAqkprFe68,spotify:track:6T5t8MKmjSJpYAqkprFe68
0iaPYKrqsF9FB3BADlGUN3,Activation,Lazerhawk,https://open.spotify.com/track/0iaPYKrqsF9FB3BADlGUN3,spotify:track:0iaPYKrqsF9FB3BADlGUN3
0LGIEqMP9sc0UqZJ5uk4zF,Arrival,Lazerhawk,https://open.spotify.com/track/0LGIEqMP9sc0UqZJ5uk4zF,spotify:track:0LGIEqMP9sc0UqZJ5uk4zF
3Qnz0h9QoUcqr1webXWbYM,Power,Lazerpunk,https://open.spotify.com/track/3Qnz0h9QoUcqr1webXWbYM,spotify:track:3Qnz0h9QoUcqr1webXWbYM
5839pJyWGLJ2Z9vzTDKG0L,"West Side Lane","Lost Years",https://open.spotify.com/track/5839pJyWGLJ2Z9vzTDKG0L,spotify:track:5839pJyWGLJ2Z9vzTDKG0L
5839pJyWGLJ2Z9vzTDKG0L,"West Side Lane","Lost Years",https://open.spotify.com/track/5839pJyWGLJ2Z9vzTDKG0L,spotify:track:5839pJyWGLJ2Z9vzTDKG0L
5839pJyWGLJ2Z9vzTDKG0L,"West Side Lane","Lost Years",https://open.spotify.com/track/5839pJyWGLJ2Z9vzTDKG0L,spotify:track:5839pJyWGLJ2Z9vzTDKG0L
5839pJyWGLJ2Z9vzTDKG0L,"West Side Lane","Lost Years",https://open.spotify.com/track/5839pJyWGLJ2Z9vzTDKG0L,spotify:track:5839pJyWGLJ2Z9vzTDKG0L
7I8Wo2RzCDYmR1Mcb5mJ9T,"Lueur Verte's Theme","Lueur Verte",https://open.spotify.com/track/7I8Wo2RzCDYmR1Mcb5mJ9T,spotify:track:7I8Wo2RzCDYmR1Mcb5mJ9T
09tYmslGQcdvvEJzqFc4xa,Reborn,"Magic Sword",https://open.spotify.com/track/09tYmslGQcdvvEJzqFc4xa,spotify:track:09tYmslGQcdvvEJzqFc4xa
09VdDuwJXab8rFulBDPdfJ,"The Beginning","Magic Sword",https://open.spotify.com/track/09VdDuwJXab8rFulBDPdfJ,spotify:track:09VdDuwJXab8rFulBDPdfJ
0SFIwGUQ0DxotsMMtYuN50,"Sword of Truth","Magic Sword",https://open.spotify.com/track/0SFIwGUQ0DxotsMMtYuN50,spotify:track:0SFIwGUQ0DxotsMMtYuN50
4xf2RinbTfguLuPHcPM4U3,"Kill Them All","Magic Sword",https://open.spotify.com/track/4xf2RinbTfguLuPHcPM4U3,spotify:track:4xf2RinbTfguLuPHcPM4U3
3YaKcyERsq3gFzdF1jaSi2,"In The Face Of Evil","Magic Sword",https://open.spotify.com/track/3YaKcyERsq3gFzdF1jaSi2,spotify:track:3YaKcyERsq3gFzdF1jaSi2
2L1Em2IyTUDNzNWGgwnAKG,Retrogram,"Magic Sword",https://open.spotify.com/track/2L1Em2IyTUDNzNWGgwnAKG,spotify:track:2L1Em2IyTUDNzNWGgwnAKG
0NYmJT0Mm6R3d9pqPvFcqD,Discover,"Magic Sword",https://open.spotify.com/track/0NYmJT0Mm6R3d9pqPvFcqD,spotify:track:0NYmJT0Mm6R3d9pqPvFcqD
3XqCDXHzP3eg9CkttUUth7,Battlefield,"Magic Sword",https://open.spotify.com/track/3XqCDXHzP3eg9CkttUUth7,spotify:track:3XqCDXHzP3eg9CkttUUth7
10Pttzfpf1bCXcjXhNPFrd,Infinite,"Magic Sword",https://open.spotify.com/track/10Pttzfpf1bCXcjXhNPFrd,spotify:track:10Pttzfpf1bCXcjXhNPFrd
3RQgo68rqKO4qdFH7HMClr,"Retrogram - Scattle Remix","Magic Sword",https://open.spotify.com/track/3RQgo68rqKO4qdFH7HMClr,spotify:track:3RQgo68rqKO4qdFH7HMClr
4VE9tKp0e0ozoQyVY31OJT,"Sword Of Truth - Street Fever Remix","Magic Sword",https://open.spotify.com/track/4VE9tKp0e0ozoQyVY31OJT,spotify:track:4VE9tKp0e0ozoQyVY31OJT
1gCd3CXppXSYCIM4SNAMmR,"System Override","Makeup And Vanity Set",https://open.spotify.com/track/1gCd3CXppXSYCIM4SNAMmR,spotify:track:1gCd3CXppXSYCIM4SNAMmR
02bmTwvWeC8lq2fLCoMQfj,Fallout,Mantus,https://open.spotify.com/track/02bmTwvWeC8lq2fLCoMQfj,spotify:track:02bmTwvWeC8lq2fLCoMQfj
3kbvQubqaMLVRqZs0DKFJ4,"Gundam 2077",Mantus,https://open.spotify.com/track/3kbvQubqaMLVRqZs0DKFJ4,spotify:track:3kbvQubqaMLVRqZs0DKFJ4
0XuZYiEQaHPsoO7gOpsw7P,"City Streets",Mantus,https://open.spotify.com/track/0XuZYiEQaHPsoO7gOpsw7P,spotify:track:0XuZYiEQaHPsoO7gOpsw7P
4sKBWPGAwmK52ndFNbi89V,Replicants,Mantus,https://open.spotify.com/track/4sKBWPGAwmK52ndFNbi89V,spotify:track:4sKBWPGAwmK52ndFNbi89V
6JOvY54rHCSdpCgxVUSj23,"Maze Runner",Mantus,https://open.spotify.com/track/6JOvY54rHCSdpCgxVUSj23,spotify:track:6JOvY54rHCSdpCgxVUSj23
25lQveHuoaemixAFt1AVwO,Robocop,Mantus,https://open.spotify.com/track/25lQveHuoaemixAFt1AVwO,spotify:track:25lQveHuoaemixAFt1AVwO
5mlgL1BltXSlccsz531D9D,Dreamshifter,Mantus,https://open.spotify.com/track/5mlgL1BltXSlccsz531D9D,spotify:track:5mlgL1BltXSlccsz531D9D
3Y12796SB9iVOV2w8e76d7,"Heroes Walk Alone",Maxthor,https://open.spotify.com/track/3Y12796SB9iVOV2w8e76d7,spotify:track:3Y12796SB9iVOV2w8e76d7
3jjSGT60gUZNd3GVBkfLCn,"I Am the Program (Perturbator Remix)","Mega Drive",https://open.spotify.com/track/3jjSGT60gUZNd3GVBkfLCn,spotify:track:3jjSGT60gUZNd3GVBkfLCn
7kbLgu3ZU8wdigWyxtqOAB,Converter,"Mega Drive",https://open.spotify.com/track/7kbLgu3ZU8wdigWyxtqOAB,spotify:track:7kbLgu3ZU8wdigWyxtqOAB
7Ill2J98ACY5GOR0JMtpzQ,"Digital Ghost","Mega Drive",https://open.spotify.com/track/7Ill2J98ACY5GOR0JMtpzQ,spotify:track:7Ill2J98ACY5GOR0JMtpzQ
11p60pDmNnkJnq7IbP4hXi,"Escape the Fate",Meteor,https://open.spotify.com/track/11p60pDmNnkJnq7IbP4hXi,spotify:track:11p60pDmNnkJnq7IbP4hXi
6co9n4pokpL0M31gAjcK5k,Defender,Meteor,https://open.spotify.com/track/6co9n4pokpL0M31gAjcK5k,spotify:track:6co9n4pokpL0M31gAjcK5k
4Ct71cFMTrnOIRr7jU0vbt,"White Crows",Meteor,https://open.spotify.com/track/4Ct71cFMTrnOIRr7jU0vbt,spotify:track:4Ct71cFMTrnOIRr7jU0vbt
4wnaSDVhhr8ca6kqJtdkbc,"The World I Left Behind",Meteor,https://open.spotify.com/track/4wnaSDVhhr8ca6kqJtdkbc,spotify:track:4wnaSDVhhr8ca6kqJtdkbc
2PZrXkW8QNsJwYdG9lgTmB,"After Hours Run","Mitch Murder",https://open.spotify.com/track/2PZrXkW8QNsJwYdG9lgTmB,spotify:track:2PZrXkW8QNsJwYdG9lgTmB
1xKOvwpCpTMeKSvrlaN7qY,"Coup de Théâtre","Mitch Murder",https://open.spotify.com/track/1xKOvwpCpTMeKSvrlaN7qY,spotify:track:1xKOvwpCpTMeKSvrlaN7qY
5vJdpqNxiKPINS1mUiRyIV,"Bertone's Theme","Mitch Murder",https://open.spotify.com/track/5vJdpqNxiKPINS1mUiRyIV,spotify:track:5vJdpqNxiKPINS1mUiRyIV
0SrHWJiekjIfV4TH09hm1F,"Square City","Mitch Murder",https://open.spotify.com/track/0SrHWJiekjIfV4TH09hm1F,spotify:track:0SrHWJiekjIfV4TH09hm1F
6IENfL2L5ylT0uH2sZBnvR,"Night Shift","Mitch Murder",https://open.spotify.com/track/6IENfL2L5ylT0uH2sZBnvR,spotify:track:6IENfL2L5ylT0uH2sZBnvR
5uFkLykDNRQ5Mi3ZETxsN9,"Outta Space","Mitch Murder",https://open.spotify.com/track/5uFkLykDNRQ5Mi3ZETxsN9,spotify:track:5uFkLykDNRQ5Mi3ZETxsN9
6cl50ALdSmhAAwjj185Naz,"Altered State","Mitch Murder",https://open.spotify.com/track/6cl50ALdSmhAAwjj185Naz,spotify:track:6cl50ALdSmhAAwjj185Naz
1Q1FionCIj3FZM1ofWSFC0,Hardwired,"Mitch Murder",https://open.spotify.com/track/1Q1FionCIj3FZM1ofWSFC0,spotify:track:1Q1FionCIj3FZM1ofWSFC0
7mhj453d7WWXUPneEuzsHN,"The Raid","Mitch Murder",https://open.spotify.com/track/7mhj453d7WWXUPneEuzsHN,spotify:track:7mhj453d7WWXUPneEuzsHN
4dRylfL2zs9VKmhVzdlPKt,Reconnaissance,"Mitch Murder",https://open.spotify.com/track/4dRylfL2zs9VKmhVzdlPKt,spotify:track:4dRylfL2zs9VKmhVzdlPKt
1WrT5EJnhRr8qme0VSTC6t,Operator,"Mitch Murder",https://open.spotify.com/track/1WrT5EJnhRr8qme0VSTC6t,spotify:track:1WrT5EJnhRr8qme0VSTC6t
6KIRN39yddy7wiJ2VtqbRH,"Don't Call Me Hero","OGRE Sound",https://open.spotify.com/track/6KIRN39yddy7wiJ2VtqbRH,spotify:track:6KIRN39yddy7wiJ2VtqbRH
0hNVNZWDK89J3rEK1R4zgh,"Black Death",Orax,https://open.spotify.com/track/0hNVNZWDK89J3rEK1R4zgh,spotify:track:0hNVNZWDK89J3rEK1R4zgh
7ri5P5qhVBHxjPgn39Cgjb,Frostbite,Oscillian,https://open.spotify.com/track/7ri5P5qhVBHxjPgn39Cgjb,spotify:track:7ri5P5qhVBHxjPgn39Cgjb
7zDQbfuTAFOM58C27tyAW4,"Infinite White",Oscillian,https://open.spotify.com/track/7zDQbfuTAFOM58C27tyAW4,spotify:track:7zDQbfuTAFOM58C27tyAW4
4CDAo4gS85e7V57UqyMfVo,Icebreaker,Oscillian,https://open.spotify.com/track/4CDAo4gS85e7V57UqyMfVo,spotify:track:4CDAo4gS85e7V57UqyMfVo
0IyGMzLC9s4OvClWbxzBqD,Shapeshifter,Oscillian,https://open.spotify.com/track/0IyGMzLC9s4OvClWbxzBqD,spotify:track:0IyGMzLC9s4OvClWbxzBqD
0oB9uvh7bdP180eqZk35CN,"Aurora Australis",Oscillian,https://open.spotify.com/track/0oB9uvh7bdP180eqZk35CN,spotify:track:0oB9uvh7bdP180eqZk35CN
0N6zaifMi09TglUcCSZWka,"Polar Nights",Oscillian,https://open.spotify.com/track/0N6zaifMi09TglUcCSZWka,spotify:track:0N6zaifMi09TglUcCSZWka
6jmsb49jk3TnqEnXXKTQ5Z,"Escape from Antartica","Oscillian,Ultraboss",https://open.spotify.com/track/6jmsb49jk3TnqEnXXKTQ5Z,spotify:track:6jmsb49jk3TnqEnXXKTQ5Z
24mGf7UdHBxnkvqha9w5vW,"The Machine",Oscillian,https://open.spotify.com/track/24mGf7UdHBxnkvqha9w5vW,spotify:track:24mGf7UdHBxnkvqha9w5vW
5qKnSkZCfesPdRrVnFeA4f,"Showdown at Outpost 31",Oscillian,https://open.spotify.com/track/5qKnSkZCfesPdRrVnFeA4f,spotify:track:5qKnSkZCfesPdRrVnFeA4f
72eu6vomFqiX2d65Ri7nHX,"Trapped in the Ice",Oscillian,https://open.spotify.com/track/72eu6vomFqiX2d65Ri7nHX,spotify:track:72eu6vomFqiX2d65Ri7nHX
5cIQk7GTdkpL274uMaqjeo,Antarctica,"Oscillian,Europaweite Aussichten",https://open.spotify.com/track/5cIQk7GTdkpL274uMaqjeo,spotify:track:5cIQk7GTdkpL274uMaqjeo
20ztml2STRF7Sq1UaBB6ox,"Future Club",Perturbator,https://open.spotify.com/track/20ztml2STRF7Sq1UaBB6ox,spotify:track:20ztml2STRF7Sq1UaBB6ox
20ztml2STRF7Sq1UaBB6ox,"Future Club",Perturbator,https://open.spotify.com/track/20ztml2STRF7Sq1UaBB6ox,spotify:track:20ztml2STRF7Sq1UaBB6ox
20ztml2STRF7Sq1UaBB6ox,"Future Club",Perturbator,https://open.spotify.com/track/20ztml2STRF7Sq1UaBB6ox,spotify:track:20ztml2STRF7Sq1UaBB6ox
20ztml2STRF7Sq1UaBB6ox,"Future Club",Perturbator,https://open.spotify.com/track/20ztml2STRF7Sq1UaBB6ox,spotify:track:20ztml2STRF7Sq1UaBB6ox
02FPjj5HyCRQMbE3egggh6,"Birth of the New Model",Perturbator,https://open.spotify.com/track/02FPjj5HyCRQMbE3egggh6,spotify:track:02FPjj5HyCRQMbE3egggh6
5tnvEAyp1VgyaIaPAOIqiW,"Tactical Precision Disarray",Perturbator,https://open.spotify.com/track/5tnvEAyp1VgyaIaPAOIqiW,spotify:track:5tnvEAyp1VgyaIaPAOIqiW
3ma4i9RZ4CaQ7UE01XVMZQ,Vantablack,Perturbator,https://open.spotify.com/track/3ma4i9RZ4CaQ7UE01XVMZQ,spotify:track:3ma4i9RZ4CaQ7UE01XVMZQ
7hgiddHgvplHpprfDdX0mU,"Tainted Empire",Perturbator,https://open.spotify.com/track/7hgiddHgvplHpprfDdX0mU,spotify:track:7hgiddHgvplHpprfDdX0mU
4ck5sxsVVOxOhqgaKf6RId,"Corrupted by Design",Perturbator,https://open.spotify.com/track/4ck5sxsVVOxOhqgaKf6RId,spotify:track:4ck5sxsVVOxOhqgaKf6RId
4m4Yj2z7CG1LUNbcg1uOP3,"God Complex",Perturbator,https://open.spotify.com/track/4m4Yj2z7CG1LUNbcg1uOP3,spotify:track:4m4Yj2z7CG1LUNbcg1uOP3
2yOhhpMB3f8lU19bhV6a6C,"Neo Tokyo",Perturbator,https://open.spotify.com/track/2yOhhpMB3f8lU19bhV6a6C,spotify:track:2yOhhpMB3f8lU19bhV6a6C
3mkmYW83LyzyZd60PBKV0q,"Weapons for Children",Perturbator,https://open.spotify.com/track/3mkmYW83LyzyZd60PBKV0q,spotify:track:3mkmYW83LyzyZd60PBKV0q
5Pzy7ts3FbpKU5pD7XmkHs,"Death Squad",Perturbator,https://open.spotify.com/track/5Pzy7ts3FbpKU5pD7XmkHs,spotify:track:5Pzy7ts3FbpKU5pD7XmkHs
0MabrxpL9vrCJeOjGMnGgM,"Venger (feat. Greta Link)","Perturbator,Greta Link",https://open.spotify.com/track/0MabrxpL9vrCJeOjGMnGgM,spotify:track:0MabrxpL9vrCJeOjGMnGgM
1JHyMj9kfFzpcHBzbAa7YA,"Disco Inferno",Perturbator,https://open.spotify.com/track/1JHyMj9kfFzpcHBzbAa7YA,spotify:track:1JHyMj9kfFzpcHBzbAa7YA
3C8fGIzU6YJ04DQ9H7jvGH,"She Moves Like a Knife",Perturbator,https://open.spotify.com/track/3C8fGIzU6YJ04DQ9H7jvGH,spotify:track:3C8fGIzU6YJ04DQ9H7jvGH
5jz2XYi3qJC3nN62FW1PUp,"Sentient (feat. Hayley Stewart)","Perturbator,Hayley Stewart",https://open.spotify.com/track/5jz2XYi3qJC3nN62FW1PUp,spotify:track:5jz2XYi3qJC3nN62FW1PUp
5l5kbM9gJWT3PEkWCUXvlk,"Diabolus Ex Machina",Perturbator,https://open.spotify.com/track/5l5kbM9gJWT3PEkWCUXvlk,spotify:track:5l5kbM9gJWT3PEkWCUXvlk
3u2HEqiipqnV1jUTukfahS,Assault,Perturbator,https://open.spotify.com/track/3u2HEqiipqnV1jUTukfahS,spotify:track:3u2HEqiipqnV1jUTukfahS
5tUwEDJFvZF0pfACkBGfbi,"The Cult of 2112",Perturbator,https://open.spotify.com/track/5tUwEDJFvZF0pfACkBGfbi,spotify:track:5tUwEDJFvZF0pfACkBGfbi
3z1jIn3ybm4jDm9JPeZQNK,"Souls at Zero (feat. Astronoid)","Perturbator,Astronoid",https://open.spotify.com/track/3z1jIn3ybm4jDm9JPeZQNK,spotify:track:3z1jIn3ybm4jDm9JPeZQNK
1jGL6zAuki7S4f7vtvAtr3,"The Uncanny Valley",Perturbator,https://open.spotify.com/track/1jGL6zAuki7S4f7vtvAtr3,spotify:track:1jGL6zAuki7S4f7vtvAtr3
13DiH0armXefeEhKNBb4UQ,"Beyond the Factory",Phaserland,https://open.spotify.com/track/13DiH0armXefeEhKNBb4UQ,spotify:track:13DiH0armXefeEhKNBb4UQ
1JcwHjETNNbUH0yfrc9w9n,"Power Core","Power Glove",https://open.spotify.com/track/1JcwHjETNNbUH0yfrc9w9n,spotify:track:1JcwHjETNNbUH0yfrc9w9n
1d7b2SoypHGvq1qFnaryXJ,"A Race Against Time",PYLOT,https://open.spotify.com/track/1d7b2SoypHGvq1qFnaryXJ,spotify:track:1d7b2SoypHGvq1qFnaryXJ
09MiUxWgWtsR2ITVEbZsOh,Locke,PYLOT,https://open.spotify.com/track/09MiUxWgWtsR2ITVEbZsOh,spotify:track:09MiUxWgWtsR2ITVEbZsOh
3Lo5rN4iogj0wjnlgLPQui,Locke,PYLOT,https://open.spotify.com/track/3Lo5rN4iogj0wjnlgLPQui,spotify:track:3Lo5rN4iogj0wjnlgLPQui
5GW4OV86L01biK8qtOZBuq,"Running Wild","Robert Parker",https://open.spotify.com/track/5GW4OV86L01biK8qtOZBuq,spotify:track:5GW4OV86L01biK8qtOZBuq
5GW4OV86L01biK8qtOZBuq,"Running Wild","Robert Parker",https://open.spotify.com/track/5GW4OV86L01biK8qtOZBuq,spotify:track:5GW4OV86L01biK8qtOZBuq
5GW4OV86L01biK8qtOZBuq,"Running Wild","Robert Parker",https://open.spotify.com/track/5GW4OV86L01biK8qtOZBuq,spotify:track:5GW4OV86L01biK8qtOZBuq
5GW4OV86L01biK8qtOZBuq,"Running Wild","Robert Parker",https://open.spotify.com/track/5GW4OV86L01biK8qtOZBuq,spotify:track:5GW4OV86L01biK8qtOZBuq
45dFQXHoKs323KowLP8a8z,"Sweet Nothings","Robert Parker",https://open.spotify.com/track/45dFQXHoKs323KowLP8a8z,spotify:track:45dFQXHoKs323KowLP8a8z
45dFQXHoKs323KowLP8a8z,"Sweet Nothings","Robert Parker",https://open.spotify.com/track/45dFQXHoKs323KowLP8a8z,spotify:track:45dFQXHoKs323KowLP8a8z
45dFQXHoKs323KowLP8a8z,"Sweet Nothings","Robert Parker",https://open.spotify.com/track/45dFQXHoKs323KowLP8a8z,spotify:track:45dFQXHoKs323KowLP8a8z
45dFQXHoKs323KowLP8a8z,"Sweet Nothings","Robert Parker",https://open.spotify.com/track/45dFQXHoKs323KowLP8a8z,spotify:track:45dFQXHoKs323KowLP8a8z
5frbS8vw1ROTfwZHJx9wDZ,Rendezvous,Scandroid,https://open.spotify.com/track/5frbS8vw1ROTfwZHJx9wDZ,spotify:track:5frbS8vw1ROTfwZHJx9wDZ
1ptz9ZyVIfxonmgtpYiXAj,"Regain Control",Shirobon,https://open.spotify.com/track/1ptz9ZyVIfxonmgtpYiXAj,spotify:track:1ptz9ZyVIfxonmgtpYiXAj
1QZpzK0lKq1QI3iRBPFCs9,"Impact of TY-77",Shirobon,https://open.spotify.com/track/1QZpzK0lKq1QI3iRBPFCs9,spotify:track:1QZpzK0lKq1QI3iRBPFCs9
3KRBoGJHOyqNaCEhCDJj4I,Manuals,Starcadian,https://open.spotify.com/track/3KRBoGJHOyqNaCEhCDJj4I,spotify:track:3KRBoGJHOyqNaCEhCDJj4I
1kZpsxUzgCGPuNzjgCYBJ4,"Famvs (Alternate Version)",Starcadian,https://open.spotify.com/track/1kZpsxUzgCGPuNzjgCYBJ4,spotify:track:1kZpsxUzgCGPuNzjgCYBJ4
6nlfPBWYcdFwxM0NZJzE8n,"Freak Night (Single Mix Remaster)",Starcadian,https://open.spotify.com/track/6nlfPBWYcdFwxM0NZJzE8n,spotify:track:6nlfPBWYcdFwxM0NZJzE8n
4quEnq53y9XiUjyfsTscS0,"New Cydonia (Alternate Version)",Starcadian,https://open.spotify.com/track/4quEnq53y9XiUjyfsTscS0,spotify:track:4quEnq53y9XiUjyfsTscS0
7to2lN011RqrRP1TeVWk60,"Odyssey Overture (Original Soundtrack)",Starcadian,https://open.spotify.com/track/7to2lN011RqrRP1TeVWk60,spotify:track:7to2lN011RqrRP1TeVWk60
5XPuE5cjEUhlkajjPh69g9,"Ramps! Walls! Shields! (Instrumental Version)",Starcadian,https://open.spotify.com/track/5XPuE5cjEUhlkajjPh69g9,spotify:track:5XPuE5cjEUhlkajjPh69g9
2DYo0MueuCUsLifMnpIPgF,"Trick or Meat Theme (Original Soundtrack)",Starcadian,https://open.spotify.com/track/2DYo0MueuCUsLifMnpIPgF,spotify:track:2DYo0MueuCUsLifMnpIPgF
0ViVqX6QDJKUD2sDKYDint,Interspace,Starcadian,https://open.spotify.com/track/0ViVqX6QDJKUD2sDKYDint,spotify:track:0ViVqX6QDJKUD2sDKYDint
1bI3JK73e2JM86XeS86pGO,Famvs,Starcadian,https://open.spotify.com/track/1bI3JK73e2JM86XeS86pGO,spotify:track:1bI3JK73e2JM86XeS86pGO
01EQq1Q7USOGkYShET3GLH,"Night Games",Starcadian,https://open.spotify.com/track/01EQq1Q7USOGkYShET3GLH,spotify:track:01EQq1Q7USOGkYShET3GLH
70CUvpxjYTqN72XyvSzNYT,"Freak Night",Starcadian,https://open.spotify.com/track/70CUvpxjYTqN72XyvSzNYT,spotify:track:70CUvpxjYTqN72XyvSzNYT
6zeAe94aC36a94QS0VhZJM,"New Cydonia (feat. Hayley)","Starcadian,HAYLEY",https://open.spotify.com/track/6zeAe94aC36a94QS0VhZJM,spotify:track:6zeAe94aC36a94QS0VhZJM
4nMggpnbvfo10j4zJflt9z,"The Fury",Starcadian,https://open.spotify.com/track/4nMggpnbvfo10j4zJflt9z,spotify:track:4nMggpnbvfo10j4zJflt9z
7IPUstAGVn0zZLwOHjHGsD,"Trapped in America",Starcadian,https://open.spotify.com/track/7IPUstAGVn0zZLwOHjHGsD,spotify:track:7IPUstAGVn0zZLwOHjHGsD
36uOuraWPctAjcWQanirlv,"Ronnie (Album Mix)",Starcadian,https://open.spotify.com/track/36uOuraWPctAjcWQanirlv,spotify:track:36uOuraWPctAjcWQanirlv
2iSza62Zgs2mkwLqHDZOy1,Chinatown,Starcadian,https://open.spotify.com/track/2iSza62Zgs2mkwLqHDZOy1,spotify:track:2iSza62Zgs2mkwLqHDZOy1
6DbYI3VnTr4W5sadkxlpB1,"Sgt. Tagowski",Starcadian,https://open.spotify.com/track/6DbYI3VnTr4W5sadkxlpB1,spotify:track:6DbYI3VnTr4W5sadkxlpB1
5bYAmJXCY9BRq7yaZoaZqR,"Spectrum Line",Starcadian,https://open.spotify.com/track/5bYAmJXCY9BRq7yaZoaZqR,spotify:track:5bYAmJXCY9BRq7yaZoaZqR
21ZKndHj8ne3qCcKjDSPwS,Lovetop,Starcadian,https://open.spotify.com/track/21ZKndHj8ne3qCcKjDSPwS,spotify:track:21ZKndHj8ne3qCcKjDSPwS
3XI7RerqK99OZfigU5N5Ca,Supersymmetry,Starcadian,https://open.spotify.com/track/3XI7RerqK99OZfigU5N5Ca,spotify:track:3XI7RerqK99OZfigU5N5Ca
2QnQRINiTs7VeeyXA1l59N,Waters,Starcadian,https://open.spotify.com/track/2QnQRINiTs7VeeyXA1l59N,spotify:track:2QnQRINiTs7VeeyXA1l59N
60CSMyDZZpD45i88INHoax,"Pompey Pirate",Starcadian,https://open.spotify.com/track/60CSMyDZZpD45i88INHoax,spotify:track:60CSMyDZZpD45i88INHoax
1xtNh41bm8xGjWd3IvNJUA,"Game of Thrones Main Theme (80's Version)","Steve Duzz",https://open.spotify.com/track/1xtNh41bm8xGjWd3IvNJUA,spotify:track:1xtNh41bm8xGjWd3IvNJUA
4VeomgFXLorXZWFPfMKPSh,Resistor,"Street Fever",https://open.spotify.com/track/4VeomgFXLorXZWFPfMKPSh,spotify:track:4VeomgFXLorXZWFPfMKPSh
1fY4jpyhySJcQcY9Tw7JbI,"Opening Title Sequence","Sunset Neon",https://open.spotify.com/track/1fY4jpyhySJcQcY9Tw7JbI,spotify:track:1fY4jpyhySJcQcY9Tw7JbI
6gKJCd9tbRvx2UaX2G3K3t,"Got You","Sunset Neon",https://open.spotify.com/track/6gKJCd9tbRvx2UaX2G3K3t,spotify:track:6gKJCd9tbRvx2UaX2G3K3t
65tchWEp2jWJWmVVDCJqLq,"Lazer Pink","Sunset Neon",https://open.spotify.com/track/65tchWEp2jWJWmVVDCJqLq,spotify:track:65tchWEp2jWJWmVVDCJqLq
61o43SEnbo1ZEfPMXez75m,"Never Dance Again","Sunset Neon,Blue Stahli",https://open.spotify.com/track/61o43SEnbo1ZEfPMXez75m,spotify:track:61o43SEnbo1ZEfPMXez75m
5sldKtKZFbrEf2P3IkGGud,Everything,"Sunset Neon",https://open.spotify.com/track/5sldKtKZFbrEf2P3IkGGud,spotify:track:5sldKtKZFbrEf2P3IkGGud
7gVCzkuVFyN1YmiOfrrSVR,Tonight,"Sunset Neon",https://open.spotify.com/track/7gVCzkuVFyN1YmiOfrrSVR,spotify:track:7gVCzkuVFyN1YmiOfrrSVR
0w7cYfr5Ac3BChb7lDRtKF,Kiss,"Sunset Neon",https://open.spotify.com/track/0w7cYfr5Ac3BChb7lDRtKF,spotify:track:0w7cYfr5Ac3BChb7lDRtKF
34Ajl9IHwqI7GsZzfee72Q,"Metrocenter 84","Sunset Neon",https://open.spotify.com/track/34Ajl9IHwqI7GsZzfee72Q,spotify:track:34Ajl9IHwqI7GsZzfee72Q
4JErmRV9ayVTUqQLaadCmu,"Got You - Instrumental","Sunset Neon",https://open.spotify.com/track/4JErmRV9ayVTUqQLaadCmu,spotify:track:4JErmRV9ayVTUqQLaadCmu
3CRtzBBWtzYQie9b2XUPq1,"Never Dance Again - Instrumental","Sunset Neon,Blue Stahli",https://open.spotify.com/track/3CRtzBBWtzYQie9b2XUPq1,spotify:track:3CRtzBBWtzYQie9b2XUPq1
7AkCmZEmHmDTxCEH90eUvI,"Everything - Instrumental","Sunset Neon",https://open.spotify.com/track/7AkCmZEmHmDTxCEH90eUvI,spotify:track:7AkCmZEmHmDTxCEH90eUvI
0hSX0J6PgUZer7sAJ1fWa0,"Strut - Instrumental","Sunset Neon",https://open.spotify.com/track/0hSX0J6PgUZer7sAJ1fWa0,spotify:track:0hSX0J6PgUZer7sAJ1fWa0
7nKGsaN3HRmLx86pMoiPO8,"You Are the Sun - Instrumental","Sunset Neon",https://open.spotify.com/track/7nKGsaN3HRmLx86pMoiPO8,spotify:track:7nKGsaN3HRmLx86pMoiPO8
6yNNWDabSsgRNfM4kmrvtl,"Starlight - Instrumental","Sunset Neon",https://open.spotify.com/track/6yNNWDabSsgRNfM4kmrvtl,spotify:track:6yNNWDabSsgRNfM4kmrvtl
2b4GhgA9GCUANZPQHIAMNR,"Tonight - Instrumental","Sunset Neon",https://open.spotify.com/track/2b4GhgA9GCUANZPQHIAMNR,spotify:track:2b4GhgA9GCUANZPQHIAMNR
35mygRVud8PSir8MDNgOpv,"Kiss - Instrumental","Sunset Neon",https://open.spotify.com/track/35mygRVud8PSir8MDNgOpv,spotify:track:35mygRVud8PSir8MDNgOpv
5rCau58C5RBfchuZe5bfaN,"After Hours - Instrumental","Sunset Neon",https://open.spotify.com/track/5rCau58C5RBfchuZe5bfaN,spotify:track:5rCau58C5RBfchuZe5bfaN
2SkAKJcwOkVbnSH8njtVw5,"Dreams (feat. Dana Jean Phoenix)","Timecop1983,Dana Jean Phoenix",https://open.spotify.com/track/2SkAKJcwOkVbnSH8njtVw5,spotify:track:2SkAKJcwOkVbnSH8njtVw5
6COsFwxCkIpXBYw4iiVWH4,"On the Run",Timecop1983,https://open.spotify.com/track/6COsFwxCkIpXBYw4iiVWH4,spotify:track:6COsFwxCkIpXBYw4iiVWH4
0Vj2je2PLl1TU78DAMArat,"Back to You","Timecop1983,The Bad Dreamers",https://open.spotify.com/track/0Vj2je2PLl1TU78DAMArat,spotify:track:0Vj2je2PLl1TU78DAMArat
4Nbe5qZeKbKOXmlYTSGvTR,"Neon Lights","Timecop1983,Josh Dally",https://open.spotify.com/track/4Nbe5qZeKbKOXmlYTSGvTR,spotify:track:4Nbe5qZeKbKOXmlYTSGvTR
4Kr0ODErQN7TpyFvc7BxUg,"Too Late","Timecop1983,LeBrock",https://open.spotify.com/track/4Kr0ODErQN7TpyFvc7BxUg,spotify:track:4Kr0ODErQN7TpyFvc7BxUg
10i63THcQNc207P0o9HNRD,Skylines,Timecop1983,https://open.spotify.com/track/10i63THcQNc207P0o9HNRD,spotify:track:10i63THcQNc207P0o9HNRD
4a49PDoDgb7IiQtoxjuUXK,Tokyo,"Timecop1983,Kinnie Lane",https://open.spotify.com/track/4a49PDoDgb7IiQtoxjuUXK,spotify:track:4a49PDoDgb7IiQtoxjuUXK
715mzRnO46sUW5P9ebzzMn,"It Was Only a Dream",Timecop1983,https://open.spotify.com/track/715mzRnO46sUW5P9ebzzMn,spotify:track:715mzRnO46sUW5P9ebzzMn
3qZbVoYH2Jg8UsKfGBWJEI,"Don't Let Go (feat. Dana Jean Phoenix)","Timecop1983,Dana Jean Phoenix",https://open.spotify.com/track/3qZbVoYH2Jg8UsKfGBWJEI,spotify:track:3qZbVoYH2Jg8UsKfGBWJEI
4hP5zWnPrkXHa2b15ChY8X,"New Horizons",Timecop1983,https://open.spotify.com/track/4hP5zWnPrkXHa2b15ChY8X,spotify:track:4hP5zWnPrkXHa2b15ChY8X
3AFXi6jby1KsTbNoPiXmuz,"Yakuza (feat. Alex & Ultraboss)","TOKYO ROSE,ALEX,Ultraboss",https://open.spotify.com/track/3AFXi6jby1KsTbNoPiXmuz,spotify:track:3AFXi6jby1KsTbNoPiXmuz
1VPKBvFizu4bV9oV4dzgtE,"Celestial Breakdown",Tonebox,https://open.spotify.com/track/1VPKBvFizu4bV9oV4dzgtE,spotify:track:1VPKBvFizu4bV9oV4dzgtE
6ZIh911697qmmaQS629xf2,"Space Legionnaire",Tonebox,https://open.spotify.com/track/6ZIh911697qmmaQS629xf2,spotify:track:6ZIh911697qmmaQS629xf2
5T2kTt1lS6Oi7OvsX32tWa,Streetfire,Turboslash,https://open.spotify.com/track/5T2kTt1lS6Oi7OvsX32tWa,spotify:track:5T2kTt1lS6Oi7OvsX32tWa
6fZiPyBRZG5Z0CeEVm8e9s,Drug,Turboslash,https://open.spotify.com/track/6fZiPyBRZG5Z0CeEVm8e9s,spotify:track:6fZiPyBRZG5Z0CeEVm8e9s
4MsrcpmcxxPRfOZaerozlP,Data_collapse,Turboslash,https://open.spotify.com/track/4MsrcpmcxxPRfOZaerozlP,spotify:track:4MsrcpmcxxPRfOZaerozlP
2DsUwxbx8hbtHWN4QtrKCo,Rush!,Turboslash,https://open.spotify.com/track/2DsUwxbx8hbtHWN4QtrKCo,spotify:track:2DsUwxbx8hbtHWN4QtrKCo
4fiGY46RROXf7FfY4UaX8K,"Lost Connection",Turboslash,https://open.spotify.com/track/4fiGY46RROXf7FfY4UaX8K,spotify:track:4fiGY46RROXf7FfY4UaX8K
0Tei7uxFyj9zCcV20xhZRH,"Memory Reset",Turboslash,https://open.spotify.com/track/0Tei7uxFyj9zCcV20xhZRH,spotify:track:0Tei7uxFyj9zCcV20xhZRH
09DPLrXQfLpQsImPCTITMf,R.E.D.M,"VHS Dreams",https://open.spotify.com/track/09DPLrXQfLpQsImPCTITMf,spotify:track:09DPLrXQfLpQsImPCTITMf
451lKXHLhoY4sRNiWENnh7,"City Limits","Virtual Vice",https://open.spotify.com/track/451lKXHLhoY4sRNiWENnh7,spotify:track:451lKXHLhoY4sRNiWENnh7
6vvLjmS2C5UjUonFqtV2KT,"Summer Dreams","Virtual Vice,JJ Mist",https://open.spotify.com/track/6vvLjmS2C5UjUonFqtV2KT,spotify:track:6vvLjmS2C5UjUonFqtV2KT
7IIhr0U5h7StXJuOTIirSg,"Black Rose - Remastered","Virtual Vice",https://open.spotify.com/track/7IIhr0U5h7StXJuOTIirSg,spotify:track:7IIhr0U5h7StXJuOTIirSg
2SXQ4ka1mly9RUNsGNK6rq,"The Duel","Volkor X",https://open.spotify.com/track/2SXQ4ka1mly9RUNsGNK6rq,spotify:track:2SXQ4ka1mly9RUNsGNK6rq
12LMXRIiylcuOZH1gUxG6r,Centaur,"Volkor X",https://open.spotify.com/track/12LMXRIiylcuOZH1gUxG6r,spotify:track:12LMXRIiylcuOZH1gUxG6r
1EHLVJJ55rKuXBsHoOgh0Y,"Heart Wired","Volkor X",https://open.spotify.com/track/1EHLVJJ55rKuXBsHoOgh0Y,spotify:track:1EHLVJJ55rKuXBsHoOgh0Y
4HZ2l6mVFC03ZwUUNuPSCT,Kernel,"Volkor X",https://open.spotify.com/track/4HZ2l6mVFC03ZwUUNuPSCT,spotify:track:4HZ2l6mVFC03ZwUUNuPSCT
3excQVD1A2uYTrk8pqZsZQ,Stratos,"Volkor X,Feather",https://open.spotify.com/track/3excQVD1A2uYTrk8pqZsZQ,spotify:track:3excQVD1A2uYTrk8pqZsZQ
3FiHvwC9aGnyUURtHBoUIY,Beam,"Volkor X",https://open.spotify.com/track/3FiHvwC9aGnyUURtHBoUIY,spotify:track:3FiHvwC9aGnyUURtHBoUIY
14TiJQ5aiqtIbOKVHqNMoC,"Crimson Clouds","Volkor X",https://open.spotify.com/track/14TiJQ5aiqtIbOKVHqNMoC,spotify:track:14TiJQ5aiqtIbOKVHqNMoC
71sqGKliKlzfsv15ZlHIUZ,"Shoot Them Up","Volkor X",https://open.spotify.com/track/71sqGKliKlzfsv15ZlHIUZ,spotify:track:71sqGKliKlzfsv15ZlHIUZ
1uLCF6UeibCfIRiUbERjLH,"Atomic Dust","Volkor X",https://open.spotify.com/track/1uLCF6UeibCfIRiUbERjLH,spotify:track:1uLCF6UeibCfIRiUbERjLH
3rAVHiNq7yByqrXkvCW1Sr,"Prelude to War - Hollywood Burns Remix","Volkor X,Hollywood Burns",https://open.spotify.com/track/3rAVHiNq7yByqrXkvCW1Sr,spotify:track:3rAVHiNq7yByqrXkvCW1Sr
6ECNoR3XF4EpYfWM2l44BK,"Masked Death - Electric Dragon Remix","Volkor X,Electric Dragon",https://open.spotify.com/track/6ECNoR3XF4EpYfWM2l44BK,spotify:track:6ECNoR3XF4EpYfWM2l44BK
3ENRjw05RDPGPkHJg4ZnWg,"Run Away - The Algorithm Remix","Volkor X,The Algorithm",https://open.spotify.com/track/3ENRjw05RDPGPkHJg4ZnWg,spotify:track:3ENRjw05RDPGPkHJg4ZnWg
4Yg0R1xLUH4r2PmfmoVr5p,"Beacon - Street Cleaner Remix","Volkor X,Street Cleaner,Dimi Kaye",https://open.spotify.com/track/4Yg0R1xLUH4r2PmfmoVr5p,spotify:track:4Yg0R1xLUH4r2PmfmoVr5p
3jnBiRI9N8TvbjEgUNSve1,"The Bomb - Boucle Infinie Remix","Volkor X,Boucle Infinie",https://open.spotify.com/track/3jnBiRI9N8TvbjEgUNSve1,spotify:track:3jnBiRI9N8TvbjEgUNSve1
3aGPkWXNDJwo95j7YCjN1I,"Hypersleep - Carbon Killer Remix","Volkor X,Carbon Killer",https://open.spotify.com/track/3aGPkWXNDJwo95j7YCjN1I,spotify:track:3aGPkWXNDJwo95j7YCjN1I
0YYMEavaXti3YjCAjrrqED,"Prelude to War","Volkor X",https://open.spotify.com/track/0YYMEavaXti3YjCAjrrqED,spotify:track:0YYMEavaXti3YjCAjrrqED
3srxDJOntDNvtBABte3xT6,"Masked Death","Volkor X",https://open.spotify.com/track/3srxDJOntDNvtBABte3xT6,spotify:track:3srxDJOntDNvtBABte3xT6
7pb0u1Xlfxk4uHriHVRqS4,"Run Away","Volkor X",https://open.spotify.com/track/7pb0u1Xlfxk4uHriHVRqS4,spotify:track:7pb0u1Xlfxk4uHriHVRqS4
18A1NZZZJONnUDNTscC3nX,Beacon,"Volkor X,Dimi Kaye",https://open.spotify.com/track/18A1NZZZJONnUDNTscC3nX,spotify:track:18A1NZZZJONnUDNTscC3nX
5VXF8xdydYBLqDtQ78NuVZ,"The Bomb","Volkor X",https://open.spotify.com/track/5VXF8xdydYBLqDtQ78NuVZ,spotify:track:5VXF8xdydYBLqDtQ78NuVZ
4XxjGxuJxFxG2Nv4M2bNo1,"This Means War","Volkor X,Sylvain Coudret",https://open.spotify.com/track/4XxjGxuJxFxG2Nv4M2bNo1,spotify:track:4XxjGxuJxFxG2Nv4M2bNo1
1kV0iOx5eV1Gyazvuw8Cfi,"Pleasure Operator","Volt Age,Maram el Dsoki",https://open.spotify.com/track/1kV0iOx5eV1Gyazvuw8Cfi,spotify:track:1kV0iOx5eV1Gyazvuw8Cfi
7fN6dQR6QmsTZqStctSXp4,"Peaceful Morning",Waveshaper,https://open.spotify.com/track/7fN6dQR6QmsTZqStctSXp4,spotify:track:7fN6dQR6QmsTZqStctSXp4
5r4Fe0XtKIlUUhoRtUjyrL,"Decoding Myself",Waveshaper,https://open.spotify.com/track/5r4Fe0XtKIlUUhoRtUjyrL,spotify:track:5r4Fe0XtKIlUUhoRtUjyrL
3cA0OVfYDlUSIIX3uD7gYh,Departure,Waveshaper,https://open.spotify.com/track/3cA0OVfYDlUSIIX3uD7gYh,spotify:track:3cA0OVfYDlUSIIX3uD7gYh
1lTzri9dUy7tiUw3zx0l7a,Artifact,Waveshaper,https://open.spotify.com/track/1lTzri9dUy7tiUw3zx0l7a,spotify:track:1lTzri9dUy7tiUw3zx0l7a
3pMDzKrXygK7ctqVehwKXA,"Loader (Interlude)",Waveshaper,https://open.spotify.com/track/3pMDzKrXygK7ctqVehwKXA,spotify:track:3pMDzKrXygK7ctqVehwKXA
1KaYGM2jlnhS8Olqz25Xv8,Legacy,Waveshaper,https://open.spotify.com/track/1KaYGM2jlnhS8Olqz25Xv8,spotify:track:1KaYGM2jlnhS8Olqz25Xv8
67lhaEVjXcWFCIU1tyIa6k,"100 MHz",Waveshaper,https://open.spotify.com/track/67lhaEVjXcWFCIU1tyIa6k,spotify:track:67lhaEVjXcWFCIU1tyIa6k
2KQ1rhFo3P29rrcjXQuDhY,"The Guardian",Waveshaper,https://open.spotify.com/track/2KQ1rhFo3P29rrcjXQuDhY,spotify:track:2KQ1rhFo3P29rrcjXQuDhY
1R21IjCTqEGYcsj3SmrKhl,"Desert Dawn",Waveshaper,https://open.spotify.com/track/1R21IjCTqEGYcsj3SmrKhl,spotify:track:1R21IjCTqEGYcsj3SmrKhl
76xP6htnHTpduHdKNEvjmW,"Let´s Escape Together",Waveshaper,https://open.spotify.com/track/76xP6htnHTpduHdKNEvjmW,spotify:track:76xP6htnHTpduHdKNEvjmW
1iHZwyWrwdLuSZ7gV5xKrh,"Jupiter Hours",Waveshaper,https://open.spotify.com/track/1iHZwyWrwdLuSZ7gV5xKrh,spotify:track:1iHZwyWrwdLuSZ7gV5xKrh
6u6q3ApjpvFFOvfv38EbMg,"The Arena",Waveshaper,https://open.spotify.com/track/6u6q3ApjpvFFOvfv38EbMg,spotify:track:6u6q3ApjpvFFOvfv38EbMg
4vLOyc7frNk3v4pa3Fut3Y,Breakdown,Waveshaper,https://open.spotify.com/track/4vLOyc7frNk3v4pa3Fut3Y,spotify:track:4vLOyc7frNk3v4pa3Fut3Y
4TfRnEnl5WRWwuKJqNZTsD,"Asteroid Field",Waveshaper,https://open.spotify.com/track/4TfRnEnl5WRWwuKJqNZTsD,spotify:track:4TfRnEnl5WRWwuKJqNZTsD
5Wl14836JcLDdLGkRROaNw,"Sarahs Theme",Waveshaper,https://open.spotify.com/track/5Wl14836JcLDdLGkRROaNw,spotify:track:5Wl14836JcLDdLGkRROaNw
1XH55iqg4YQtr0wHWMuMNe,"Midnight Stroll",Waveshaper,https://open.spotify.com/track/1XH55iqg4YQtr0wHWMuMNe,spotify:track:1XH55iqg4YQtr0wHWMuMNe
5JI8g6JZoRzCLjpuQocn8y,"Radio Signal",Waveshaper,https://open.spotify.com/track/5JI8g6JZoRzCLjpuQocn8y,spotify:track:5JI8g6JZoRzCLjpuQocn8y
6hUU5qhxlu5IBzz4h3iPub,"Chasing the Clone of Myself",Waveshaper,https://open.spotify.com/track/6hUU5qhxlu5IBzz4h3iPub,spotify:track:6hUU5qhxlu5IBzz4h3iPub
0CNolXkqcjhUEYdFjFDCy1,"1982 Space Program",Waveshaper,https://open.spotify.com/track/0CNolXkqcjhUEYdFjFDCy1,spotify:track:0CNolXkqcjhUEYdFjFDCy1
46XsvWyt9iQpuqGUqx75Dz,"Space Breaker",Waveshaper,https://open.spotify.com/track/46XsvWyt9iQpuqGUqx75Dz,spotify:track:46XsvWyt9iQpuqGUqx75Dz
5kfeP9IBoMTBuF9oUGjybo,Believe,Waveshaper,https://open.spotify.com/track/5kfeP9IBoMTBuF9oUGjybo,spotify:track:5kfeP9IBoMTBuF9oUGjybo
08d2Aj3GkjLTMoS8txUXQM,"Donnas Dream",Waveshaper,https://open.spotify.com/track/08d2Aj3GkjLTMoS8txUXQM,spotify:track:08d2Aj3GkjLTMoS8txUXQM
2VI67SkM57adPiJJGufzzH,"Our Time (Instrumental)",Waveshaper,https://open.spotify.com/track/2VI67SkM57adPiJJGufzzH,spotify:track:2VI67SkM57adPiJJGufzzH
5GrDCI1xDQdS5Jvrjnjupl,"Stockholm 2358",Waveshaper,https://open.spotify.com/track/5GrDCI1xDQdS5Jvrjnjupl,spotify:track:5GrDCI1xDQdS5Jvrjnjupl
4a6YB7erzbxMfdQP7da421,"Space Romance",Waveshaper,https://open.spotify.com/track/4a6YB7erzbxMfdQP7da421,spotify:track:4a6YB7erzbxMfdQP7da421
3moQFU6ivFGYfsfJi3qgZQ,"The Plan",Waveshaper,https://open.spotify.com/track/3moQFU6ivFGYfsfJi3qgZQ,spotify:track:3moQFU6ivFGYfsfJi3qgZQ
2ni6PhfdWkQh1pXod93Osr,"Main Menu",Waveshaper,https://open.spotify.com/track/2ni6PhfdWkQh1pXod93Osr,spotify:track:2ni6PhfdWkQh1pXod93Osr
0Py3FzGOYBEC0aV5BBY2Mc,"Electric Space Year",Waveshaper,https://open.spotify.com/track/0Py3FzGOYBEC0aV5BBY2Mc,spotify:track:0Py3FzGOYBEC0aV5BBY2Mc
0qfPrUooUKidGC5ymGOHhv,"Deep Circuits",Waveshaper,https://open.spotify.com/track/0qfPrUooUKidGC5ymGOHhv,spotify:track:0qfPrUooUKidGC5ymGOHhv
2nefqDzuvXmMx6Z4acG663,Flow,Waveshaper,https://open.spotify.com/track/2nefqDzuvXmMx6Z4acG663,spotify:track:2nefqDzuvXmMx6Z4acG663
6EnK6UKK3SQJYTj7HAyYm3,"The Year Is 2003",Waveshaper,https://open.spotify.com/track/6EnK6UKK3SQJYTj7HAyYm3,spotify:track:6EnK6UKK3SQJYTj7HAyYm3
7dum8M34QVgp3Ol8cXFpOJ,"1986 Dance Contest",Waveshaper,https://open.spotify.com/track/7dum8M34QVgp3Ol8cXFpOJ,spotify:track:7dum8M34QVgp3Ol8cXFpOJ
3iiOQ1WRgYqtOOso93sl7Q,"Ms 20 + 50",Waveshaper,https://open.spotify.com/track/3iiOQ1WRgYqtOOso93sl7Q,spotify:track:3iiOQ1WRgYqtOOso93sl7Q
7G72rxk1mJLCwiA3EBjhcQ,"Seductive Robot",Waveshaper,https://open.spotify.com/track/7G72rxk1mJLCwiA3EBjhcQ,spotify:track:7G72rxk1mJLCwiA3EBjhcQ
6NNcDY5HRB53p7azhFsy9V,Portal,Waveshaper,https://open.spotify.com/track/6NNcDY5HRB53p7azhFsy9V,spotify:track:6NNcDY5HRB53p7azhFsy9V
7nZi5ZMXRibZfwXAtXwg9K,"Electric Space Year (Moustache Machine Remix)","Waveshaper,Moustache Machine",https://open.spotify.com/track/7nZi5ZMXRibZfwXAtXwg9K,spotify:track:7nZi5ZMXRibZfwXAtXwg9K
7DfMJGXyhIbGQZFCzsj2WB,"Portal (Powernerd Remix)","Waveshaper,Powernerd",https://open.spotify.com/track/7DfMJGXyhIbGQZFCzsj2WB,spotify:track:7DfMJGXyhIbGQZFCzsj2WB
23LQCePVoIPXkMNyrou9Jx,"Stockholm 2358 (Acidulé Remix)","Waveshaper,Acidulé",https://open.spotify.com/track/23LQCePVoIPXkMNyrou9Jx,spotify:track:23LQCePVoIPXkMNyrou9Jx
2f9TDmLw8MP06Gei1GiHju,"The Year Is 2003 (Oscillian Remix)","Waveshaper,Oscillian",https://open.spotify.com/track/2f9TDmLw8MP06Gei1GiHju,spotify:track:2f9TDmLw8MP06Gei1GiHju
1DCMTcVdwJ1QR8tv5DYnyD,"The Plan (Atom Delta Remix)","Waveshaper,Atom Delta",https://open.spotify.com/track/1DCMTcVdwJ1QR8tv5DYnyD,spotify:track:1DCMTcVdwJ1QR8tv5DYnyD
1ZBJ19SoVWUvY399iLxkBp,"Stockholm 2358 (Baldocaster Remix)","Waveshaper,Baldocaster",https://open.spotify.com/track/1ZBJ19SoVWUvY399iLxkBp,spotify:track:1ZBJ19SoVWUvY399iLxkBp
3qLmRoZIMxY7rlAzeOPmRF,"Space Romance (Acidulé Remix)","Waveshaper,Acidulé",https://open.spotify.com/track/3qLmRoZIMxY7rlAzeOPmRF,spotify:track:3qLmRoZIMxY7rlAzeOPmRF
6dmbIwHuyQudnx2cvpP1Dy,"Cyborg Telekinetics",Waveshaper,https://open.spotify.com/track/6dmbIwHuyQudnx2cvpP1Dy,spotify:track:6dmbIwHuyQudnx2cvpP1Dy
47sEliaWcsq4GoPqCclNRZ,"Electrical Feelings",Waveshaper,https://open.spotify.com/track/47sEliaWcsq4GoPqCclNRZ,spotify:track:47sEliaWcsq4GoPqCclNRZ
1nT5BZtR5Cbxn49DJaZ2ZJ,"So French Disco",Waveshaper,https://open.spotify.com/track/1nT5BZtR5Cbxn49DJaZ2ZJ,spotify:track:1nT5BZtR5Cbxn49DJaZ2ZJ
3JaIBcWPNCo0FR1YF8dqFV,"Dangerous Love",Waveshaper,https://open.spotify.com/track/3JaIBcWPNCo0FR1YF8dqFV,spotify:track:3JaIBcWPNCo0FR1YF8dqFV
289G6xkImLM6QtA5TqXLM6,Surveillance,Waveshaper,https://open.spotify.com/track/289G6xkImLM6QtA5TqXLM6,spotify:track:289G6xkImLM6QtA5TqXLM6
4EBWVAg3FJGxTjcDs7Vj7S,"Cabin Fever in Space",Waveshaper,https://open.spotify.com/track/4EBWVAg3FJGxTjcDs7Vj7S,spotify:track:4EBWVAg3FJGxTjcDs7Vj7S
5gZLMSAqgaaucnwwWtFt1k,"Home At Last",Waveshaper,https://open.spotify.com/track/5gZLMSAqgaaucnwwWtFt1k,spotify:track:5gZLMSAqgaaucnwwWtFt1k
4RZ5476mP0dy55Uh9qlZHk,"Fight Against Time",Waveshaper,https://open.spotify.com/track/4RZ5476mP0dy55Uh9qlZHk,spotify:track:4RZ5476mP0dy55Uh9qlZHk
4RZ5476mP0dy55Uh9qlZHk,"Fight Against Time",Waveshaper,https://open.spotify.com/track/4RZ5476mP0dy55Uh9qlZHk,spotify:track:4RZ5476mP0dy55Uh9qlZHk
4RZ5476mP0dy55Uh9qlZHk,"Fight Against Time",Waveshaper,https://open.spotify.com/track/4RZ5476mP0dy55Uh9qlZHk,spotify:track:4RZ5476mP0dy55Uh9qlZHk
4RZ5476mP0dy55Uh9qlZHk,"Fight Against Time",Waveshaper,https://open.spotify.com/track/4RZ5476mP0dy55Uh9qlZHk,spotify:track:4RZ5476mP0dy55Uh9qlZHk
6ZgAxPRLMYTiQ5zczTl0qX,"Endless Journey",Waveshaper,https://open.spotify.com/track/6ZgAxPRLMYTiQ5zczTl0qX,spotify:track:6ZgAxPRLMYTiQ5zczTl0qX
1VcC7vzqPZHTWT9qd745zw,"Future Vision",Waveshaper,https://open.spotify.com/track/1VcC7vzqPZHTWT9qd745zw,spotify:track:1VcC7vzqPZHTWT9qd745zw
4aBcXjUgZaYFHKuM1rneWf,"The Engineer Part II",Waveshaper,https://open.spotify.com/track/4aBcXjUgZaYFHKuM1rneWf,spotify:track:4aBcXjUgZaYFHKuM1rneWf
6MBYGCIojfR4cP8dR01s4a,"Vector Dream",Waveshaper,https://open.spotify.com/track/6MBYGCIojfR4cP8dR01s4a,spotify:track:6MBYGCIojfR4cP8dR01s4a
7nZ4fQfamHb4C8eJ5JA1ya,"Pixel Stars (feat. Robert Parker)","Waveshaper,Robert Parker",https://open.spotify.com/track/7nZ4fQfamHb4C8eJ5JA1ya,spotify:track:7nZ4fQfamHb4C8eJ5JA1ya
3yvlBfsPezfWH7IJl2VEIp,"Hardware Passion",Waveshaper,https://open.spotify.com/track/3yvlBfsPezfWH7IJl2VEIp,spotify:track:3yvlBfsPezfWH7IJl2VEIp
5VvKcmOTUzqgwwtUkZ4Ntt,"The Space Hero",Waveshaper,https://open.spotify.com/track/5VvKcmOTUzqgwwtUkZ4Ntt,spotify:track:5VvKcmOTUzqgwwtUkZ4Ntt
4mUuM9R8pIvEfHzB9WDGfV,"Airlock Love",Waveshaper,https://open.spotify.com/track/4mUuM9R8pIvEfHzB9WDGfV,spotify:track:4mUuM9R8pIvEfHzB9WDGfV
6XD8VmP41izfQNvBVdmo5w,"Escape to Eternity",Waveshaper,https://open.spotify.com/track/6XD8VmP41izfQNvBVdmo5w,spotify:track:6XD8VmP41izfQNvBVdmo5w
7LShjXzSIoSAfXjL8HYAzs,"Arps Sont Diamonds",Waveshaper,https://open.spotify.com/track/7LShjXzSIoSAfXjL8HYAzs,spotify:track:7LShjXzSIoSAfXjL8HYAzs
3ZKFqVbvXoQVgGplHOMvLd,Welcome,Waveshaper,https://open.spotify.com/track/3ZKFqVbvXoQVgGplHOMvLd,spotify:track:3ZKFqVbvXoQVgGplHOMvLd
7bEVCoARJ0Bba5Znt3Rawh,Galactical,Waveshaper,https://open.spotify.com/track/7bEVCoARJ0Bba5Znt3Rawh,spotify:track:7bEVCoARJ0Bba5Znt3Rawh
4DymQ2UuP9u9b9L3G5kV4Z,"Digital Predistortion",Waveshaper,https://open.spotify.com/track/4DymQ2UuP9u9b9L3G5kV4Z,spotify:track:4DymQ2UuP9u9b9L3G5kV4Z
5trK2RqYgc7KDo6qiNysz1,Infracity,Waveshaper,https://open.spotify.com/track/5trK2RqYgc7KDo6qiNysz1,spotify:track:5trK2RqYgc7KDo6qiNysz1
7z1h9AbosmH7VqEcNzoBwZ,"Battle to the End",Waveshaper,https://open.spotify.com/track/7z1h9AbosmH7VqEcNzoBwZ,spotify:track:7z1h9AbosmH7VqEcNzoBwZ
48OOzPBmUlp4zIHTvzz9c8,"Running Girl",Waveshaper,https://open.spotify.com/track/48OOzPBmUlp4zIHTvzz9c8,spotify:track:48OOzPBmUlp4zIHTvzz9c8
250IgIwVymMjrdTZgkUBBp,"Cybertronic Battle",Waveshaper,https://open.spotify.com/track/250IgIwVymMjrdTZgkUBBp,spotify:track:250IgIwVymMjrdTZgkUBBp
42oU8YVkTIEQl4hpHsFoC3,"Leaving Town",Waveshaper,https://open.spotify.com/track/42oU8YVkTIEQl4hpHsFoC3,spotify:track:42oU8YVkTIEQl4hpHsFoC3
73XHTApH7gboThVaeOQZEB,Monolith,Waveshaper,https://open.spotify.com/track/73XHTApH7gboThVaeOQZEB,spotify:track:73XHTApH7gboThVaeOQZEB
2BpsIZ9IvnWAPyAmCjh5FX,Retrospecious,Waveshaper,https://open.spotify.com/track/2BpsIZ9IvnWAPyAmCjh5FX,spotify:track:2BpsIZ9IvnWAPyAmCjh5FX
4qqYoKYq5pirtzBx26qwdM,"Population 102",Waveshaper,https://open.spotify.com/track/4qqYoKYq5pirtzBx26qwdM,spotify:track:4qqYoKYq5pirtzBx26qwdM
00Lg0gNZFJ7jFYpnruroeG,"Ground Is the Limit","We Are Magonia",https://open.spotify.com/track/00Lg0gNZFJ7jFYpnruroeG,spotify:track:00Lg0gNZFJ7jFYpnruroeG
4qLR4gAxwV1ma8lLm9I3tR,Interstellar,"Zombie Hyperdrive",https://open.spotify.com/track/4qLR4gAxwV1ma8lLm9I3tR,spotify:track:4qLR4gAxwV1ma8lLm9I3tR
5gHA5LKEy3oVe9t1uWD9yx,Rebound,NightmareOwl,https://open.spotify.com/track/5gHA5LKEy3oVe9t1uWD9yx,spotify:track:5gHA5LKEy3oVe9t1uWD9yx
6imbGEXYLn81CAnDXtcDUN,Encounter,"NightmareOwl,ALEX",https://open.spotify.com/track/6imbGEXYLn81CAnDXtcDUN,spotify:track:6imbGEXYLn81CAnDXtcDUN
731wnLuIxBdoqArAo7ls5U,Astrid,"The Encounter,Street Cleaner",https://open.spotify.com/track/731wnLuIxBdoqArAo7ls5U,spotify:track:731wnLuIxBdoqArAo7ls5U
2xzAGR7JdZnv5IrPn4Opyu,"Sunset Blvd","Lucy In Disguise",https://open.spotify.com/track/2xzAGR7JdZnv5IrPn4Opyu,spotify:track:2xzAGR7JdZnv5IrPn4Opyu
